{"name":"1b81f583-5f0e-4cdf-af1c-214308029147","id":"/providers/Microsoft.Flow/flows/1b81f583-5f0e-4cdf-af1c-214308029147","type":"Microsoft.Flow/flows","properties":{"apiId":"/providers/Microsoft.PowerApps/apis/shared_logicflows","displayName":"Amaggi_API_PowerApps","definition":{"metadata":{"workflowEntityId":null,"processAdvisorMetadata":null,"flowclientsuspensionreason":"None","flowclientsuspensiontime":null,"creator":{"id":"e6fa3311-d0c7-418c-85e4-e25522a6c1b2","type":"User","tenantId":"fddf0fb0-6be4-4e34-ace1-e795bc64c91f"},"provisioningMethod":"FromDefinition","failureAlertSubscription":true,"clientLastModifiedTime":"2022-05-01T02:38:06.9532048Z"},"$schema":"https://schema.management.azure.com/providers/Microsoft.Logic/schemas/2016-06-01/workflowdefinition.json#","contentVersion":"1.0.0.0","parameters":{"$connections":{"defaultValue":{},"type":"Object"},"$authentication":{"defaultValue":{},"type":"SecureObject"}},"triggers":{"manual":{"metadata":{"operationMetadataId":"0d2c7d20-7a6e-4818-a185-7764b3f05139"},"type":"Request","kind":"PowerAppV2","inputs":{"schema":{"type":"object","properties":{"number":{"title":"SPO_ID","type":"number","x-ms-dynamically-added":true,"description":"Please enter a number","x-ms-content-hint":"NUMBER"},"boolean":{"title":"AMBIENTE_DEV","type":"boolean","x-ms-dynamically-added":true,"description":"Please select yes or no","x-ms-content-hint":"BOOLEAN"}},"required":["number","boolean"]}}}},"actions":{"Obter_item":{"runAfter":{},"metadata":{"operationMetadataId":"2d828621-9181-453d-b9fd-74c8f9dc3786"},"type":"OpenApiConnection","inputs":{"host":{"apiId":"/providers/Microsoft.PowerApps/apis/shared_sharepointonline","connectionName":"shared_sharepointonline","operationId":"GetItem"},"parameters":{"dataset":"https://amspecllc.sharepoint.com/sites/AgriBrasil","table":"394876f0-27b2-4c73-b8e6-ff7a2f64da4f","id":"@triggerBody()['number']"},"authentication":{"value":"@json(decodeBase64(triggerOutputs().headers['X-MS-APIM-Tokens']))['$ConnectionKey']","type":"Raw"}}},"IP_Origem":{"runAfter":{"Obter_item":["Succeeded"]},"metadata":{"operationMetadataId":"56b61fce-94c1-44f4-8cef-861cec02e804"},"type":"Http","inputs":{"method":"GET","uri":"https://api.ipify.org/?format=json"}},"Condição":{"actions":{"Atualizar_item":{"runAfter":{"Certificado_Amaggi":["Succeeded"]},"metadata":{"operationMetadataId":"38e5e9c4-7274-4b8e-9d57-573940edf824"},"type":"OpenApiConnection","inputs":{"host":{"apiId":"/providers/Microsoft.PowerApps/apis/shared_sharepointonline","connectionName":"shared_sharepointonline","operationId":"PatchItem"},"parameters":{"dataset":"https://amspecllc.sharepoint.com/sites/AgriBrasil","table":"394876f0-27b2-4c73-b8e6-ff7a2f64da4f","id":"@outputs('Obter_item')?['body/ID']","item/Title":"@outputs('Obter_item')?['body/Title']","item/Navio":"@outputs('Obter_item')?['body/Navio']","item/ETB":"@outputs('Obter_item')?['body/ETB']","item/ETA":"@outputs('Obter_item')?['body/ETA']","item/StatusdeEnvio/Value":"Enviado","item/DatadeEnvio":"@utcNow()","item/Enviadopor/Claims":"i:0#.f|membership|@{triggerOutputs()['headers']['x-ms-user-email']}","item/IPdeEnvio":"@body('IP_Origem')['ip']"},"authentication":{"value":"@json(decodeBase64(triggerOutputs().headers['X-MS-APIM-Tokens']))['$ConnectionKey']","type":"Raw"}}},"Auth_Amaggi_API":{"runAfter":{},"metadata":{"operationMetadataId":"cdb0879e-0fdf-45c3-b295-394ad143c0de"},"type":"Http","inputs":{"method":"POST","uri":"https://api.amaggi.com.br:6244/ComexQualidadeAPI/v1/account/login","body":{"usuario":"autenticacao.supervi","senha":"jWEsOlAUMRW9hWcS9fgYgtSTPfwDEvk3aLSZRX3RwQIbA/7VXb8SnojNsulIHMJi"}}},"Certificado_Amaggi":{"runAfter":{"Auth_Amaggi_API":["Succeeded"]},"metadata":{"operationMetadataId":"25b8821c-8f39-4e2e-a346-1c596a87c1ab"},"type":"Http","inputs":{"method":"POST","uri":"https://api.amaggi.com.br:6244/ComexQualidadeAPI/Certificado","headers":{"Authorization":"Bearer @{body('Auth_Amaggi_API')['token']}","Content-Type":"application/json"},"body":[{"iD_CERTIFICADO_QUALIDADE":0,"dS_SUPERVISORA":"AmSpec","iD_CERTIFICADO":"AGRI/BR/@{outputs('Obter_item')?['body/Title']}/@{outputs('Obter_item')?['body/Split/Value']}","dS_NAVIO":"@{outputs('Obter_item')?['body/Navio']}","dS_PORTO":"@{outputs('Obter_item')?['body/Porto/Value']}","dS_PAIS":"Brasil","dS_PRODUTO":"@{outputs('Obter_item')?['body/Produto/Value']}","dT_ETA":"@{addHours(outputs('Obter_item')?['body/ETA'],-3)}","dT_ETB":"@{addHours(outputs('Obter_item')?['body/ETB'],-3)}","certificadO_DET":{"iD_CERTIFICADO_QUALIDADE_DET":0,"iD_CERTIFICADO_QUALIDADE":0,"damageD_KERNELS":"@if(equals(outputs('Obter_item')?['body/TotaldeAvariados'],null),0,outputs('Obter_item')?['body/TotaldeAvariados'])","broken":"@if(equals(outputs('Obter_item')?['body/Quebrados'],null),0,outputs('Obter_item')?['body/Quebrados'])","immaturE_WAFER":"@if(equals(outputs('Obter_item')?['body/Imaturos'],null),0,outputs('Obter_item')?['body/Imaturos'])","insecT_BORED":"@if(equals(outputs('Obter_item')?['body/Picados'],null),0,outputs('Obter_item')?['body/Picados'])","mold":"@if(equals(outputs('Obter_item')?['body/Mofados'],null),0,outputs('Obter_item')?['body/Mofados'])","sprouT_DAMAGED":"@if(equals(outputs('Obter_item')?['body/Germinados'],null),0,outputs('Obter_item')?['body/Germinados'])","shriveleD_WRINKLED":"@if(equals(outputs('Obter_item')?['body/Gessados'],null),0,outputs('Obter_item')?['body/Gessados'])","heaT_DAMAGED":"@if(equals(outputs('Obter_item')?['body/Ardidos'],null),0,outputs('Obter_item')?['body/Ardidos'])","burned":"@if(equals(outputs('Obter_item')?['body/Queimados'],null),0,outputs('Obter_item')?['body/Queimados'])","impuritieS_FOREIGN_MATTERS":"@if(equals(outputs('Obter_item')?['body/MEI'],null),0,outputs('Obter_item')?['body/MEI'])","wheatheR_DAMAGE":0,"greenish":"@if(equals(outputs('Obter_item')?['body/Esverdeados'],null),0,outputs('Obter_item')?['body/Esverdeados'])","aflatoxiN_B1":0,"aflatoxiN_B2":0,"aflatoxiN_G1":0,"aflatoxiN_G2":0,"aflatoxiN_CALC":"@if(equals(outputs('Obter_item')?['body/Aflatoxina'],null),0,outputs('Obter_item')?['body/Aflatoxina'])","fumonisiN_B1":0,"fumonisiN_B2":0,"fumonisiN_CALC":0,"zearalenone":0,"ochratoxin":0,"vomitoxin":0,"t2_TOXIN":0,"hT2_TOXIN":0,"phosphides":0,"cyanides":0,"malathion":0,"ethylenE_DI_BROMIDE":0,"oiL_CONTENT":"@if(equals(outputs('Obter_item')?['body/OData__x00d3_leo'],null),0,outputs('Obter_item')?['body/OData__x00d3_leo'])","protein":"@if(equals(outputs('Obter_item')?['body/Prote_x00ed_na'],null),0,outputs('Obter_item')?['body/Prote_x00ed_na'])","fiber":0,"sanD_AND_SILICA":0,"ash":0,"ureasE_ACTIVITY":0,"salmonellA_SP":0,"melamine":0,"freE_FATTY_ACID":"@if(equals(outputs('Obter_item')?['body/FREEFATTYACID'],null),0,outputs('Obter_item')?['body/FREEFATTYACID'])","moisturE_VOLATILE_MATTER":"@if(equals(outputs('Obter_item')?['body/Umidade'],null),0,outputs('Obter_item')?['body/Umidade'])","sedimenT_GARDNER_BREAK_TEST":"@if(equals(outputs('Obter_item')?['body/SEDIMENT_x0028_GARDNERBREAKTEST_'],null),0,outputs('Obter_item')?['body/SEDIMENT_x0028_GARDNERBREAKTEST_'])","insolublE_IMPURITIES":"@if(equals(outputs('Obter_item')?['body/INSOLUBLEIMPURITIES'],null),0,outputs('Obter_item')?['body/INSOLUBLEIMPURITIES'])","soap":"@if(equals(outputs('Obter_item')?['body/SOAP'],null),0,outputs('Obter_item')?['body/SOAP'])","unsaponifiablE_MATTER":"@if(equals(outputs('Obter_item')?['body/UNSAPONIFIABLEMATTER_x0028_TESTA'],null),0,outputs('Obter_item')?['body/UNSAPONIFIABLEMATTER_x0028_TESTA'])","flashpoint":"@if(equals(outputs('Obter_item')?['body/FLASHPOINT'],null),0,outputs('Obter_item')?['body/FLASHPOINT'])","lecithiN_PHOSPHORUS":"@if(equals(outputs('Obter_item')?['body/LECITHIN_x0028_EXPRESSASPHOSPHOR'],null),0,outputs('Obter_item')?['body/LECITHIN_x0028_EXPRESSASPHOSPHOR'])","colouR_YELLOW":"@if(equals(outputs('Obter_item')?['body/COLOURYELLOW_x0028_LOVIBONDCELL1'],null),0,outputs('Obter_item')?['body/COLOURYELLOW_x0028_LOVIBONDCELL1'])","colouR_RED":"@if(equals(outputs('Obter_item')?['body/COLOURRED_x0028_LOVIBONDCELL1INC'],null),0,outputs('Obter_item')?['body/COLOURRED_x0028_LOVIBONDCELL1INC'])","clorophyle":"@if(equals(outputs('Obter_item')?['body/CHLOROPHYLE'],null),0,outputs('Obter_item')?['body/CHLOROPHYLE'])","mineraL_OIL":"@if(equals(outputs('Obter_item')?['body/MINERALOIL'],null),0,outputs('Obter_item')?['body/MINERALOIL'])","haP_SUM":"@if(equals(outputs('Obter_item')?['body/TOTALBENZO_x0028_A_x0029_PYRENE_'],null),0,outputs('Obter_item')?['body/TOTALBENZO_x0028_A_x0029_PYRENE_'])","benzO_PYRENE":"@if(equals(outputs('Obter_item')?['body/BENZO_x0028_A_x0029_PYRENE'],null),0,outputs('Obter_item')?['body/BENZO_x0028_A_x0029_PYRENE'])","leaD_PB":0,"cuppeR_CU":0,"iroN_FE":0,"mercurY_HG":0,"cadmiuM_CD":0,"arseniC_AS":0,"tesT_WEIGHT_PH":"@if(equals(outputs('Obter_item')?['body/Chochos'],null),0,outputs('Obter_item')?['body/Chochos'])","temperature":0,"otheR_GRAINS":0,"oil":0}}]}}},"runAfter":{"IP_Origem":["Succeeded"]},"else":{"actions":{"Resposta":{"runAfter":{},"metadata":{"operationMetadataId":"108299fe-8cb9-4202-bb04-02474a223583"},"type":"Response","kind":"Http","inputs":{"statusCode":200,"body":[{"iD_CERTIFICADO_QUALIDADE":0,"dS_SUPERVISORA":"string","iD_CERTIFICADO":"AGRI/BR/@{outputs('Obter_item')?['body/Title']}/@{outputs('Obter_item')?['body/Split/Value']}","dS_NAVIO":"@{outputs('Obter_item')?['body/Navio']}","dS_PORTO":"@{outputs('Obter_item')?['body/Porto/Value']}","dS_PAIS":"Brasil","dS_PRODUTO":"@{outputs('Obter_item')?['body/Produto/Value']}","dT_ETA":"@{addHours(outputs('Obter_item')?['body/ETA'],-3)}","dT_ETB":"@{addHours(outputs('Obter_item')?['body/ETB'],-3)}","certificadO_DET":{"iD_CERTIFICADO_QUALIDADE_DET":0,"iD_CERTIFICADO_QUALIDADE":0,"damageD_KERNELS":"@if(equals(outputs('Obter_item')?['body/TotaldeAvariados'],null),0,outputs('Obter_item')?['body/TotaldeAvariados'])","broken":"@if(equals(outputs('Obter_item')?['body/Quebrados'],null),0,outputs('Obter_item')?['body/Quebrados'])","immaturE_WAFER":"@if(equals(outputs('Obter_item')?['body/Imaturos'],null),0,outputs('Obter_item')?['body/Imaturos'])","insecT_BORED":"@if(equals(outputs('Obter_item')?['body/Picados'],null),0,outputs('Obter_item')?['body/Picados'])","mold":"@if(equals(outputs('Obter_item')?['body/Mofados'],null),0,outputs('Obter_item')?['body/Mofados'])","sprouT_DAMAGED":"@if(equals(outputs('Obter_item')?['body/Germinados'],null),0,outputs('Obter_item')?['body/Germinados'])","shriveleD_WRINKLED":"@if(equals(outputs('Obter_item')?['body/Gessados'],null),0,outputs('Obter_item')?['body/Gessados'])","heaT_DAMAGED":"@if(equals(outputs('Obter_item')?['body/Ardidos'],null),0,outputs('Obter_item')?['body/Ardidos'])","burned":"@if(equals(outputs('Obter_item')?['body/Queimados'],null),0,outputs('Obter_item')?['body/Queimados'])","impuritieS_FOREIGN_MATTERS":"@if(equals(outputs('Obter_item')?['body/MEI'],null),0,outputs('Obter_item')?['body/MEI'])","wheatheR_DAMAGE":0,"greenish":"@if(equals(outputs('Obter_item')?['body/Esverdeados'],null),0,outputs('Obter_item')?['body/Esverdeados'])","aflatoxiN_B1":0,"aflatoxiN_B2":0,"aflatoxiN_G1":0,"aflatoxiN_G2":0,"aflatoxiN_CALC":"@if(equals(outputs('Obter_item')?['body/Aflatoxina'],null),0,outputs('Obter_item')?['body/Aflatoxina'])","fumonisiN_B1":0,"fumonisiN_B2":0,"fumonisiN_CALC":0,"zearalenone":0,"ochratoxin":0,"vomitoxin":0,"t2_TOXIN":0,"hT2_TOXIN":0,"phosphides":0,"cyanides":0,"malathion":0,"ethylenE_DI_BROMIDE":0,"oiL_CONTENT":"@if(equals(outputs('Obter_item')?['body/OData__x00d3_leo'],null),0,outputs('Obter_item')?['body/OData__x00d3_leo'])","protein":"@if(equals(outputs('Obter_item')?['body/Prote_x00ed_na'],null),0,outputs('Obter_item')?['body/Prote_x00ed_na'])","fiber":0,"sanD_AND_SILICA":0,"ash":0,"ureasE_ACTIVITY":0,"salmonellA_SP":0,"melamine":0,"freE_FATTY_ACID":"@if(equals(outputs('Obter_item')?['body/FREEFATTYACID'],null),0,outputs('Obter_item')?['body/FREEFATTYACID'])","moisturE_VOLATILE_MATTER":"@if(equals(outputs('Obter_item')?['body/Umidade'],null),0,outputs('Obter_item')?['body/Umidade'])","sedimenT_GARDNER_BREAK_TEST":"@if(equals(outputs('Obter_item')?['body/SEDIMENT_x0028_GARDNERBREAKTEST_'],null),0,outputs('Obter_item')?['body/SEDIMENT_x0028_GARDNERBREAKTEST_'])","insolublE_IMPURITIES":"@if(equals(outputs('Obter_item')?['body/INSOLUBLEIMPURITIES'],null),0,outputs('Obter_item')?['body/INSOLUBLEIMPURITIES'])","soap":"@if(equals(outputs('Obter_item')?['body/SOAP'],null),0,outputs('Obter_item')?['body/SOAP'])","unsaponifiablE_MATTER":"@if(equals(outputs('Obter_item')?['body/UNSAPONIFIABLEMATTER_x0028_TESTA'],null),0,outputs('Obter_item')?['body/UNSAPONIFIABLEMATTER_x0028_TESTA'])","flashpoint":"@if(equals(outputs('Obter_item')?['body/FLASHPOINT'],null),0,outputs('Obter_item')?['body/FLASHPOINT'])","lecithiN_PHOSPHORUS":"@if(equals(outputs('Obter_item')?['body/LECITHIN_x0028_EXPRESSASPHOSPHOR'],null),0,outputs('Obter_item')?['body/LECITHIN_x0028_EXPRESSASPHOSPHOR'])","colouR_YELLOW":"@if(equals(outputs('Obter_item')?['body/COLOURYELLOW_x0028_LOVIBONDCELL1'],null),0,outputs('Obter_item')?['body/COLOURYELLOW_x0028_LOVIBONDCELL1'])","colouR_RED":"@if(equals(outputs('Obter_item')?['body/COLOURRED_x0028_LOVIBONDCELL1INC'],null),0,outputs('Obter_item')?['body/COLOURRED_x0028_LOVIBONDCELL1INC'])","clorophyle":"@if(equals(outputs('Obter_item')?['body/CHLOROPHYLE'],null),0,outputs('Obter_item')?['body/CHLOROPHYLE'])","mineraL_OIL":"@if(equals(outputs('Obter_item')?['body/MINERALOIL'],null),0,outputs('Obter_item')?['body/MINERALOIL'])","haP_SUM":"@if(equals(outputs('Obter_item')?['body/TOTALBENZO_x0028_A_x0029_PYRENE_'],null),0,outputs('Obter_item')?['body/TOTALBENZO_x0028_A_x0029_PYRENE_'])","benzO_PYRENE":"@if(equals(outputs('Obter_item')?['body/BENZO_x0028_A_x0029_PYRENE'],null),0,outputs('Obter_item')?['body/BENZO_x0028_A_x0029_PYRENE'])","leaD_PB":0,"cuppeR_CU":0,"iroN_FE":0,"mercurY_HG":0,"cadmiuM_CD":0,"arseniC_AS":0,"tesT_WEIGHT_PH":"@if(equals(outputs('Obter_item')?['body/Chochos'],null),0,outputs('Obter_item')?['body/Chochos'])","temperature":0,"otheR_GRAINS":0,"oil":0}}],"schema":{"type":"array","items":{"type":"object","properties":{"iD_CERTIFICADO_QUALIDADE":{"type":"integer"},"dS_SUPERVISORA":{"type":"string"},"iD_CERTIFICADO":{"type":"string"},"dS_NAVIO":{"type":"string"},"dS_PORTO":{"type":"string"},"dS_PAIS":{"type":"string"},"dS_PRODUTO":{"type":"string"},"dT_ETA":{"type":"string"},"dT_ETB":{"type":"string"},"certificadO_DET":{"type":"object","properties":{"iD_CERTIFICADO_QUALIDADE_DET":{"type":"integer"},"iD_CERTIFICADO_QUALIDADE":{"type":"integer"},"damageD_KERNELS":{"type":"integer"},"broken":{"type":"integer"},"immaturE_WAFER":{"type":"integer"},"insecT_BORED":{"type":"integer"},"mold":{"type":"integer"},"sprouT_DAMAGED":{"type":"integer"},"shriveleD_WRINKLED":{"type":"integer"},"heaT_DAMAGED":{"type":"integer"},"burned":{"type":"integer"},"impuritieS_FOREIGN_MATTERS":{"type":"integer"},"wheatheR_DAMAGE":{"type":"integer"},"greenish":{"type":"integer"},"aflatoxiN_B1":{"type":"integer"},"aflatoxiN_B2":{"type":"integer"},"aflatoxiN_G1":{"type":"integer"},"aflatoxiN_G2":{"type":"integer"},"aflatoxiN_CALC":{"type":"integer"},"fumonisiN_B1":{"type":"integer"},"fumonisiN_B2":{"type":"integer"},"fumonisiN_CALC":{"type":"integer"},"zearalenone":{"type":"integer"},"ochratoxin":{"type":"integer"},"vomitoxin":{"type":"integer"},"t2_TOXIN":{"type":"integer"},"hT2_TOXIN":{"type":"integer"},"phosphides":{"type":"integer"},"cyanides":{"type":"integer"},"malathion":{"type":"integer"},"ethylenE_DI_BROMIDE":{"type":"integer"},"oiL_CONTENT":{"type":"integer"},"protein":{"type":"integer"},"fiber":{"type":"integer"},"sanD_AND_SILICA":{"type":"integer"},"ash":{"type":"integer"},"ureasE_ACTIVITY":{"type":"integer"},"salmonellA_SP":{"type":"integer"},"melamine":{"type":"integer"},"freE_FATTY_ACID":{"type":"integer"},"moisturE_VOLATILE_MATTER":{"type":"integer"},"sedimenT_GARDNER_BREAK_TEST":{"type":"integer"},"insolublE_IMPURITIES":{"type":"integer"},"soap":{"type":"integer"},"unsaponifiablE_MATTER":{"type":"integer"},"flashpoint":{"type":"integer"},"lecithiN_PHOSPHORUS":{"type":"integer"},"colouR_YELLOW":{"type":"integer"},"colouR_RED":{"type":"integer"},"clorophyle":{"type":"integer"},"mineraL_OIL":{"type":"integer"},"haP_SUM":{"type":"integer"},"benzO_PYRENE":{"type":"integer"},"leaD_PB":{"type":"integer"},"cuppeR_CU":{"type":"integer"},"iroN_FE":{"type":"integer"},"mercurY_HG":{"type":"integer"},"cadmiuM_CD":{"type":"integer"},"arseniC_AS":{"type":"integer"},"tesT_WEIGHT_PH":{"type":"integer"},"temperature":{"type":"integer"},"otheR_GRAINS":{"type":"integer"},"oil":{"type":"integer"}}}},"required":["iD_CERTIFICADO_QUALIDADE","dS_SUPERVISORA","iD_CERTIFICADO","dS_NAVIO","dS_PORTO","dS_PAIS","dS_PRODUTO","dT_ETA","dT_ETB","certificadO_DET"]}}}}}},"expression":{"equals":["@triggerBody()['boolean']",true]},"metadata":{"operationMetadataId":"1953494d-155f-4c35-b82c-20c910ffb470"},"type":"If"}}},"connectionReferences":{"shared_sharepointonline":{"connectionName":"d0ed5079cc724550980fd6fb3df8dac4","source":"Invoker","id":"/providers/Microsoft.PowerApps/apis/shared_sharepointonline","tier":"NotSpecified"}},"flowFailureAlertSubscribed":false,"isManaged":false}}