{"schemaVersion":"1.0","appDefinitionTemplate":{"id":"/providers/Microsoft.PowerApps/apps/","type":"Microsoft.PowerApps/apps","tags":{"sp-site-id":"https://amspecllc.sharepoint.com/sites/EuropeTeam/Croatia","sp-list-id":"49b3f4e1-9832-4502-8bc1-249bdb896db0","https://amspecllc.sharepoint.com/sites/EuropeTeam/Croatia":"49b3f4e1-9832-4502-8bc1-249bdb896db0","primaryDeviceWidth":"640","primaryDeviceHeight":"1136","sienaVersion":"20210310T085602Z-3.21024.25.0","deviceCapabilities":"","supportsPortrait":"true","supportsLandscape":"false","primaryFormFactor":"Phone","publisherVersion":"3.21024.25","minimumRequiredApiVersion":"2.2.0","hasComponent":"false","hasUnlockedComponent":"false","isUnifiedRootApp":"false"},"properties":{"appVersion":"2021-03-10T08:56:02Z","lifeCycleId":"Published","createdByClientVersion":{"major":3,"minor":21024,"build":25,"revision":0,"majorRevision":0,"minorRevision":0},"minClientVersion":{"major":3,"minor":21024,"build":25,"revision":0,"majorRevision":0,"minorRevision":0},"backgroundColor":"rgba(0, 176, 240, 1)","backgroundImageUri":"/8612154934531849116/Nd6a21988-e830-48b5-9598-4815b04b8c0c-logoSmallFile","displayName":"jobs","description":"","commitMessage":"","appUris":{"documentUri":{"value":"/8612154934531849116/N37653134-6f5b-4abe-943e-993dcfb9d236-document.msapp"},"imageUris":[]},"createdTime":"0001-01-01T00:00:00Z","lastModifiedTime":"0001-01-01T00:00:00Z","sharedGroupsCount":0,"sharedUsersCount":0,"icons":{"smallIconUri":"/8612154934531849116/N13b2fac2-1d5e-4a2c-88d2-1c4c69d2fd57-small.png","mediumIconUri":"/8612154934531849116/N56b3ca8a-57ec-4607-a6e4-a9a508caefdb-medium.png","largeIconUri":"/8612154934531849116/N88cad4e4-1d07-4212-8756-8fd001ed1f06-large.png","wideIconUri":"/8612154934531849116/N54e8a6e1-b303-4f2d-bc52-6acc119703e0-wide.png"},"connectionReferences":{"3402941d-af3a-4682-8c83-ecd73cb44c78":{"id":"11a93981-676c-4606-a07f-edd11d7114a2","displayName":"SharePoint","iconUri":"https://connectoricons-prod.azureedge.net/releases/v1.0.1445/1.0.1445.2347/sharepointonline/icon.png","dataSources":["share_jobs"],"dependencies":[],"dependents":[],"parameterHints":{},"isOnPremiseConnection":false,"dataSets":{"https://amspecllc.sharepoint.com/sites/EuropeTeam/Croatia":{"dataSources":{"share_jobs":{"tableName":"49b3f4e1-9832-4502-8bc1-249bdb896db0"}}}},"apiTier":"Standard","isCustomApiConnection":false}},"databaseReferences":{},"almMode":"Environment","performanceOptimizationEnabled":true,"canConsumeAppPass":true,"executionRestrictions":{"isTeamsOnly":false,"dataLossPreventionEvaluationResult":{"status":"Compliant","lastEvaluationDate":"2021-03-10T08:56:13.3057306Z","violationDetails":[]}}},"isAppComponentLibrary":false,"appType":"ClassicCanvasApp","appComponents":[]}}