{"schemaVersion":"1.0","appDefinitionTemplate":{"id":"/providers/Microsoft.PowerApps/apps/","type":"Microsoft.PowerApps/apps","tags":{"primaryDeviceWidth":"444","primaryDeviceHeight":"790","sienaVersion":"20210315T125549Z-3.21024.25.0","deviceCapabilities":"","supportsPortrait":"true","supportsLandscape":"false","primaryFormFactor":"Web","publisherVersion":"3.21024.25","minimumRequiredApiVersion":"2.2.0","hasComponent":"false","hasUnlockedComponent":"false","isUnifiedRootApp":"false"},"properties":{"appVersion":"2021-03-15T12:55:49Z","lifeCycleId":"Published","createdByClientVersion":{"major":3,"minor":21024,"build":25,"revision":0,"majorRevision":0,"minorRevision":0},"minClientVersion":{"major":3,"minor":21024,"build":25,"revision":0,"majorRevision":0,"minorRevision":0},"backgroundColor":"rgba(0, 176, 240, 1)","backgroundImageUri":"/1649164578140707243/Nf1dfadd2-6767-417b-ad10-9f43a5edf054-logoSmallFile","displayName":"Documents on Croatia forms","description":"","commitMessage":"","appUris":{"documentUri":{"value":"/1649164578140707243/N5ede5545-3e78-46af-b9d1-99ccc23ec0f2-document.msapp"},"imageUris":[]},"createdTime":"0001-01-01T00:00:00Z","lastModifiedTime":"0001-01-01T00:00:00Z","sharedGroupsCount":0,"sharedUsersCount":0,"icons":{"smallIconUri":"/1649164578140707243/N29fc668e-69b9-42e2-b6b5-2e393d1d9286-small.png","mediumIconUri":"/1649164578140707243/N3a922100-375c-4715-9be5-e3027eb84d78-medium.png","largeIconUri":"/1649164578140707243/N60f12ad7-671a-4eff-8eb1-abd70e06d67e-large.png","wideIconUri":"/1649164578140707243/N4511884b-af21-4b3a-ac39-89529247964a-wide.png"},"connectionReferences":{"2d7572f0-863f-4de1-911c-152483068f6d":{"id":"11a93981-676c-4606-a07f-edd11d7114a2","displayName":"SharePoint","iconUri":"https://connectoricons-prod.azureedge.net/releases/v1.0.1445/1.0.1445.2347/sharepointonline/icon.png","dataSources":["Documents"],"dependencies":[],"dependents":[],"parameterHints":{},"isOnPremiseConnection":false,"dataSets":{"https://amspecllc.sharepoint.com/sites/EuropeTeam/Croatia":{"dataSources":{"Documents":{"tableName":"24997ebd-fbbe-410c-bcbd-37a56481253e"}}}},"apiTier":"Standard","isCustomApiConnection":false}},"databaseReferences":{},"embeddedApp":{"siteId":"https://amspecllc.sharepoint.com/sites/EuropeTeam/Croatia","listId":"24997ebd-fbbe-410c-bcbd-37a56481253e","listUrl":"https://amspecllc.sharepoint.com/sites/EuropeTeam/Croatia/Shared Documents/Forms/AllItems.aspx","type":"SharepointFormApp","screenWidth":444,"screenHeight":790},"almMode":"Environment","performanceOptimizationEnabled":true,"canConsumeAppPass":true,"executionRestrictions":{"isTeamsOnly":false,"dataLossPreventionEvaluationResult":{"status":"Compliant","lastEvaluationDate":"2021-03-15T12:56:00.375064Z","violationDetails":[]}}},"isAppComponentLibrary":false,"appType":"ClassicCanvasApp","appComponents":[]}}