{"name":"17606f05-cb18-4985-b25f-ebae8fd1b052","id":"/providers/Microsoft.Flow/flows/17606f05-cb18-4985-b25f-ebae8fd1b052","type":"Microsoft.Flow/flows","properties":{"apiId":"/providers/Microsoft.PowerApps/apis/shared_logicflows","displayName":"Send Notification when file is uploaded to Applications Repository On OneDrive","definition":{"metadata":{"workflowEntityId":null,"flowclientsuspensionreason":"NeverTriggeringDetected","flowclientsuspensiontime":"2022-05-20T16:29:16.9404478Z","creator":{"id":"92b54cd9-a569-4d92-bca0-4f330d1ea600","type":"User","tenantId":"fddf0fb0-6be4-4e34-ace1-e795bc64c91f"},"provisioningMethod":"FromDefinition","failureAlertSubscription":true,"clientLastModifiedTime":"2021-01-05T17:27:32.2083324Z","processAdvisorMetadata":null},"$schema":"https://schema.management.azure.com/providers/Microsoft.Logic/schemas/2016-06-01/workflowdefinition.json#","contentVersion":"1.0.0.0","parameters":{"$connections":{"defaultValue":{},"type":"Object"},"$authentication":{"defaultValue":{},"type":"SecureObject"},"odb.folderPath":{"defaultValue":"","type":"String"}},"triggers":{"When_a_file_is_created_(metadata_only)":{"recurrence":{"frequency":"Minute","interval":5},"splitOn":"@triggerOutputs()?['body']","metadata":{"b!ILI_f-OOAEGJOR8nbWQ-q8VyNTxtY6lJnyDwCAAJxE0u4f6eUerQTbhasYBSm8wk.01EVMX4772CMTSA5IRHFF2HGATTHHQQ77V":"/Applications repository"},"type":"OpenApiConnection","inputs":{"host":{"apiId":"/providers/Microsoft.PowerApps/apis/shared_onedriveforbusiness","connectionName":"shared_onedriveforbusiness","operationId":"OnNewFiles"},"parameters":{"folderId":"b!ILI_f-OOAEGJOR8nbWQ-q8VyNTxtY6lJnyDwCAAJxE0u4f6eUerQTbhasYBSm8wk.01EVMX4772CMTSA5IRHFF2HGATTHHQQ77V"},"authentication":"@parameters('$authentication')"}}},"actions":{"Send_email":{"runAfter":{},"type":"OpenApiConnection","inputs":{"host":{"apiId":"/providers/Microsoft.PowerApps/apis/shared_sendmail","connectionName":"shared_sendmail","operationId":"SendEmail"},"parameters":{"request/to":"Jeffrey.Brewer@amspecllc.com;raj.macwan@amspecllc.com;John.Millan@amspecgroup.com;Amr.Guenena@amspecgroup.com;","request/subject":"A new file has uploaded to Applications repository in OneDrive ","request/text":"New file added: @{triggerOutputs()?['body/Name']}. It's located at: @{triggerOutputs()?['body/Path']}","request/ishtml":true},"authentication":"@parameters('$authentication')"}}},"outputs":{},"description":"Notify an email address when a new file is added to OneDrive for Business."},"connectionReferences":{"shared_sendmail":{"connectionName":"shared-sendmail-51e0f742-cdc7-4a4d-a543-f7fc-4003fa11","source":"Embedded","id":"/providers/Microsoft.PowerApps/apis/shared_sendmail","tier":"NotSpecified"},"shared_onedriveforbusiness":{"connectionName":"shared-onedriveforbu-43a34982-175d-490c-96dd-1d65-c3a83008","source":"Embedded","id":"/providers/Microsoft.PowerApps/apis/shared_onedriveforbusiness","tier":"NotSpecified"}},"flowFailureAlertSubscribed":false,"isManaged":false}}