{"name":"f62e7a53-d258-43c6-8a43-3315b064f4af","id":"/providers/Microsoft.Flow/flows/f62e7a53-d258-43c6-8a43-3315b064f4af","type":"Microsoft.Flow/flows","properties":{"apiId":"/providers/Microsoft.PowerApps/apis/shared_logicflows","displayName":"ObterItem","definition":{"metadata":{"workflowEntityId":null,"flowclientsuspensionreason":"None","flowclientsuspensiontime":null,"creator":{"id":"e6fa3311-d0c7-418c-85e4-e25522a6c1b2","type":"User","tenantId":"fddf0fb0-6be4-4e34-ace1-e795bc64c91f"},"provisioningMethod":"FromDefinition","failureAlertSubscription":true,"clientLastModifiedTime":"2021-01-12T22:44:39.1824254Z","processAdvisorMetadata":null},"$schema":"https://schema.management.azure.com/providers/Microsoft.Logic/schemas/2016-06-01/workflowdefinition.json#","contentVersion":"1.0.0.0","parameters":{"$connections":{"defaultValue":{},"type":"Object"},"$authentication":{"defaultValue":{},"type":"SecureObject"}},"triggers":{"manual":{"type":"Request","kind":"PowerApp","inputs":{"schema":{"type":"object","properties":{"IDPai_Valor":{"type":"integer","description":"Inserir valor inicial","x-ms-powerflows-param-ispartial":false},"VarPorto_Valor":{"type":"string","description":"Inserir valor inicial","x-ms-powerflows-param-ispartial":false}},"required":["IDPai_Valor","VarPorto_Valor"]}}}},"actions":{"Condição":{"actions":{"Aplicar_a_cada":{"foreach":"@body('Matriz_do_filtro')","actions":{"Atualizar_item":{"runAfter":{},"type":"OpenApiConnection","inputs":{"host":{"apiId":"/providers/Microsoft.PowerApps/apis/shared_sharepointonline","connectionName":"shared_sharepointonline","operationId":"PatchItem"},"parameters":{"dataset":"https://amspecllc.sharepoint.com/sites/PortaldoCliente-AgriBrasil/ECFTO","table":"ef447245-4890-4156-80cb-9476318f4a48","id":"@item()?['ID']","item/Title":"@outputs('Obter_item_3')?['body/Title']","item/Sigla":"@outputs('Obter_item_3')?['body/Sigla']","item/Estado":"@outputs('Obter_item_3')?['body/Estado']","item/Pai":"@outputs('Obter_item_3')?['body/Pa_x00ed_s']"},"authentication":{"value":"@json(decodeBase64(triggerOutputs().headers['X-MS-APIM-Tokens']))['$ConnectionKey']","type":"Raw"}}}},"runAfter":{},"type":"Foreach"}},"runAfter":{"Matriz_do_filtro":["Succeeded"]},"else":{"actions":{"Atualizar_item_2":{"runAfter":{"Criar_item":["Succeeded"]},"type":"OpenApiConnection","inputs":{"host":{"apiId":"/providers/Microsoft.PowerApps/apis/shared_sharepointonline","connectionName":"shared_sharepointonline","operationId":"PatchItem"},"parameters":{"dataset":"https://amspecllc.sharepoint.com/sites/AgriBrasil","table":"3cc60c42-4226-407c-a540-3cdfd1e47bf0","id":"@variables('ID Pai')","item/Title":"@outputs('Obter_item_3')?['body/Title']","item/IDSub":"@outputs('Criar_item')?['body/ID']"},"authentication":{"value":"@json(decodeBase64(triggerOutputs().headers['X-MS-APIM-Tokens']))['$ConnectionKey']","type":"Raw"}}},"Criar_item":{"runAfter":{},"type":"OpenApiConnection","inputs":{"host":{"apiId":"/providers/Microsoft.PowerApps/apis/shared_sharepointonline","connectionName":"shared_sharepointonline","operationId":"PostItem"},"parameters":{"dataset":"https://amspecllc.sharepoint.com/sites/PortaldoCliente-AgriBrasil/ECFTO","table":"ef447245-4890-4156-80cb-9476318f4a48","item/Title":"@outputs('Obter_item_3')?['body/Title']","item/Sigla":"@outputs('Obter_item_3')?['body/Sigla']","item/Estado":"@outputs('Obter_item_3')?['body/Estado']","item/Pai":"@outputs('Obter_item_3')?['body/Pa_x00ed_s']"},"authentication":{"value":"@json(decodeBase64(triggerOutputs().headers['X-MS-APIM-Tokens']))['$ConnectionKey']","type":"Raw"}}}}},"expression":{"not":{"equals":["@length(body('Matriz_do_filtro'))",0]}},"type":"If"},"Obter_itens":{"runAfter":{"ID_Pai":["Succeeded"]},"type":"OpenApiConnection","inputs":{"host":{"apiId":"/providers/Microsoft.PowerApps/apis/shared_sharepointonline","connectionName":"shared_sharepointonline","operationId":"GetItems"},"parameters":{"dataset":"https://amspecllc.sharepoint.com/sites/PortaldoCliente-AgriBrasil/ECFTO","table":"ef447245-4890-4156-80cb-9476318f4a48","$filter":"ID ne null"},"authentication":{"value":"@json(decodeBase64(triggerOutputs().headers['X-MS-APIM-Tokens']))['$ConnectionKey']","type":"Raw"}}},"Matriz_do_filtro":{"runAfter":{"Obter_item_3":["Succeeded"]},"type":"Query","inputs":{"from":"@outputs('Obter_itens')?['body/value']","where":"@equals(outputs('Obter_item_3')?['body/IDSub'], item()?['ID'])"}},"Obter_item_3":{"runAfter":{"Obter_itens":["Succeeded"]},"type":"OpenApiConnection","inputs":{"host":{"apiId":"/providers/Microsoft.PowerApps/apis/shared_sharepointonline","connectionName":"shared_sharepointonline","operationId":"GetItem"},"parameters":{"dataset":"https://amspecllc.sharepoint.com/sites/AgriBrasil","table":"3cc60c42-4226-407c-a540-3cdfd1e47bf0","id":"@variables('ID Pai')"},"authentication":{"value":"@json(decodeBase64(triggerOutputs().headers['X-MS-APIM-Tokens']))['$ConnectionKey']","type":"Raw"}}},"ID_Pai":{"runAfter":{"VarPorto":["Succeeded"]},"type":"InitializeVariable","inputs":{"variables":[{"name":"ID Pai","type":"integer","value":"@triggerBody()['IDPai_Valor']"}]}},"VarPorto":{"runAfter":{},"type":"InitializeVariable","inputs":{"variables":[{"name":"VarPorto","type":"string","value":"@{triggerBody()['VarPorto_Valor']}"}]}},"Responder_a_um_PowerApp_ou_a_um_fluxo":{"runAfter":{"Condição":["Succeeded"]},"type":"Response","kind":"PowerApp","inputs":{"statusCode":200,"body":{"varporto":"@variables('VarPorto')","id_pai":"@{variables('ID Pai')}"},"schema":{"type":"object","properties":{"varporto":{"title":"VarPorto","x-ms-dynamically-added":true,"type":"string"},"id_pai":{"title":"ID Pai","x-ms-dynamically-added":true,"type":"string"}}}}}},"outputs":{}},"connectionReferences":{"shared_sharepointonline":{"connectionName":"d0ed5079cc724550980fd6fb3df8dac4","source":"Invoker","id":"/providers/Microsoft.PowerApps/apis/shared_sharepointonline","tier":"NotSpecified"}},"flowFailureAlertSubscribed":false,"isManaged":false}}