{"name":"0873b1c1-cd89-4242-9088-b0fe50e2b31a","id":"/providers/Microsoft.Flow/flows/0873b1c1-cd89-4242-9088-b0fe50e2b31a","type":"Microsoft.Flow/flows","properties":{"apiId":"/providers/Microsoft.PowerApps/apis/shared_logicflows","displayName":"Get a push notification when a new file is added in OneDrive for Business","definition":{"metadata":{"workflowEntityId":null,"flowclientsuspensionreason":"None","flowclientsuspensiontime":null,"creator":{"id":"92b54cd9-a569-4d92-bca0-4f330d1ea600","type":"User","tenantId":"fddf0fb0-6be4-4e34-ace1-e795bc64c91f"},"provisioningMethod":"FromDefinition","failureAlertSubscription":true,"clientLastModifiedTime":"2021-01-05T17:17:38.844296Z","processAdvisorMetadata":null},"$schema":"https://schema.management.azure.com/providers/Microsoft.Logic/schemas/2016-06-01/workflowdefinition.json#","contentVersion":"1.0.0.0","parameters":{"$connections":{"defaultValue":{},"type":"Object"},"$authentication":{"defaultValue":{},"type":"SecureObject"},"odb.folderPath":{"defaultValue":"","type":"String"}},"triggers":{"When_a_file_is_created_(metadata_only)":{"recurrence":{"frequency":"Minute","interval":5},"splitOn":"@triggerBody()","metadata":{"flowSystemMetadata":{"swaggerOperationId":"OnNewFiles"}},"type":"ApiConnection","inputs":{"host":{"api":{"runtimeUrl":"https://flow-apim-msmanaged-na-eastus-01.azure-apim.net/apim/onedriveforbusiness"},"connection":{"name":"@parameters('$connections')['shared_onedriveforbusiness']['connectionId']"}},"method":"get","queries":{"folderId":"/Applications repository"},"path":"/datasets/default/triggers/batch/onnewfile","authentication":"@parameters('$authentication')"},"conditions":[]}},"actions":{"Send_me_a_mobile_notification":{"runAfter":{},"metadata":{"flowSystemMetadata":{"swaggerOperationId":"SendNotification"}},"type":"ApiConnection","inputs":{"host":{"api":{"runtimeUrl":"https://flow-apim-msmanaged-na-eastus-01.azure-apim.net/apim/flowpush"},"connection":{"name":"@parameters('$connections')['shared_flowpush']['connectionId']"}},"method":"post","body":{"notificationText":"New File: @{triggerBody()?['Path']}","notificationLink":{"uri":"https://onedrive.live.com/about/business/","label":"Go to OneDrive for Business"}},"path":"/sendNotification","authentication":"@parameters('$authentication')"}}},"description":"Get an email every time a new file is added to your OneDrive for Business. You will need an installation of the Power Automate app for this template."},"connectionReferences":{"shared_onedriveforbusiness":{"connectionName":"shared-onedriveforbu-43a34982-175d-490c-96dd-1d65-c3a83008","source":"Embedded","id":"/providers/Microsoft.PowerApps/apis/shared_onedriveforbusiness","tier":"NotSpecified"},"shared_flowpush":{"connectionName":"shared-flowpush-eef3605f-404b-49cb-8db8-96f3-451ed01a","source":"Embedded","id":"/providers/Microsoft.PowerApps/apis/shared_flowpush","tier":"NotSpecified"}},"flowFailureAlertSubscribed":false,"isManaged":false}}