{"schemaVersion":"1.0","appDefinitionTemplate":{"id":"/providers/Microsoft.PowerApps/apps/","type":"Microsoft.PowerApps/apps","tags":{"primaryDeviceWidth":"2400","primaryDeviceHeight":"1400","sienaVersion":"20190303T090750Z-3.19023.12.0","deviceCapabilities":"","supportsPortrait":"false","supportsLandscape":"true","primaryFormFactor":"Tablet","publisherVersion":"3.19023.12","minimumRequiredApiVersion":"2.2.0"},"properties":{"appVersion":"2019-03-03T09:07:50Z","lifeCycleId":"Published","createdByClientVersion":{"major":3,"minor":19023,"build":12,"revision":0,"majorRevision":0,"minorRevision":0},"minClientVersion":{"major":3,"minor":19023,"build":12,"revision":0,"majorRevision":0,"minorRevision":0},"backgroundColor":"rgba(165, 34, 55, 1)","backgroundImageUri":"/10788906135288809870/Ncdcc7cb2-1358-498b-8de3-38f067c854ef-logoSmallFile","displayName":"Nominations AmSpec Amsterdam","description":"Nominations overview AmSpec Amsterdam, including dashboards.","appUris":{"documentUri":{"value":"/10788906135288809870/Nf2aed073-3bd7-4652-be26-4127cfb2ad6d-document.msapp"},"imageUris":[]},"createdTime":"0001-01-01T00:00:00Z","lastModifiedTime":"0001-01-01T00:00:00Z","sharedGroupsCount":0,"sharedUsersCount":0,"icons":{"smallIconUri":"/10788906135288809870/N66d64de5-7237-457f-9ce6-51eaae2c3226-small.png","mediumIconUri":"/10788906135288809870/Nfe7fa221-29a9-42b8-bd4c-aa1bf206fd85-medium.png","largeIconUri":"/10788906135288809870/N495a5514-9ac3-401e-b58a-bc33222af0a2-large.png","wideIconUri":"/10788906135288809870/Nc4e5a7a6-a257-45a9-9d81-0ead3d5aef1e-wide.png"},"connectionReferences":{"446d3cf6-8a30-4b20-b7a8-6de71e719a05":{"id":"11a93981-676c-4606-a07f-edd11d7114a2","displayName":"SharePoint","iconUri":"https://connectoricons-prod.azureedge.net/sharepointonline/icon_1.0.1019.1195.png","dataSources":["Nominations Amsterdam","Nomination Comments Amsterdam"],"dependencies":[],"dependents":[],"parameterHints":{},"isOnPremiseConnection":false,"bypassConsent":false,"dataSets":{"https://amspecllc.sharepoint.com/sites/ARA":{"dataSources":{"Nominations Amsterdam":{"tableName":"c492e8d1-8b64-4c80-8c00-2836774bf8d3"},"Nomination Comments Amsterdam":{"tableName":"0d94e09d-ddca-4fae-ae8e-7446d5003c90"}}}},"apiTier":"Standard","isCustomApiConnection":false}},"databaseReferences":{},"almMode":"Environment","performanceOptimizationEnabled":true,"executionRestrictions":{"isTeamsOnly":false,"dataLossPreventionEvaluationResult":{"status":"Compliant","lastEvaluationDate":"2020-10-27T21:31:46.5265339Z","violationDetails":[]}}},"appType":"ClassicCanvasApp","appComponents":[]}}