{"name":"8dd031e0-cddd-4d7a-8752-772d9d30a0b5","id":"/providers/Microsoft.Flow/flows/8dd031e0-cddd-4d7a-8752-772d9d30a0b5","type":"Microsoft.Flow/flows","properties":{"apiId":"/providers/Microsoft.PowerApps/apis/shared_logicflows","displayName":"ECFTO_Analise_Req_Atencao","definition":{"metadata":{"workflowEntityId":null,"processAdvisorMetadata":null,"flowclientsuspensionreason":"None","flowclientsuspensiontime":null,"creator":{"id":"e6fa3311-d0c7-418c-85e4-e25522a6c1b2","type":"User","tenantId":"fddf0fb0-6be4-4e34-ace1-e795bc64c91f"},"provisioningMethod":"FromDefinition","failureAlertSubscription":true,"clientLastModifiedTime":"2022-04-08T01:23:13.5066685Z"},"$schema":"https://schema.management.azure.com/providers/Microsoft.Logic/schemas/2016-06-01/workflowdefinition.json#","contentVersion":"1.0.0.0","parameters":{"$connections":{"defaultValue":{},"type":"Object"},"$authentication":{"defaultValue":{},"type":"SecureObject"}},"triggers":{"manual":{"metadata":{"operationMetadataId":"e70ec9b7-bed6-47ef-9176-9c5fcde24764"},"type":"Request","kind":"PowerAppV2","inputs":{"schema":{"type":"object","properties":{"text":{"title":"Comentarios","type":"string","x-ms-dynamically-added":true,"description":"Please enter your input","x-ms-content-hint":"TEXT"},"number":{"title":"ID_Analises","type":"number","x-ms-dynamically-added":true,"description":"Please enter a number","x-ms-content-hint":"NUMBER"},"text_1":{"title":"AmSpecOS_Prod","type":"string","x-ms-dynamically-added":true,"description":"Please enter your input","x-ms-content-hint":"TEXT"}},"required":["text","number","text_1"]}}}},"actions":{"Obter_itens_Granulometria":{"runAfter":{},"metadata":{"operationMetadataId":"7f9a52e4-4806-4102-a7d3-233cd4e5b3f5"},"type":"OpenApiConnection","inputs":{"host":{"apiId":"/providers/Microsoft.PowerApps/apis/shared_sharepointonline","connectionName":"shared_sharepointonline_1","operationId":"GetItems"},"parameters":{"dataset":"https://amspecllc.sharepoint.com/sites/AgriBrasil/ECFTO","table":"5b4d31ee-cc6f-4d7e-8496-bc22d5cc5713","viewScopeOption":"Default","$filter":"AmSpec_x0020_OS/OS_Navio_Porto_Terminal_Produto eq '@{triggerBody()['text_1']}'"},"authentication":{"value":"@json(decodeBase64(triggerOutputs().headers['X-MS-APIM-Tokens']))['$ConnectionKey']","type":"Raw"}},"runtimeConfiguration":{"paginationPolicy":{"minimumItemCount":100000}}},"Tab_Granulometria":{"runAfter":{"Obter_itens_Granulometria":["Succeeded"]},"metadata":{"operationMetadataId":"43ed6396-e979-4833-a377-3a61f694602f"},"type":"Select","inputs":{"from":"@outputs('Obter_itens_Granulometria')?['body/value']","select":{"Descrição":"@item()?['Por_x00f5_es']","4 - 4,80":"@item()?['OData__x0034__x002d_4_x002c_80']","9 - 2,00":"@item()?['OData__x0039__x002d_2_x002c_00']","16 - 1,00":"@item()?['OData__x0031_6_x002d_1_x002c_00']","32 - 0,50":"@item()?['OData__x0033_2_x002d_0_x002c_50']","Fundo":"@item()?['Fundo']","Dureza":"@item()?['Dureza']","SGN":"@item()?['SGN']","IU":"@item()?['IU']"}}},"Granulometria_HTML":{"runAfter":{"Tab_Granulometria":["Succeeded"]},"metadata":{"operationMetadataId":"6c07d5dc-1967-43d8-a038-bc5781101c05"},"type":"Table","inputs":{"from":"@body('Tab_Granulometria')","format":"HTML"}},"Obter_itens_Análise_Química":{"runAfter":{},"metadata":{"operationMetadataId":"7f9a52e4-4806-4102-a7d3-233cd4e5b3f5"},"type":"OpenApiConnection","inputs":{"host":{"apiId":"/providers/Microsoft.PowerApps/apis/shared_sharepointonline","connectionName":"shared_sharepointonline_1","operationId":"GetItems"},"parameters":{"dataset":"https://amspecllc.sharepoint.com/sites/AgriBrasil/ECFTO","table":"f939614c-48f1-403e-b3e4-e40c79a56b7c","viewScopeOption":"Default","$filter":"AmSpec_x0020_OS/OS_Navio_Porto_Terminal_Produto eq '@{triggerBody()['text_1']}'"},"authentication":{"value":"@json(decodeBase64(triggerOutputs().headers['X-MS-APIM-Tokens']))['$ConnectionKey']","type":"Raw"}},"runtimeConfiguration":{"paginationPolicy":{"minimumItemCount":100000}}},"Tab_Análise_Química":{"runAfter":{"Obter_itens_Análise_Química":["Succeeded"]},"metadata":{"operationMetadataId":"43ed6396-e979-4833-a377-3a61f694602f"},"type":"Select","inputs":{"from":"@outputs('Obter_itens_Análise_Química')?['body/value']","select":{"Análises":"@item()?['An_x00e1_lise/Value']","Método":"@item()?['TipodeAn_x00e1_lise/Value']","Especificação":"@If(equals(item()?['Especifica_x00e7__x00e3_o'], null), '--', item()?['Especifica_x00e7__x00e3_o'])","Resultado":"@item()?['Resultado']"}}},"Análise_Química_HTML":{"runAfter":{"Tab_Análise_Química":["Succeeded"]},"metadata":{"operationMetadataId":"e866485b-1e93-4833-9c18-026cbabe254f"},"type":"Table","inputs":{"from":"@body('Tab_Análise_Química')","format":"HTML"}},"Condição":{"actions":{"Atualizar_item_2":{"runAfter":{},"metadata":{"operationMetadataId":"71d34adc-0658-4b8c-ae9c-5a2f76d45ee0"},"type":"OpenApiConnection","inputs":{"host":{"apiId":"/providers/Microsoft.PowerApps/apis/shared_sharepointonline","connectionName":"shared_sharepointonline","operationId":"PatchItem"},"parameters":{"dataset":"https://amspecllc.sharepoint.com/sites/AgriBrasil/ECFTO","table":"{EB0F8C03-B183-4231-A521-5CAC5A858663}","id":"@triggerBody()['number']","item/StatusdeAprova_x00e7__x00e3_o/Value":"Requer Atenção","item/Observacoes":"@triggerBody()['text']"},"authentication":{"value":"@json(decodeBase64(triggerOutputs().headers['X-MS-APIM-Tokens']))['$ConnectionKey']","type":"Raw"}}},"Enviar_Relatório_de_Análises_por_Email_2":{"runAfter":{"Atualizar_item_2":["Succeeded"]},"metadata":{"operationMetadataId":"809f9b60-3542-42d8-9576-23beb9a5f834"},"type":"OpenApiConnection","inputs":{"host":{"apiId":"/providers/Microsoft.PowerApps/apis/shared_office365","connectionName":"shared_office365","operationId":"SendEmailV2"},"parameters":{"emailMessage/To":"@outputs('Atualizar_item_2')?['body/SolicitanteAprovacao/Email']","emailMessage/Subject":"[REQUER ATENÇÃO] ANÁLISES PARA REVISÃO | @{outputs('Atualizar_item_2')?['body/Navio_x002f_Produto_x003a_Navio/Value']} | @{outputs('Atualizar_item_2')?['body/Navio_x002f_Produto_x003a_Prd_x00/Value']} | @{outputs('Atualizar_item_2')?['body/Navio_x002f_Produto_x003a_Porto_/Value']}, BRASIL | @{outputs('Atualizar_item_2')?['body/Navio_x002f_Produto_x003a_AmSpec/Value']}","emailMessage/Body":"<table id=\"i6kx\" width=\"100%\" height=\"120\" bgcolor=\"#ae1e1e\" align=\"center\" valign=\"middle\" style=\"box-sizing: border-box; height: 120px; margin: 0 auto 10px auto; padding: 5px 5px 5px 5px; width: 100%; background-color: #ae1e1e; text-align: center; vertical-align: middle;\">\n  <tbody id=\"i359\" style=\"box-sizing: border-box;\">\n    <tr id=\"ibep\" style=\"box-sizing: border-box;\">\n      <td id=\"inqi\" valign=\"middle\" style=\"box-sizing: border-box; font-size: 12px; font-weight: 300; vertical-align: middle; color: rgb(111, 119, 125); margin: 0; padding: 20px 0 0 0;\">\n        <img id=\"i1mi\" src=\"https://www.amspecgroup.com/wp-content/uploads/2020/03/AmSpec_logo_outline.png\" width=\"160\" style=\"box-sizing: border-box; color: black; width: 160px;\">\n        <table id=\"ih6ac\" width=\"100%\" height=\"10\" style=\"box-sizing: border-box; height: 10px; margin: 0 auto 10px auto; padding: 5px 5px 5px 5px; width: 100%;\">\n          <tbody id=\"ix32\" style=\"box-sizing: border-box;\">\n            <tr id=\"iqff\" style=\"box-sizing: border-box;\">\n              <td id=\"is0n3\" height=\"10\" valign=\"top\" style=\"box-sizing: border-box; font-size: 12px; font-weight: 300; vertical-align: top; color: rgb(111, 119, 125); margin: 0; padding: 0; height: 10px;\">\n              </td>\n            </tr>\n          </tbody>\n        </table>\n        <div id=\"iq7m\" style=\"box-sizing: border-box; padding: 10px 10px 10px 10px; font-size: 28px; font-weight: 700;\">\n          <span id=\"ir9s1\" style=\"box-sizing: border-box; color: #ffffff;\"><b id=\"iz18f\" style=\"box-sizing: border-box;\">\n            <span id=\"illci\" style=\"box-sizing: border-box; font-size: 21pt; font-family: Calibri, sans-serif;\">RESULTADOS DE ANÁLISES - @{toUpper(outputs('Atualizar_item_2')?['body/StatusdeAprova_x00e7__x00e3_o/Value'])}</span>\n            </b></span>\n        </div>\n        <table id=\"impzy\" width=\"100%\" height=\"10\" style=\"box-sizing: border-box; height: 10px; margin: 0 auto 10px auto; padding: 5px 5px 5px 5px; width: 100%;\">\n          <tbody id=\"it0b5\" style=\"box-sizing: border-box;\">\n            <tr id=\"irenk\" style=\"box-sizing: border-box;\">\n              <td id=\"ioboj\" height=\"10\" valign=\"top\" style=\"box-sizing: border-box; font-size: 12px; font-weight: 300; vertical-align: top; color: rgb(111, 119, 125); margin: 0; padding: 0; height: 10px;\">\n              </td>\n            </tr>\n          </tbody>\n        </table>\n      </td>\n    </tr>\n  </tbody>\n</table>\n<table id=\"idxni\" width=\"100%\" height=\"30\" style=\"box-sizing: border-box; height: 30px; margin: 0 auto 10px auto; padding: 5px 5px 5px 5px; width: 100%;\">\n  <tbody id=\"iu49f\" style=\"box-sizing: border-box;\">\n    <tr id=\"ig41y\" style=\"box-sizing: border-box;\">\n      <td id=\"if9m4\" height=\"30\" valign=\"top\" style=\"box-sizing: border-box; font-size: 12px; font-weight: 300; vertical-align: top; color: rgb(111, 119, 125); margin: 0; padding: 0; height: 30px;\">\n      </td>\n    </tr>\n  </tbody>\n</table>\n<table id=\"ijau6y\" width=\"100%\" height=\"100\" style=\"box-sizing: border-box; height: 100px; margin: 0 auto 10px auto; padding: 5px 5px 5px 5px; width: 100%;\">\n  <tbody id=\"ifwtl\" style=\"box-sizing: border-box;\">\n    <tr id=\"ivcpx\" style=\"box-sizing: border-box;\">\n      <td id=\"iu1vf3\" width=\"20%\" valign=\"top\" style=\"box-sizing: border-box; font-size: 12px; font-weight: 300; vertical-align: top; color: rgb(111, 119, 125); margin: 0; padding: 0; width: 20%;\">\n      </td>\n      <td id=\"ik6dci\" width=\"60%\" valign=\"top\" style=\"box-sizing: border-box; font-size: 12px; font-weight: 300; vertical-align: top; color: rgb(111, 119, 125); margin: 0; padding: 0; width: 60%;\">\n        <div id=\"ip7458\" style=\"box-sizing: border-box; padding: 10px; color: #000000; font-size: 14px; font-family: Trebuchet MS, Helvetica, sans-serif;\">Os Resultados de Análises à seguir, precisam de revisão na plataforma ECFTO.\n          <br id=\"ip5d4\" data-gjs-type=\"default\" draggable=\"true\" style=\"box-sizing: border-box;\">\n          <br style=\"box-sizing: border-box;\">Aprovador: @{outputs('Atualizar_item_2')?['body/Aprovador_x0028_a_x0029_/DisplayName']}\n          <br id=\"i4oad\" data-gjs-type=\"default\" draggable=\"true\" style=\"box-sizing: border-box;\">Status das análises: <strong>@{outputs('Atualizar_item_2')?['body/StatusdeAprova_x00e7__x00e3_o/Value']}</strong>\n          <br id=\"ibl17\" data-gjs-type=\"default\" draggable=\"true\" style=\"box-sizing: border-box;\">Observações: <strong>@{outputs('Atualizar_item_2')?['body/Observacoes']}</strong>\n          <br style=\"box-sizing: border-box;\">​​​​​​​AmSpec OS: @{outputs('Atualizar_item_2')?['body/Navio_x002f_Produto_x003a_AmSpec/Value']}\n          <br id=\"i1492\" data-gjs-type=\"default\" draggable=\"true\" style=\"box-sizing: border-box;\">\n          <br style=\"box-sizing: border-box;\">\n        </div>\n      </td>\n      <td id=\"i2euk5\" width=\"20%\" valign=\"top\" style=\"box-sizing: border-box; font-size: 12px; font-weight: 300; vertical-align: top; color: rgb(111, 119, 125); margin: 0; padding: 0; width: 20%;\">\n      </td>\n    </tr>\n  </tbody>\n</table>\n<table width=\"100%\" height=\"20\" id=\"i4nl7s\" style=\"box-sizing: border-box; height: 20px; margin: 0 auto 10px auto; padding: 5px 5px 5px 5px; width: 100%;\">\n  <tbody id=\"i6f39z\" style=\"box-sizing: border-box;\">\n    <tr id=\"iw0t0a\" style=\"box-sizing: border-box;\">\n      <td height=\"20\" valign=\"top\" id=\"ih8od8\" style=\"box-sizing: border-box; font-size: 12px; font-weight: 300; vertical-align: top; color: rgb(111, 119, 125); margin: 0; padding: 0; height: 20px;\">\n      </td>\n    </tr>\n  </tbody>\n</table>\n<table id=\"ivfx0l\" width=\"100%\" height=\"150\" style=\"box-sizing: border-box; height: 150px; margin: 0 auto 10px auto; padding: 5px 5px 5px 5px; width: 100%;\">\n  <tbody id=\"ixsol\" style=\"box-sizing: border-box;\">\n    <tr id=\"iceh3\" style=\"box-sizing: border-box;\">\n      <td id=\"i1kspc\" width=\"20%\" valign=\"top\" style=\"box-sizing: border-box; font-size: 12px; font-weight: 300; vertical-align: top; color: rgb(111, 119, 125); margin: 0; padding: 0; width: 20%;\">\n      </td>\n      <td id=\"iosaza\" width=\"60%\" valign=\"top\" style=\"box-sizing: border-box; font-size: 12px; font-weight: 300; vertical-align: top; color: rgb(111, 119, 125); margin: 0; padding: 0; width: 60%;\">\n        <table id=\"ivgpgm\" width=\"100%\" height=\"150\" style=\"box-sizing: border-box; height: 150px; margin: 0 auto 10px auto; padding: 5px 5px 5px 5px; width: 100%;\">\n          <tbody id=\"iix6u\" style=\"box-sizing: border-box;\">\n            <tr id=\"if113\" style=\"box-sizing: border-box;\">\n              <td id=\"i143pn\" width=\"39%\" valign=\"top\" style=\"box-sizing: border-box; font-size: 12px; font-weight: 300; vertical-align: top; color: rgb(111, 119, 125); margin: 0; padding: 0; width: 39%;\">\n                <div id=\"i8xfib\" style=\"box-sizing: border-box; padding: 10px; color: #000000; font-family: Trebuchet MS, Helvetica, sans-serif; font-size: 14px; font-weight: 600;\">CLIENTE\n                </div>\n                <div id=\"iaqvxb\" style=\"box-sizing: border-box; padding: 10px; color: #000000; font-family: Trebuchet MS, Helvetica, sans-serif; font-size: 14px; font-weight: 600;\">NAVIO\n                </div>\n                <div id=\"ibklnm\" style=\"box-sizing: border-box; padding: 10px; color: #000000; font-family: Trebuchet MS, Helvetica, sans-serif; font-size: 14px; font-weight: 600;\">PRODUTO\n                </div>\n                <div id=\"ie7kgn\" style=\"box-sizing: border-box; padding: 10px; color: #000000; font-family: Trebuchet MS, Helvetica, sans-serif; font-size: 14px; font-weight: 600;\">PORTO DE DESCARGA\n                </div>\n              </td>\n              <td id=\"ib62ho\" width=\"1%\" valign=\"top\" style=\"box-sizing: border-box; font-size: 12px; font-weight: 300; vertical-align: top; color: rgb(111, 119, 125); margin: 0; padding: 0; width: 1%;\">\n                <div id=\"igf4pt\" style=\"box-sizing: border-box; padding: 10px 1px 10px 1px; color: #000000; font-family: Trebuchet MS, Helvetica, sans-serif; font-size: 14px; font-weight: 600;\">:\n                </div>\n                <div id=\"i2u8r5\" style=\"box-sizing: border-box; padding: 10px 1px 10px 1px; color: #000000; font-family: Trebuchet MS, Helvetica, sans-serif; font-size: 14px; font-weight: 600;\">:\n                </div>\n                <div id=\"ihu04l\" style=\"box-sizing: border-box; padding: 10px 1px 10px 1px; color: #000000; font-family: Trebuchet MS, Helvetica, sans-serif; font-size: 14px; font-weight: 600;\">:\n                </div>\n                <div id=\"il262t\" style=\"box-sizing: border-box; padding: 10px 1px 10px 1px; color: #000000; font-family: Trebuchet MS, Helvetica, sans-serif; font-size: 14px; font-weight: 600;\">:\n                </div>\n                <div id=\"isenld\" style=\"box-sizing: border-box; padding: 10px 1px 10px 1px; color: #000000; font-family: Trebuchet MS, Helvetica, sans-serif; font-size: 14px; font-weight: 600;\">:\n                </div>\n                <div id=\"i2f1a4\" style=\"box-sizing: border-box; padding: 10px 1px 10px 1px; color: #000000; font-family: Trebuchet MS, Helvetica, sans-serif; font-size: 14px; font-weight: 600;\">:\n                </div>\n              </td>\n              <td id=\"igc46e\" width=\"60%\" valign=\"top\" style=\"box-sizing: border-box; font-size: 12px; font-weight: 300; vertical-align: top; color: rgb(111, 119, 125); margin: 0; padding: 0; width: 60%;\">\n                <div id=\"ieo64t\" style=\"box-sizing: border-box; padding: 10px; color: #000000; font-family: Trebuchet MS, Helvetica, sans-serif; font-size: 14px; font-weight: 600;\">FERTILIZANTES TOCANTINS\n                </div>\n                <div id=\"iads2i\" style=\"box-sizing: border-box; padding: 10px; color: #000000; font-family: Trebuchet MS, Helvetica, sans-serif; font-size: 14px; font-weight: 600;\">@{outputs('Atualizar_item_2')?['body/Navio_x002f_Produto_x003a_Navio/Value']}\n                </div>\n                <div id=\"i4gq1v\" style=\"box-sizing: border-box; padding: 10px; color: #000000; font-family: Trebuchet MS, Helvetica, sans-serif; font-size: 14px; font-weight: 600;\">@{outputs('Atualizar_item_2')?['body/Navio_x002f_Produto_x003a_Prd_x00/Value']}\n                </div>\n                <div id=\"i2yfjj\" style=\"box-sizing: border-box; padding: 10px; color: #000000; font-family: Trebuchet MS, Helvetica, sans-serif; font-size: 14px; font-weight: 600;\">@{outputs('Atualizar_item_2')?['body/Navio_x002f_Produto_x003a_Porto_/Value']}, BRASIL\n                </div>\n              </td>\n            </tr>\n          </tbody>\n        </table>\n      </td>\n      <td id=\"iqhova\" width=\"20%\" valign=\"top\" style=\"box-sizing: border-box; font-size: 12px; font-weight: 300; vertical-align: top; color: rgb(111, 119, 125); margin: 0; padding: 0; width: 20%;\">\n      </td>\n    </tr>\n  </tbody>\n</table>\n<table width=\"100%\" height=\"20\" id=\"iyt07w\" style=\"box-sizing: border-box; height: 20px; margin: 0 auto 10px auto; padding: 5px 5px 5px 5px; width: 100%;\">\n  <tbody id=\"i51szu\" style=\"box-sizing: border-box;\">\n    <tr id=\"iew9oh\" style=\"box-sizing: border-box;\">\n      <td height=\"20\" valign=\"top\" id=\"io4p9k\" style=\"box-sizing: border-box; font-size: 12px; font-weight: 300; vertical-align: top; color: rgb(111, 119, 125); margin: 0; padding: 0; height: 20px;\">\n      </td>\n    </tr>\n  </tbody>\n</table>\n<div id=\"ibpog\" style=\"box-sizing: border-box; padding: 10px 10px 10px 10px; text-align: center; font-weight: 700; font-size: 16px; font-family: Trebuchet MS, Helvetica, sans-serif;\">COMPOSTA GERAL\n</div>\n<table id=\"ios31\" width=\"100%\" height=\"5\" style=\"box-sizing: border-box; height: 5px; margin: 0 auto 10px auto; padding: 5px 5px 5px 5px; width: 100%;\">\n  <tbody id=\"i7ojh\" style=\"box-sizing: border-box;\">\n    <tr id=\"is90r\" style=\"box-sizing: border-box;\">\n      <td id=\"invgz\" height=\"5\" valign=\"top\" style=\"box-sizing: border-box; font-size: 12px; font-weight: 300; vertical-align: top; color: rgb(111, 119, 125); margin: 0; padding: 0; height: 5px;\">\n      </td>\n    </tr>\n  </tbody>\n</table>\n<table id=\"itxpf3\" width=\"100%\" height=\"150\" style=\"box-sizing: border-box; height: 150px; margin: 0 auto 10px auto; padding: 5px 5px 5px 5px; width: 100%;\">\n  <tbody id=\"ihlh7f\" style=\"box-sizing: border-box;\">\n    <tr id=\"iodsdk\" style=\"box-sizing: border-box;\">\n      <td id=\"i2gzlz\" width=\"25%\" valign=\"top\" style=\"box-sizing: border-box; font-size: 12px; font-weight: 300; vertical-align: top; color: rgb(111, 119, 125); margin: 0; padding: 0; width: 25%;\">\n      </td>\n      <td id=\"iyd03k\" width=\"50%\" valign=\"top\" style=\"box-sizing: border-box; font-size: 12px; font-weight: 300; vertical-align: top; color: rgb(111, 119, 125); margin: 0; padding: 0; width: 50%;\">\n        <div id=\"i3y456\" style=\"box-sizing: border-box; padding: 10px;\">@{replace(replace(replace(replace(body('Análise_Química_HTML'), '<th>', '<th width=\"80px\" id=\"thtbgranu\" style=\"box-sizing: border-box; background-color: #cc0000; color: #ffffff; border: 1px solid black; text-align: center; border-collapse: collapse;\" bgcolor=\"#cc0000\" align=\"center\">'), '<table>', '<table id=\"tbgranu\" style=\"box-sizing: border-box; border: 1px solid black; text-align: center; border-collapse: collapse; width: 100%;\" width=\"100%\" align=\"center\">'), '<tr>', '<tr id=\"trtbgranu\" style=\"box-sizing: border-box;\">'), '<td>', '<td id=\"tdtbgranu\" style=\"box-sizing: border-box; border: 1px solid black; text-align: center; border-collapse: collapse;\" align=\"center\">')}\n        </div>\n      </td>\n      <td id=\"iiplxl\" width=\"25%\" valign=\"top\" style=\"box-sizing: border-box; font-size: 12px; font-weight: 300; vertical-align: top; color: rgb(111, 119, 125); margin: 0; padding: 0; width: 25%;\">\n      </td>\n    </tr>\n  </tbody>\n</table>\n<table width=\"100%\" height=\"20\" id=\"igrg5j\" style=\"box-sizing: border-box; height: 20px; margin: 0 auto 10px auto; padding: 5px 5px 5px 5px; width: 100%;\">\n  <tbody id=\"ie7dpn\" style=\"box-sizing: border-box;\">\n    <tr id=\"im1bex\" style=\"box-sizing: border-box;\">\n      <td height=\"20\" valign=\"top\" id=\"iavgmc\" style=\"box-sizing: border-box; font-size: 12px; font-weight: 300; vertical-align: top; color: rgb(111, 119, 125); margin: 0; padding: 0; height: 20px;\">\n      </td>\n    </tr>\n  </tbody>\n</table>\n<table id=\"imt34\" width=\"100%\" height=\"60\" style=\"box-sizing: border-box; height: 60px; margin: 0 auto 10px auto; padding: 5px 5px 5px 5px; width: 100%;\">\n  <tbody id=\"i1hjs\" style=\"box-sizing: border-box;\">\n    <tr id=\"i6jmk\" style=\"box-sizing: border-box;\">\n      <td id=\"i035k\" height=\"40\" valign=\"top\" style=\"box-sizing: border-box; font-size: 12px; font-weight: 300; vertical-align: top; color: rgb(111, 119, 125); margin: 0; padding: 0; height: 40px;\">\n      </td>\n    </tr>\n  </tbody>\n</table>\n<table id=\"ipjx1k\" width=\"100%\" height=\"150\" style=\"box-sizing: border-box; height: 150px; margin: 0 auto 10px auto; padding: 5px 5px 5px 5px; width: 100%;\">\n  <tbody id=\"i1f92d\" style=\"box-sizing: border-box;\">\n    <tr id=\"ianhrg\" style=\"box-sizing: border-box;\">\n      <td id=\"ijq44v\" width=\"40%\" valign=\"top\" style=\"box-sizing: border-box; font-size: 12px; font-weight: 300; vertical-align: top; color: rgb(111, 119, 125); margin: 0; padding: 0; width: 40%;\">\n      </td>\n      <td id=\"irhjcf\" width=\"20%\" valign=\"top\" style=\"box-sizing: border-box; font-size: 12px; font-weight: 300; vertical-align: top; color: rgb(111, 119, 125); margin: 0; padding: 0; width: 20%;\">\n        <table role=\"presentation\" class=\"button\" id=\"iajnxx\" style=\"box-sizing: border-box; font-size: 12px; background-color: rgb(217, 131, 166); color: rgb(255, 255, 255); border-top-left-radius: 3px; border-top-right-radius: 3px; border-bottom-right-radius: 3px; border-bottom-left-radius: 3px; font-weight: 300; border-spacing: 0; border-collapse: collapse; padding-top: 0; padding-right: 0; padding-bottom: 0; padding-left: 0; vertical-align: middle; text-align: center; mso-table-lspace: -1pt; mso-table-rspace: -1pt; width: 100%; Margin: 0;\" width=\"100%\" bgcolor=\"rgb(217, 131, 166)\" valign=\"middle\" align=\"center\">\n          <tbody style=\"box-sizing: border-box;\">\n            <tr id=\"i7l15u\" style=\"box-sizing: border-box; padding-top: 0; padding-right: 0; padding-bottom: 0; padding-left: 0; vertical-align: middle; text-align: center;\" valign=\"middle\" align=\"center\">\n              <td id=\"ixx3rt\" style=\"box-sizing: border-box; word-wrap: break-word; -webkit-hyphens: auto; -moz-hyphens: auto; hyphens: auto; padding-top: 0; padding-right: 0; padding-bottom: 0; padding-left: 0; vertical-align: middle; text-align: center; color: #11100f; font-family: Segoe UI, SegoeUI, Roboto, 'Helvetica Neue', Arial, sans-serif; font-weight: 400; Margin: 0; line-height: 20px; font-size: 14px; border-collapse: collapse;\" valign=\"middle\" align=\"center\">\n                <table role=\"presentation\" id=\"imyjx5\" style=\"box-sizing: border-box; border-spacing: 0; border-collapse: collapse; padding-top: 0; padding-right: 0; padding-bottom: 0; padding-left: 0; vertical-align: middle; text-align: center; mso-table-lspace: -1pt; mso-table-rspace: -1pt; width: 100%;\" width=\"100%\" valign=\"middle\" align=\"center\">\n                  <tbody style=\"box-sizing: border-box;\">\n                    <tr id=\"iy561d\" style=\"box-sizing: border-box; padding-top: 0; padding-right: 0; padding-bottom: 0; padding-left: 0; vertical-align: middle; text-align: center;\" valign=\"middle\" align=\"center\">\n                      <td id=\"i3qcjq\" style=\"box-sizing: border-box; word-wrap: break-word; -webkit-hyphens: auto; -moz-hyphens: auto; hyphens: auto; padding-top: 0; padding-right: 0; padding-bottom: 0; padding-left: 0; vertical-align: middle; text-align: center; color: #ffffff; font-family: Segoe UI, SegoeUI, Roboto, 'Helvetica Neue', Arial, sans-serif; font-weight: 400; Margin: 0; line-height: 20px; font-size: 14px; background: #ae1e1e; border: 0; border-radius: 2px; border-collapse: collapse;\" valign=\"middle\" align=\"center\">\n                        <a href=\"https://amspecllc.sharepoint.com/sites/AgriBrasil/ECFTO/Lists/Anlises/AllItems.aspx?FilterField1=Navio_x002f_Produto_x003a_AmSpec&FilterValue1=@{outputs('Atualizar_item_2')?['body/Navio_x002f_Produto_x003a_AmSpec/Value']}&FilterType1=Lookup\" id=\"ioj7i1\" style=\"box-sizing: border-box; color: #ffffff; text-decoration: none; font-family: Segoe UI Semibold, SegoeUISemibold, Segoe UI, SegoeUI, Roboto, 'Helvetica Neue', Arial, sans-serif; font-weight: 600; padding: 12px 16px 12px 16px; text-align: center; line-height: 1; text-underline: none; mso-text-underline: none; font-size: 12px; display: inline-block; border: 0 solid #ae1e1e; border-radius: 2px; mso-border-alt: 8px solid #ae1e1e; mso-padding-alt: 0;\">Acessar\n                          Plataforma ECFTO &gt;</a>\n                      </td>\n                    </tr>\n                  </tbody>\n                </table>\n              </td>\n            </tr>\n          </tbody>\n        </table>\n      </td>\n      <td id=\"iowe0v\" width=\"40%\" valign=\"top\" style=\"box-sizing: border-box; font-size: 12px; font-weight: 300; vertical-align: top; color: rgb(111, 119, 125); margin: 0; padding: 0; width: 40%;\">\n      </td>\n    </tr>\n  </tbody>\n</table>\n<table width=\"100%\" height=\"60\" id=\"ifimto\" style=\"box-sizing: border-box; height: 60px; margin: 0 auto 10px auto; padding: 5px 5px 5px 5px; width: 100%;\">\n  <tbody id=\"iqau6d\" style=\"box-sizing: border-box;\">\n    <tr id=\"iemx4t\" style=\"box-sizing: border-box;\">\n      <td height=\"40\" valign=\"top\" id=\"i02g5g\" style=\"box-sizing: border-box; font-size: 12px; font-weight: 300; vertical-align: top; color: rgb(111, 119, 125); margin: 0; padding: 0; height: 40px;\">\n      </td>\n    </tr>\n  </tbody>\n</table>\n<table id=\"inakk\" width=\"100%\" height=\"150\" style=\"box-sizing: border-box; height: 150px; margin: 0 auto 0 auto; padding: 0 5px 5px 5px; width: 100%;\">\n  <tbody id=\"ihemj\" style=\"box-sizing: border-box;\">\n    <tr id=\"i2bg8\" style=\"box-sizing: border-box;\">\n      <td id=\"iezak\" width=\"10%\" valign=\"top\" style=\"box-sizing: border-box; font-size: 12px; font-weight: 300; vertical-align: top; color: rgb(111, 119, 125); margin: 0; padding: 0; width: 10%;\">\n      </td>\n      <td id=\"ip0oi\" width=\"60%\" valign=\"top\" style=\"box-sizing: border-box; font-size: 12px; font-weight: 300; vertical-align: top; color: rgb(111, 119, 125); margin: 0; padding: 0; width: 60%;\">\n        <div id=\"ivs42\" style=\"box-sizing: border-box; padding: 10px; text-align: center;\">\n          <b id=\"i3nef\" style=\"box-sizing: border-box;\">\n          </b>\n          <p id=\"ifwg5\" style=\"box-sizing: border-box; text-align: justify;\">\n            <b id=\"idpbv\" style=\"box-sizing: border-box;\">\n              <span lang=\"EN-GB\" id=\"ikpzd\" style=\"box-sizing: border-box; font-size: 7.0pt;\"><span id=\"i6545\" style=\"box-sizing: border-box; color: #cc0000;\">Am</span></span>\n            </b>\n            <b id=\"ig8lg\" style=\"box-sizing: border-box;\">\n              <span lang=\"EN-GB\" id=\"izfe7\" style=\"box-sizing: border-box; font-size: 7.0pt;\"><span id=\"iqfdw\" style=\"box-sizing: border-box; color: black;\">Spec DISCLAIMER</span></span>\n            </b>\n            <b id=\"i9ijt\" style=\"box-sizing: border-box;\">\n              <span lang=\"EN-GB\" id=\"ikbat\" style=\"box-sizing: border-box; font-size: 7.0pt;\"><span id=\"i93vk\" style=\"box-sizing: border-box; color: black;\">: </span></span>\n            </b>\n            <span lang=\"EN-GB\" id=\"i47lj\" style=\"box-sizing: border-box; font-size: 7.0pt;\"><span id=\"irh8i\" style=\"box-sizing: border-box; color: black;\">This e-mail message, including any attachments, is for the sole use of the addressee(s) to whom it has been sent, and may contain information that is confidential or legally protected. If you are not the intended recipient or have received this message in error, you are not authorized to copy, distribute, or otherwise use this message or its attachments. Please notify the sender immediately by return e-mail and permanently delete this message and any attachments. </span></span>\n            <b id=\"iifs4\" style=\"box-sizing: border-box;\">\n              <span lang=\"EN-GB\" id=\"ir94l\" style=\"box-sizing: border-box; font-size: 7.0pt;\"><span id=\"i0u8u\" style=\"box-sizing: border-box; color: red;\">Am</span></span>\n            </b>\n            <b id=\"i3l9a8\" style=\"box-sizing: border-box;\">\n              <span lang=\"EN-GB\" id=\"in749k\" style=\"box-sizing: border-box; font-size: 7.0pt;\"><span id=\"izn3s4\" style=\"box-sizing: border-box; color: black;\">Spec Group </span></span>\n            </b>\n            <span lang=\"EN-GB\" id=\"il07r4\" style=\"box-sizing: border-box; font-size: 7.0pt;\"><span id=\"iojy1h\" style=\"box-sizing: border-box; color: black;\">makes no warranty that this e-mail is error or virus free. </span></span>​​​​​​​\n          </p>\n        </div>\n        <div id=\"icibi\" style=\"box-sizing: border-box; padding: 10px; text-align: center;\">\n          <p id=\"i2as04\" style=\"box-sizing: border-box;\">\n            <span lang=\"EN-GB\" id=\"icvaq5\" style=\"box-sizing: border-box; font-size: 7.0pt;\"><span id=\"ilqr1e\" style=\"box-sizing: border-box; color: black;\">All services are rendered in accordance with the General Terms and Conditions of AmSpec company available on website: <a data-cke-saved-href=\"http://www.amspecgroup.com/terms-conditions/\" href=\"http://www.amspecgroup.com/terms-conditions/\" id=\"i14ey2\" style=\"box-sizing: border-box;\">http://www.amspecgroup.com/terms-conditions/</a></span></span>\n          </p>\n          <p id=\"i19s2s\" style=\"box-sizing: border-box;\">\n            <span lang=\"EN-GB\" id=\"i6mba6\" style=\"box-sizing: border-box; font-size: 7.0pt;\"><span id=\"ig7j9r\" style=\"box-sizing: border-box; color: black;\">If you are not satisfied with our services, please contact us immediately at </span></span>\n            <span lang=\"FR-CH\" id=\"ivu7kv\" style=\"box-sizing: border-box; color: black;\"><a data-cke-saved-href=\"mailto:compliance@amspecllc.com\" href=\"mailto:compliance@amspecllc.com\" id=\"ivym99\" style=\"box-sizing: border-box;\"><span lang=\"EN-GB\" id=\"iugw63\" style=\"box-sizing: border-box; font-size: 7.0pt;\">compliance@amspecgroup.com</span></a></span>\n          </p>\n        </div>\n      </td>\n      <td id=\"in2kv\" width=\"10%\" valign=\"top\" style=\"box-sizing: border-box; font-size: 12px; font-weight: 300; vertical-align: top; color: rgb(111, 119, 125); margin: 0; padding: 0; width: 10%;\">\n      </td>\n    </tr>\n  </tbody>\n</table>","emailMessage/Cc":"@{outputs('Atualizar_item_2')?['body/EmailAprovadorECFTO']};@{outputs('Atualizar_item_2')?['body/EnviadoCCAprovacao']}","emailMessage/Bcc":"Anderson.Reis@amspecgroup.com","emailMessage/Importance":"Normal"},"authentication":"@parameters('$authentication')"}},"Respond_to_a_PowerApp_or_flow_2":{"runAfter":{"Enviar_Relatório_de_Análises_por_Email_2":["Succeeded"]},"metadata":{"operationMetadataId":"9c1accbc-d1e5-41c2-ac91-692317d56f84"},"type":"Response","kind":"PowerApp","inputs":{"statusCode":200,"body":{"resposta":"Solicitação de revisão enviada com sucesso."},"schema":{"type":"object","properties":{"resposta":{"title":"resposta","x-ms-dynamically-added":true,"type":"string"}}}}}},"runAfter":{"Análise_Química_HTML":["Succeeded"],"Granulometria_HTML":["Succeeded"]},"else":{"actions":{"Atualizar_item":{"runAfter":{},"metadata":{"operationMetadataId":"71d34adc-0658-4b8c-ae9c-5a2f76d45ee0"},"type":"OpenApiConnection","inputs":{"host":{"apiId":"/providers/Microsoft.PowerApps/apis/shared_sharepointonline","connectionName":"shared_sharepointonline","operationId":"PatchItem"},"parameters":{"dataset":"https://amspecllc.sharepoint.com/sites/AgriBrasil/ECFTO","table":"{EB0F8C03-B183-4231-A521-5CAC5A858663}","id":"@triggerBody()['number']","item/StatusdeAprova_x00e7__x00e3_o/Value":"Requer Atenção","item/Observacoes":"@triggerBody()['text']"},"authentication":{"value":"@json(decodeBase64(triggerOutputs().headers['X-MS-APIM-Tokens']))['$ConnectionKey']","type":"Raw"}}},"Enviar_Relatório_de_Análises_por_Email":{"runAfter":{"Atualizar_item":["Succeeded"]},"metadata":{"operationMetadataId":"809f9b60-3542-42d8-9576-23beb9a5f834"},"type":"OpenApiConnection","inputs":{"host":{"apiId":"/providers/Microsoft.PowerApps/apis/shared_office365","connectionName":"shared_office365","operationId":"SendEmailV2"},"parameters":{"emailMessage/To":"@outputs('Atualizar_item')?['body/SolicitanteAprovacao/Email']","emailMessage/Subject":"[REQUER ATENÇÃO] ANÁLISES PARA REVISÃO | @{outputs('Atualizar_item')?['body/Navio_x002f_Produto_x003a_Navio/Value']} | @{outputs('Atualizar_item')?['body/Navio_x002f_Produto_x003a_Prd_x00/Value']} | @{outputs('Atualizar_item')?['body/Navio_x002f_Produto_x003a_Porto_/Value']}, BRASIL | @{outputs('Atualizar_item')?['body/Navio_x002f_Produto_x003a_AmSpec/Value']}","emailMessage/Body":"<table id=\"i6kx\" width=\"100%\" height=\"120\" bgcolor=\"#ae1e1e\" align=\"center\" valign=\"middle\" style=\"box-sizing: border-box; height: 120px; margin: 0 auto 10px auto; padding: 5px 5px 5px 5px; width: 100%; background-color: #ae1e1e; text-align: center; vertical-align: middle;\">\n  <tbody id=\"i359\" style=\"box-sizing: border-box;\">\n    <tr id=\"ibep\" style=\"box-sizing: border-box;\">\n      <td id=\"inqi\" valign=\"middle\" style=\"box-sizing: border-box; font-size: 12px; font-weight: 300; vertical-align: middle; color: rgb(111, 119, 125); margin: 0; padding: 20px 0 0 0;\">\n        <img id=\"i1mi\" src=\"https://www.amspecgroup.com/wp-content/uploads/2020/03/AmSpec_logo_outline.png\" width=\"160\" style=\"box-sizing: border-box; color: black; width: 160px;\">\n        <table id=\"ih6ac\" width=\"100%\" height=\"10\" style=\"box-sizing: border-box; height: 10px; margin: 0 auto 10px auto; padding: 5px 5px 5px 5px; width: 100%;\">\n          <tbody id=\"ix32\" style=\"box-sizing: border-box;\">\n            <tr id=\"iqff\" style=\"box-sizing: border-box;\">\n              <td id=\"is0n3\" height=\"10\" valign=\"top\" style=\"box-sizing: border-box; font-size: 12px; font-weight: 300; vertical-align: top; color: rgb(111, 119, 125); margin: 0; padding: 0; height: 10px;\">\n              </td>\n            </tr>\n          </tbody>\n        </table>\n        <div id=\"iq7m\" style=\"box-sizing: border-box; padding: 10px 10px 10px 10px; font-size: 28px; font-weight: 700;\">\n          <span id=\"ir9s1\" style=\"box-sizing: border-box; color: #ffffff;\"><b id=\"iz18f\" style=\"box-sizing: border-box;\">\n            <span id=\"illci\" style=\"box-sizing: border-box; font-size: 21pt; font-family: Calibri, sans-serif;\">RESULTADOS DE ANÁLISES - @{toUpper(outputs('Atualizar_item')?['body/StatusdeAprova_x00e7__x00e3_o/Value'])}</span>\n            </b></span>\n        </div>\n        <table id=\"impzy\" width=\"100%\" height=\"10\" style=\"box-sizing: border-box; height: 10px; margin: 0 auto 10px auto; padding: 5px 5px 5px 5px; width: 100%;\">\n          <tbody id=\"it0b5\" style=\"box-sizing: border-box;\">\n            <tr id=\"irenk\" style=\"box-sizing: border-box;\">\n              <td id=\"ioboj\" height=\"10\" valign=\"top\" style=\"box-sizing: border-box; font-size: 12px; font-weight: 300; vertical-align: top; color: rgb(111, 119, 125); margin: 0; padding: 0; height: 10px;\">\n              </td>\n            </tr>\n          </tbody>\n        </table>\n      </td>\n    </tr>\n  </tbody>\n</table>\n<table id=\"idxni\" width=\"100%\" height=\"30\" style=\"box-sizing: border-box; height: 30px; margin: 0 auto 10px auto; padding: 5px 5px 5px 5px; width: 100%;\">\n  <tbody id=\"iu49f\" style=\"box-sizing: border-box;\">\n    <tr id=\"ig41y\" style=\"box-sizing: border-box;\">\n      <td id=\"if9m4\" height=\"30\" valign=\"top\" style=\"box-sizing: border-box; font-size: 12px; font-weight: 300; vertical-align: top; color: rgb(111, 119, 125); margin: 0; padding: 0; height: 30px;\">\n      </td>\n    </tr>\n  </tbody>\n</table>\n<table id=\"ijau6y\" width=\"100%\" height=\"100\" style=\"box-sizing: border-box; height: 100px; margin: 0 auto 10px auto; padding: 5px 5px 5px 5px; width: 100%;\">\n  <tbody id=\"ifwtl\" style=\"box-sizing: border-box;\">\n    <tr id=\"ivcpx\" style=\"box-sizing: border-box;\">\n      <td id=\"iu1vf3\" width=\"20%\" valign=\"top\" style=\"box-sizing: border-box; font-size: 12px; font-weight: 300; vertical-align: top; color: rgb(111, 119, 125); margin: 0; padding: 0; width: 20%;\">\n      </td>\n      <td id=\"ik6dci\" width=\"60%\" valign=\"top\" style=\"box-sizing: border-box; font-size: 12px; font-weight: 300; vertical-align: top; color: rgb(111, 119, 125); margin: 0; padding: 0; width: 60%;\">\n        <div id=\"ip7458\" style=\"box-sizing: border-box; padding: 10px; color: #000000; font-size: 14px; font-family: Trebuchet MS, Helvetica, sans-serif;\">Os Resultados de Análises à seguir, precisam de revisão na plataforma ECFTO.\n          <br id=\"ip5d4\" data-gjs-type=\"default\" draggable=\"true\" style=\"box-sizing: border-box;\">\n          <br style=\"box-sizing: border-box;\">Aprovador: @{outputs('Atualizar_item')?['body/Aprovador_x0028_a_x0029_/DisplayName']}\n          <br id=\"i4oad\" data-gjs-type=\"default\" draggable=\"true\" style=\"box-sizing: border-box;\">Status das análises: <strong>@{outputs('Atualizar_item')?['body/StatusdeAprova_x00e7__x00e3_o/Value']}</strong>\n          <br id=\"ibl17\" data-gjs-type=\"default\" draggable=\"true\" style=\"box-sizing: border-box;\">Observações: <strong>@{outputs('Atualizar_item')?['body/Observacoes']}</strong>\n          <br style=\"box-sizing: border-box;\">​​​​​​​AmSpec OS: @{outputs('Atualizar_item')?['body/Navio_x002f_Produto_x003a_AmSpec/Value']}\n          <br id=\"i1492\" data-gjs-type=\"default\" draggable=\"true\" style=\"box-sizing: border-box;\">\n          <br style=\"box-sizing: border-box;\">\n        </div>\n      </td>\n      <td id=\"i2euk5\" width=\"20%\" valign=\"top\" style=\"box-sizing: border-box; font-size: 12px; font-weight: 300; vertical-align: top; color: rgb(111, 119, 125); margin: 0; padding: 0; width: 20%;\">\n      </td>\n    </tr>\n  </tbody>\n</table>\n<table width=\"100%\" height=\"20\" id=\"i4nl7s\" style=\"box-sizing: border-box; height: 20px; margin: 0 auto 10px auto; padding: 5px 5px 5px 5px; width: 100%;\">\n  <tbody id=\"i6f39z\" style=\"box-sizing: border-box;\">\n    <tr id=\"iw0t0a\" style=\"box-sizing: border-box;\">\n      <td height=\"20\" valign=\"top\" id=\"ih8od8\" style=\"box-sizing: border-box; font-size: 12px; font-weight: 300; vertical-align: top; color: rgb(111, 119, 125); margin: 0; padding: 0; height: 20px;\">\n      </td>\n    </tr>\n  </tbody>\n</table>\n<table id=\"ivfx0l\" width=\"100%\" height=\"150\" style=\"box-sizing: border-box; height: 150px; margin: 0 auto 10px auto; padding: 5px 5px 5px 5px; width: 100%;\">\n  <tbody id=\"ixsol\" style=\"box-sizing: border-box;\">\n    <tr id=\"iceh3\" style=\"box-sizing: border-box;\">\n      <td id=\"i1kspc\" width=\"20%\" valign=\"top\" style=\"box-sizing: border-box; font-size: 12px; font-weight: 300; vertical-align: top; color: rgb(111, 119, 125); margin: 0; padding: 0; width: 20%;\">\n      </td>\n      <td id=\"iosaza\" width=\"60%\" valign=\"top\" style=\"box-sizing: border-box; font-size: 12px; font-weight: 300; vertical-align: top; color: rgb(111, 119, 125); margin: 0; padding: 0; width: 60%;\">\n        <table id=\"ivgpgm\" width=\"100%\" height=\"150\" style=\"box-sizing: border-box; height: 150px; margin: 0 auto 10px auto; padding: 5px 5px 5px 5px; width: 100%;\">\n          <tbody id=\"iix6u\" style=\"box-sizing: border-box;\">\n            <tr id=\"if113\" style=\"box-sizing: border-box;\">\n              <td id=\"i143pn\" width=\"39%\" valign=\"top\" style=\"box-sizing: border-box; font-size: 12px; font-weight: 300; vertical-align: top; color: rgb(111, 119, 125); margin: 0; padding: 0; width: 39%;\">\n                <div id=\"i8xfib\" style=\"box-sizing: border-box; padding: 10px; color: #000000; font-family: Trebuchet MS, Helvetica, sans-serif; font-size: 14px; font-weight: 600;\">CLIENTE\n                </div>\n                <div id=\"iaqvxb\" style=\"box-sizing: border-box; padding: 10px; color: #000000; font-family: Trebuchet MS, Helvetica, sans-serif; font-size: 14px; font-weight: 600;\">NAVIO\n                </div>\n                <div id=\"ibklnm\" style=\"box-sizing: border-box; padding: 10px; color: #000000; font-family: Trebuchet MS, Helvetica, sans-serif; font-size: 14px; font-weight: 600;\">PRODUTO\n                </div>\n                <div id=\"ie7kgn\" style=\"box-sizing: border-box; padding: 10px; color: #000000; font-family: Trebuchet MS, Helvetica, sans-serif; font-size: 14px; font-weight: 600;\">PORTO DE DESCARGA\n                </div>\n              </td>\n              <td id=\"ib62ho\" width=\"1%\" valign=\"top\" style=\"box-sizing: border-box; font-size: 12px; font-weight: 300; vertical-align: top; color: rgb(111, 119, 125); margin: 0; padding: 0; width: 1%;\">\n                <div id=\"igf4pt\" style=\"box-sizing: border-box; padding: 10px 1px 10px 1px; color: #000000; font-family: Trebuchet MS, Helvetica, sans-serif; font-size: 14px; font-weight: 600;\">:\n                </div>\n                <div id=\"i2u8r5\" style=\"box-sizing: border-box; padding: 10px 1px 10px 1px; color: #000000; font-family: Trebuchet MS, Helvetica, sans-serif; font-size: 14px; font-weight: 600;\">:\n                </div>\n                <div id=\"ihu04l\" style=\"box-sizing: border-box; padding: 10px 1px 10px 1px; color: #000000; font-family: Trebuchet MS, Helvetica, sans-serif; font-size: 14px; font-weight: 600;\">:\n                </div>\n                <div id=\"il262t\" style=\"box-sizing: border-box; padding: 10px 1px 10px 1px; color: #000000; font-family: Trebuchet MS, Helvetica, sans-serif; font-size: 14px; font-weight: 600;\">:\n                </div>\n                <div id=\"isenld\" style=\"box-sizing: border-box; padding: 10px 1px 10px 1px; color: #000000; font-family: Trebuchet MS, Helvetica, sans-serif; font-size: 14px; font-weight: 600;\">:\n                </div>\n                <div id=\"i2f1a4\" style=\"box-sizing: border-box; padding: 10px 1px 10px 1px; color: #000000; font-family: Trebuchet MS, Helvetica, sans-serif; font-size: 14px; font-weight: 600;\">:\n                </div>\n              </td>\n              <td id=\"igc46e\" width=\"60%\" valign=\"top\" style=\"box-sizing: border-box; font-size: 12px; font-weight: 300; vertical-align: top; color: rgb(111, 119, 125); margin: 0; padding: 0; width: 60%;\">\n                <div id=\"ieo64t\" style=\"box-sizing: border-box; padding: 10px; color: #000000; font-family: Trebuchet MS, Helvetica, sans-serif; font-size: 14px; font-weight: 600;\">FERTILIZANTES TOCANTINS\n                </div>\n                <div id=\"iads2i\" style=\"box-sizing: border-box; padding: 10px; color: #000000; font-family: Trebuchet MS, Helvetica, sans-serif; font-size: 14px; font-weight: 600;\">@{outputs('Atualizar_item')?['body/Navio_x002f_Produto_x003a_Navio/Value']}\n                </div>\n                <div id=\"i4gq1v\" style=\"box-sizing: border-box; padding: 10px; color: #000000; font-family: Trebuchet MS, Helvetica, sans-serif; font-size: 14px; font-weight: 600;\">@{outputs('Atualizar_item')?['body/Navio_x002f_Produto_x003a_Prd_x00/Value']}\n                </div>\n                <div id=\"i2yfjj\" style=\"box-sizing: border-box; padding: 10px; color: #000000; font-family: Trebuchet MS, Helvetica, sans-serif; font-size: 14px; font-weight: 600;\">@{outputs('Atualizar_item')?['body/Navio_x002f_Produto_x003a_Porto_/Value']}, BRASIL\n                </div>\n              </td>\n            </tr>\n          </tbody>\n        </table>\n      </td>\n      <td id=\"iqhova\" width=\"20%\" valign=\"top\" style=\"box-sizing: border-box; font-size: 12px; font-weight: 300; vertical-align: top; color: rgb(111, 119, 125); margin: 0; padding: 0; width: 20%;\">\n      </td>\n    </tr>\n  </tbody>\n</table>\n<table width=\"100%\" height=\"20\" id=\"iyt07w\" style=\"box-sizing: border-box; height: 20px; margin: 0 auto 10px auto; padding: 5px 5px 5px 5px; width: 100%;\">\n  <tbody id=\"i51szu\" style=\"box-sizing: border-box;\">\n    <tr id=\"iew9oh\" style=\"box-sizing: border-box;\">\n      <td height=\"20\" valign=\"top\" id=\"io4p9k\" style=\"box-sizing: border-box; font-size: 12px; font-weight: 300; vertical-align: top; color: rgb(111, 119, 125); margin: 0; padding: 0; height: 20px;\">\n      </td>\n    </tr>\n  </tbody>\n</table>\n<div id=\"ibpog\" style=\"box-sizing: border-box; padding: 10px 10px 10px 10px; text-align: center; font-weight: 700; font-size: 16px; font-family: Trebuchet MS, Helvetica, sans-serif;\">COMPOSTA GERAL\n</div>\n<table id=\"ios31\" width=\"100%\" height=\"5\" style=\"box-sizing: border-box; height: 5px; margin: 0 auto 10px auto; padding: 5px 5px 5px 5px; width: 100%;\">\n  <tbody id=\"i7ojh\" style=\"box-sizing: border-box;\">\n    <tr id=\"is90r\" style=\"box-sizing: border-box;\">\n      <td id=\"invgz\" height=\"5\" valign=\"top\" style=\"box-sizing: border-box; font-size: 12px; font-weight: 300; vertical-align: top; color: rgb(111, 119, 125); margin: 0; padding: 0; height: 5px;\">\n      </td>\n    </tr>\n  </tbody>\n</table>\n<table id=\"itxpf3\" width=\"100%\" height=\"150\" style=\"box-sizing: border-box; height: 150px; margin: 0 auto 10px auto; padding: 5px 5px 5px 5px; width: 100%;\">\n  <tbody id=\"ihlh7f\" style=\"box-sizing: border-box;\">\n    <tr id=\"iodsdk\" style=\"box-sizing: border-box;\">\n      <td id=\"i2gzlz\" width=\"25%\" valign=\"top\" style=\"box-sizing: border-box; font-size: 12px; font-weight: 300; vertical-align: top; color: rgb(111, 119, 125); margin: 0; padding: 0; width: 25%;\">\n      </td>\n      <td id=\"iyd03k\" width=\"50%\" valign=\"top\" style=\"box-sizing: border-box; font-size: 12px; font-weight: 300; vertical-align: top; color: rgb(111, 119, 125); margin: 0; padding: 0; width: 50%;\">\n        <div id=\"i3y456\" style=\"box-sizing: border-box; padding: 10px;\">@{replace(replace(replace(replace(body('Análise_Química_HTML'), '<th>', '<th width=\"80px\" id=\"thtbgranu\" style=\"box-sizing: border-box; background-color: #cc0000; color: #ffffff; border: 1px solid black; text-align: center; border-collapse: collapse;\" bgcolor=\"#cc0000\" align=\"center\">'), '<table>', '<table id=\"tbgranu\" style=\"box-sizing: border-box; border: 1px solid black; text-align: center; border-collapse: collapse; width: 100%;\" width=\"100%\" align=\"center\">'), '<tr>', '<tr id=\"trtbgranu\" style=\"box-sizing: border-box;\">'), '<td>', '<td id=\"tdtbgranu\" style=\"box-sizing: border-box; border: 1px solid black; text-align: center; border-collapse: collapse;\" align=\"center\">')}\n        </div>\n      </td>\n      <td id=\"iiplxl\" width=\"25%\" valign=\"top\" style=\"box-sizing: border-box; font-size: 12px; font-weight: 300; vertical-align: top; color: rgb(111, 119, 125); margin: 0; padding: 0; width: 25%;\">\n      </td>\n    </tr>\n  </tbody>\n</table>\n<table width=\"100%\" height=\"20\" id=\"igrg5j\" style=\"box-sizing: border-box; height: 20px; margin: 0 auto 10px auto; padding: 5px 5px 5px 5px; width: 100%;\">\n  <tbody id=\"ie7dpn\" style=\"box-sizing: border-box;\">\n    <tr id=\"im1bex\" style=\"box-sizing: border-box;\">\n      <td height=\"20\" valign=\"top\" id=\"iavgmc\" style=\"box-sizing: border-box; font-size: 12px; font-weight: 300; vertical-align: top; color: rgb(111, 119, 125); margin: 0; padding: 0; height: 20px;\">\n      </td>\n    </tr>\n  </tbody>\n</table>\n<div id=\"ibegej\" style=\"box-sizing: border-box; padding: 10px 10px 10px 10px; text-align: center; font-weight: 700; font-size: 16px; font-family: Trebuchet MS, Helvetica, sans-serif;\">GRANULOMETRIA\n</div>\n<table width=\"100%\" height=\"5\" id=\"ip6wuu\" style=\"box-sizing: border-box; height: 5px; margin: 0 auto 10px auto; padding: 5px 5px 5px 5px; width: 100%;\">\n  <tbody id=\"ihq8rk\" style=\"box-sizing: border-box;\">\n    <tr id=\"iwfbjd\" style=\"box-sizing: border-box;\">\n      <td height=\"5\" valign=\"top\" id=\"ilnpm8\" style=\"box-sizing: border-box; font-size: 12px; font-weight: 300; vertical-align: top; color: rgb(111, 119, 125); margin: 0; padding: 0; height: 5px;\">\n      </td>\n    </tr>\n  </tbody>\n</table>\n<table id=\"i24l6m\" width=\"100%\" height=\"150\" style=\"box-sizing: border-box; height: 150px; margin: 0 auto 10px auto; padding: 5px 5px 5px 5px; width: 100%;\">\n  <tbody id=\"i394yj\" style=\"box-sizing: border-box;\">\n    <tr id=\"i5qoff\" style=\"box-sizing: border-box;\">\n      <td id=\"imwy1e\" width=\"20%\" valign=\"top\" style=\"box-sizing: border-box; font-size: 12px; font-weight: 300; vertical-align: top; color: rgb(111, 119, 125); margin: 0; padding: 0; width: 20%;\">\n      </td>\n      <td id=\"im78cj\" width=\"60%\" valign=\"top\" style=\"box-sizing: border-box; font-size: 12px; font-weight: 300; vertical-align: top; color: rgb(111, 119, 125); margin: 0; padding: 0; width: 60%;\">\n        <div id=\"ij50xe\" style=\"box-sizing: border-box; padding: 10px;\">@{replace(replace(replace(replace(body('Granulometria_HTML'), '<th>', '<th width=\"auto\" id=\"thtbgranu\" style=\"box-sizing: border-box; background-color: #cc0000; color: #ffffff; border: 1px solid black; text-align: center; border-collapse: collapse;\" bgcolor=\"#cc0000\" align=\"center\">'), '<table>', '<table id=\"tbgranu\" style=\"box-sizing: border-box; border: 1px solid black; text-align: center; border-collapse: collapse; width: 100%;\" width=\"100%\" align=\"center\">'), '<tr>', '<tr id=\"trtbgranu\" style=\"box-sizing: border-box;\">'), '<td>', '<td id=\"tdtbgranu\" style=\"box-sizing: border-box; border: 1px solid black; text-align: center; border-collapse: collapse;\" align=\"center\">')}\n        </div>\n      </td>\n      <td id=\"iwtn5j\" width=\"20%\" valign=\"top\" style=\"box-sizing: border-box; font-size: 12px; font-weight: 300; vertical-align: top; color: rgb(111, 119, 125); margin: 0; padding: 0; width: 20%;\">\n      </td>\n    </tr>\n  </tbody>\n</table>\n<table id=\"imt34\" width=\"100%\" height=\"60\" style=\"box-sizing: border-box; height: 60px; margin: 0 auto 10px auto; padding: 5px 5px 5px 5px; width: 100%;\">\n  <tbody id=\"i1hjs\" style=\"box-sizing: border-box;\">\n    <tr id=\"i6jmk\" style=\"box-sizing: border-box;\">\n      <td id=\"i035k\" height=\"40\" valign=\"top\" style=\"box-sizing: border-box; font-size: 12px; font-weight: 300; vertical-align: top; color: rgb(111, 119, 125); margin: 0; padding: 0; height: 40px;\">\n      </td>\n    </tr>\n  </tbody>\n</table>\n<table id=\"ipjx1k\" width=\"100%\" height=\"150\" style=\"box-sizing: border-box; height: 150px; margin: 0 auto 10px auto; padding: 5px 5px 5px 5px; width: 100%;\">\n  <tbody id=\"i1f92d\" style=\"box-sizing: border-box;\">\n    <tr id=\"ianhrg\" style=\"box-sizing: border-box;\">\n      <td id=\"ijq44v\" width=\"40%\" valign=\"top\" style=\"box-sizing: border-box; font-size: 12px; font-weight: 300; vertical-align: top; color: rgb(111, 119, 125); margin: 0; padding: 0; width: 40%;\">\n      </td>\n      <td id=\"irhjcf\" width=\"20%\" valign=\"top\" style=\"box-sizing: border-box; font-size: 12px; font-weight: 300; vertical-align: top; color: rgb(111, 119, 125); margin: 0; padding: 0; width: 20%;\">\n        <table role=\"presentation\" class=\"button\" id=\"iajnxx\" style=\"box-sizing: border-box; font-size: 12px; background-color: rgb(217, 131, 166); color: rgb(255, 255, 255); border-top-left-radius: 3px; border-top-right-radius: 3px; border-bottom-right-radius: 3px; border-bottom-left-radius: 3px; font-weight: 300; border-spacing: 0; border-collapse: collapse; padding-top: 0; padding-right: 0; padding-bottom: 0; padding-left: 0; vertical-align: middle; text-align: center; mso-table-lspace: -1pt; mso-table-rspace: -1pt; width: 100%; Margin: 0;\" width=\"100%\" bgcolor=\"rgb(217, 131, 166)\" valign=\"middle\" align=\"center\">\n          <tbody style=\"box-sizing: border-box;\">\n            <tr id=\"i7l15u\" style=\"box-sizing: border-box; padding-top: 0; padding-right: 0; padding-bottom: 0; padding-left: 0; vertical-align: middle; text-align: center;\" valign=\"middle\" align=\"center\">\n              <td id=\"ixx3rt\" style=\"box-sizing: border-box; word-wrap: break-word; -webkit-hyphens: auto; -moz-hyphens: auto; hyphens: auto; padding-top: 0; padding-right: 0; padding-bottom: 0; padding-left: 0; vertical-align: middle; text-align: center; color: #11100f; font-family: Segoe UI, SegoeUI, Roboto, 'Helvetica Neue', Arial, sans-serif; font-weight: 400; Margin: 0; line-height: 20px; font-size: 14px; border-collapse: collapse;\" valign=\"middle\" align=\"center\">\n                <table role=\"presentation\" id=\"imyjx5\" style=\"box-sizing: border-box; border-spacing: 0; border-collapse: collapse; padding-top: 0; padding-right: 0; padding-bottom: 0; padding-left: 0; vertical-align: middle; text-align: center; mso-table-lspace: -1pt; mso-table-rspace: -1pt; width: 100%;\" width=\"100%\" valign=\"middle\" align=\"center\">\n                  <tbody style=\"box-sizing: border-box;\">\n                    <tr id=\"iy561d\" style=\"box-sizing: border-box; padding-top: 0; padding-right: 0; padding-bottom: 0; padding-left: 0; vertical-align: middle; text-align: center;\" valign=\"middle\" align=\"center\">\n                      <td id=\"i3qcjq\" style=\"box-sizing: border-box; word-wrap: break-word; -webkit-hyphens: auto; -moz-hyphens: auto; hyphens: auto; padding-top: 0; padding-right: 0; padding-bottom: 0; padding-left: 0; vertical-align: middle; text-align: center; color: #ffffff; font-family: Segoe UI, SegoeUI, Roboto, 'Helvetica Neue', Arial, sans-serif; font-weight: 400; Margin: 0; line-height: 20px; font-size: 14px; background: #ae1e1e; border: 0; border-radius: 2px; border-collapse: collapse;\" valign=\"middle\" align=\"center\">\n                        <a href=\"https://amspecllc.sharepoint.com/sites/AgriBrasil/ECFTO/Lists/Anlises/AllItems.aspx?FilterField1=Navio_x002f_Produto_x003a_AmSpec&FilterValue1=@{outputs('Atualizar_item')?['body/Navio_x002f_Produto_x003a_AmSpec/Value']}&FilterType1=Lookup\" id=\"ioj7i1\" style=\"box-sizing: border-box; color: #ffffff; text-decoration: none; font-family: Segoe UI Semibold, SegoeUISemibold, Segoe UI, SegoeUI, Roboto, 'Helvetica Neue', Arial, sans-serif; font-weight: 600; padding: 12px 16px 12px 16px; text-align: center; line-height: 1; text-underline: none; mso-text-underline: none; font-size: 12px; display: inline-block; border: 0 solid #ae1e1e; border-radius: 2px; mso-border-alt: 8px solid #ae1e1e; mso-padding-alt: 0;\">Acessar\n                          Plataforma ECFTO &gt;</a>\n                      </td>\n                    </tr>\n                  </tbody>\n                </table>\n              </td>\n            </tr>\n          </tbody>\n        </table>\n      </td>\n      <td id=\"iowe0v\" width=\"40%\" valign=\"top\" style=\"box-sizing: border-box; font-size: 12px; font-weight: 300; vertical-align: top; color: rgb(111, 119, 125); margin: 0; padding: 0; width: 40%;\">\n      </td>\n    </tr>\n  </tbody>\n</table>\n<table width=\"100%\" height=\"60\" id=\"ifimto\" style=\"box-sizing: border-box; height: 60px; margin: 0 auto 10px auto; padding: 5px 5px 5px 5px; width: 100%;\">\n  <tbody id=\"iqau6d\" style=\"box-sizing: border-box;\">\n    <tr id=\"iemx4t\" style=\"box-sizing: border-box;\">\n      <td height=\"40\" valign=\"top\" id=\"i02g5g\" style=\"box-sizing: border-box; font-size: 12px; font-weight: 300; vertical-align: top; color: rgb(111, 119, 125); margin: 0; padding: 0; height: 40px;\">\n      </td>\n    </tr>\n  </tbody>\n</table>\n<table id=\"inakk\" width=\"100%\" height=\"150\" style=\"box-sizing: border-box; height: 150px; margin: 0 auto 0 auto; padding: 0 5px 5px 5px; width: 100%;\">\n  <tbody id=\"ihemj\" style=\"box-sizing: border-box;\">\n    <tr id=\"i2bg8\" style=\"box-sizing: border-box;\">\n      <td id=\"iezak\" width=\"10%\" valign=\"top\" style=\"box-sizing: border-box; font-size: 12px; font-weight: 300; vertical-align: top; color: rgb(111, 119, 125); margin: 0; padding: 0; width: 10%;\">\n      </td>\n      <td id=\"ip0oi\" width=\"60%\" valign=\"top\" style=\"box-sizing: border-box; font-size: 12px; font-weight: 300; vertical-align: top; color: rgb(111, 119, 125); margin: 0; padding: 0; width: 60%;\">\n        <div id=\"ivs42\" style=\"box-sizing: border-box; padding: 10px; text-align: center;\">\n          <b id=\"i3nef\" style=\"box-sizing: border-box;\">\n          </b>\n          <p id=\"ifwg5\" style=\"box-sizing: border-box; text-align: justify;\">\n            <b id=\"idpbv\" style=\"box-sizing: border-box;\">\n              <span lang=\"EN-GB\" id=\"ikpzd\" style=\"box-sizing: border-box; font-size: 7.0pt;\"><span id=\"i6545\" style=\"box-sizing: border-box; color: #cc0000;\">Am</span></span>\n            </b>\n            <b id=\"ig8lg\" style=\"box-sizing: border-box;\">\n              <span lang=\"EN-GB\" id=\"izfe7\" style=\"box-sizing: border-box; font-size: 7.0pt;\"><span id=\"iqfdw\" style=\"box-sizing: border-box; color: black;\">Spec DISCLAIMER</span></span>\n            </b>\n            <b id=\"i9ijt\" style=\"box-sizing: border-box;\">\n              <span lang=\"EN-GB\" id=\"ikbat\" style=\"box-sizing: border-box; font-size: 7.0pt;\"><span id=\"i93vk\" style=\"box-sizing: border-box; color: black;\">: </span></span>\n            </b>\n            <span lang=\"EN-GB\" id=\"i47lj\" style=\"box-sizing: border-box; font-size: 7.0pt;\"><span id=\"irh8i\" style=\"box-sizing: border-box; color: black;\">This e-mail message, including any attachments, is for the sole use of the addressee(s) to whom it has been sent, and may contain information that is confidential or legally protected. If you are not the intended recipient or have received this message in error, you are not authorized to copy, distribute, or otherwise use this message or its attachments. Please notify the sender immediately by return e-mail and permanently delete this message and any attachments. </span></span>\n            <b id=\"iifs4\" style=\"box-sizing: border-box;\">\n              <span lang=\"EN-GB\" id=\"ir94l\" style=\"box-sizing: border-box; font-size: 7.0pt;\"><span id=\"i0u8u\" style=\"box-sizing: border-box; color: red;\">Am</span></span>\n            </b>\n            <b id=\"i3l9a8\" style=\"box-sizing: border-box;\">\n              <span lang=\"EN-GB\" id=\"in749k\" style=\"box-sizing: border-box; font-size: 7.0pt;\"><span id=\"izn3s4\" style=\"box-sizing: border-box; color: black;\">Spec Group </span></span>\n            </b>\n            <span lang=\"EN-GB\" id=\"il07r4\" style=\"box-sizing: border-box; font-size: 7.0pt;\"><span id=\"iojy1h\" style=\"box-sizing: border-box; color: black;\">makes no warranty that this e-mail is error or virus free. </span></span>​​​​​​​\n          </p>\n        </div>\n        <div id=\"icibi\" style=\"box-sizing: border-box; padding: 10px; text-align: center;\">\n          <p id=\"i2as04\" style=\"box-sizing: border-box;\">\n            <span lang=\"EN-GB\" id=\"icvaq5\" style=\"box-sizing: border-box; font-size: 7.0pt;\"><span id=\"ilqr1e\" style=\"box-sizing: border-box; color: black;\">All services are rendered in accordance with the General Terms and Conditions of AmSpec company available on website: <a data-cke-saved-href=\"http://www.amspecgroup.com/terms-conditions/\" href=\"http://www.amspecgroup.com/terms-conditions/\" id=\"i14ey2\" style=\"box-sizing: border-box;\">http://www.amspecgroup.com/terms-conditions/</a></span></span>\n          </p>\n          <p id=\"i19s2s\" style=\"box-sizing: border-box;\">\n            <span lang=\"EN-GB\" id=\"i6mba6\" style=\"box-sizing: border-box; font-size: 7.0pt;\"><span id=\"ig7j9r\" style=\"box-sizing: border-box; color: black;\">If you are not satisfied with our services, please contact us immediately at </span></span>\n            <span lang=\"FR-CH\" id=\"ivu7kv\" style=\"box-sizing: border-box; color: black;\"><a data-cke-saved-href=\"mailto:compliance@amspecllc.com\" href=\"mailto:compliance@amspecllc.com\" id=\"ivym99\" style=\"box-sizing: border-box;\"><span lang=\"EN-GB\" id=\"iugw63\" style=\"box-sizing: border-box; font-size: 7.0pt;\">compliance@amspecgroup.com</span></a></span>\n          </p>\n        </div>\n      </td>\n      <td id=\"in2kv\" width=\"10%\" valign=\"top\" style=\"box-sizing: border-box; font-size: 12px; font-weight: 300; vertical-align: top; color: rgb(111, 119, 125); margin: 0; padding: 0; width: 10%;\">\n      </td>\n    </tr>\n  </tbody>\n</table>","emailMessage/Cc":"@{outputs('Atualizar_item')?['body/EmailAprovadorECFTO']};@{outputs('Atualizar_item')?['body/EnviadoCCAprovacao']}","emailMessage/Bcc":"Anderson.Reis@amspecgroup.com","emailMessage/Importance":"Normal"},"authentication":"@parameters('$authentication')"}},"Respond_to_a_PowerApp_or_flow":{"runAfter":{"Enviar_Relatório_de_Análises_por_Email":["Succeeded"]},"metadata":{"operationMetadataId":"9c1accbc-d1e5-41c2-ac91-692317d56f84"},"type":"Response","kind":"PowerApp","inputs":{"statusCode":200,"body":{"resposta":"Solicitação de revisão enviada com sucesso."},"schema":{"type":"object","properties":{"resposta":{"title":"resposta","x-ms-dynamically-added":true,"type":"string"}}}}}}},"expression":{"equals":["@body('Granulometria_HTML')","<table><tbody></tbody></table>"]},"metadata":{"operationMetadataId":"b9986335-5b5e-4359-98dd-c51fcf123b55"},"type":"If"}}},"connectionReferences":{"shared_sharepointonline_1":{"connectionName":"shared-sharepointonl-caf5b57e-5da1-43b7-8bae-d0af-14baa912","source":"Invoker","id":"/providers/Microsoft.PowerApps/apis/shared_sharepointonline","tier":"NotSpecified"},"shared_sharepointonline":{"connectionName":"d0ed5079cc724550980fd6fb3df8dac4","source":"Invoker","id":"/providers/Microsoft.PowerApps/apis/shared_sharepointonline","tier":"NotSpecified"},"shared_office365":{"connectionName":"shared-office365-4a96a26a-cd91-4f0d-81cb-39a7-74d50b10","source":"Embedded","id":"/providers/Microsoft.PowerApps/apis/shared_office365","tier":"NotSpecified"}},"flowFailureAlertSubscribed":false,"isManaged":false}}