{"name":"947ec74a-bed8-4d96-8d8a-a0089b214a84","id":"/providers/Microsoft.Flow/flows/947ec74a-bed8-4d96-8d8a-a0089b214a84","type":"Microsoft.Flow/flows","properties":{"apiId":"/providers/Microsoft.PowerApps/apis/shared_logicflows","displayName":"Italy - Receiving is True","definition":{"metadata":{"workflowEntityId":null,"creator":{"id":"e456b72f-9959-40a6-a475-bee3f7842ea9","type":"User","tenantId":"fddf0fb0-6be4-4e34-ace1-e795bc64c91f"},"provisioningMethod":"FromDefinition","failureAlertSubscription":true,"clientLastModifiedTime":"2019-06-12T14:16:01.3274974Z","flowclientsuspensionreason":"None","flowclientsuspensiontime":null,"processAdvisorMetadata":null},"$schema":"https://schema.management.azure.com/providers/Microsoft.Logic/schemas/2016-06-01/workflowdefinition.json#","contentVersion":"1.0.0.0","parameters":{"$connections":{"defaultValue":{},"type":"Object"},"$authentication":{"defaultValue":{},"type":"SecureObject"}},"triggers":{"When_an_item_is_created_or_modified":{"recurrence":{"frequency":"Minute","interval":1},"splitOn":"@triggerBody()?['value']","metadata":{"flowSystemMetadata":{"swaggerOperationId":"GetOnUpdatedItems"}},"type":"ApiConnection","inputs":{"host":{"connection":{"name":"@parameters('$connections')['shared_sharepointonline']['connectionId']"},"api":{"runtimeUrl":"https://flow-apim-msmanaged-na-westus-01.azure-apim.net/apim/sharepointonline"}},"method":"get","path":"/datasets/@{encodeURIComponent(encodeURIComponent('https://amspecllc.sharepoint.com/sites/EuropeTeam/FinEur/Italy/PO'))}/tables/@{encodeURIComponent(encodeURIComponent('c9a70f53-2c81-490d-bf43-52be234bed4f'))}/onupdateditems","authentication":"@parameters('$authentication')"}}},"actions":{"Condition":{"actions":{"Create_item":{"runAfter":{},"metadata":{"flowSystemMetadata":{"swaggerOperationId":"PostItem"}},"type":"ApiConnection","inputs":{"host":{"connection":{"name":"@parameters('$connections')['shared_sharepointonline']['connectionId']"},"api":{"runtimeUrl":"https://flow-apim-msmanaged-na-westus-01.azure-apim.net/apim/sharepointonline"}},"method":"post","body":{"Title":"@triggerBody()?['Title']","Location":"@triggerBody()?['Location']","PO_x0020_Number":"@triggerBody()?['PO_x0020_Number']","Start_x0020_date":"@triggerBody()?['Start_x0020_date']","Comments":"@triggerBody()?['Comments']","Approved":"@triggerBody()?['Approved']","Manager_x0020_comments":"@triggerBody()?['Manager_x0020_comments']","Invoiced_x0020_Received":"@triggerBody()?['Invoiced_x0020_Received']","Invoice_x0020_Reference":"@triggerBody()?['Internal_x0020_Reference']","Invoice_x0020_Date":"@triggerBody()?['Invoice_x0020_Date']","Receiving":"@triggerBody()?['Receiving']","Receiving_x0020_Date":"@triggerBody()?['Receiving_x0020_Date']","Internal_x0020_Reference":"@triggerBody()?['Internal_x0020_Reference']","ApprovedByPerson":"@triggerBody()?['ApprovedByPerson']","NotApproved":"@triggerBody()?['NotApproved']","ApprovalDate":"@triggerBody()?['ApprovalDate']","Supplier":{"Id":"@triggerBody()?['Supplier']?['Id']"},"Department":{"Id":"@triggerBody()?['Department']?['Id']"},"OData__x0052_ID1":"@triggerBody()?['OData__x0052_ID1']","OData__x0052_C1":"@triggerBody()?['OData__x0052_C1']","OData__x0052_Q1":"@triggerBody()?['OData__x0052_Q1']","OData__x0052_ID2":"@triggerBody()?['OData__x0052_ID2']","OData__x0052_C2":"@triggerBody()?['OData__x0052_C2']","OData__x0052_Q2":"@triggerBody()?['OData__x0052_Q2']","OData__x0052_ID3":"@triggerBody()?['OData__x0052_ID3']","OData__x0052_ID4":"@triggerBody()?['OData__x0052_ID4']","OData__x0052_ID5":"@triggerBody()?['OData__x0052_ID5']","OData__x0052_ID6":"@triggerBody()?['OData__x0052_ID6']","OData__x0052_ID7":"@triggerBody()?['OData__x0052_ID7']","OData__x0052_ID8":"@triggerBody()?['OData__x0052_ID8']","OData__x0052_ID9":"@triggerBody()?['OData__x0052_ID9']","OData__x0052_ID10":"@triggerBody()?['OData__x0052_ID10']","OData__x0052_C3":"@triggerBody()?['OData__x0052_C3']","OData__x0052_C4":"@triggerBody()?['OData__x0052_C4']","OData__x0052_C5":"@triggerBody()?['OData__x0052_C5']","OData__x0052_C6":"@triggerBody()?['OData__x0052_C6']","OData__x0052_C7":"@triggerBody()?['OData__x0052_C7']","OData__x0052_C8":"@triggerBody()?['OData__x0052_C8']","OData__x0052_C9":"@triggerBody()?['OData__x0052_C9']","OData__x0052_C10":"@triggerBody()?['OData__x0052_C10']","OData__x0052_Q3":"@triggerBody()?['OData__x0052_Q3']","OData__x0052_Q4":"@triggerBody()?['OData__x0052_Q4']","OData__x0052_Q5":"@triggerBody()?['OData__x0052_Q5']","OData__x0052_Q6":"@triggerBody()?['OData__x0052_Q6']","OData__x0052_Q7":"@triggerBody()?['OData__x0052_Q7']","OData__x0052_Q8":"@triggerBody()?['OData__x0052_Q8']","OData__x0052_Q9":"@triggerBody()?['OData__x0052_Q9']","OData__x0052_Q10":"@triggerBody()?['OData__x0052_Q10']","Remaining1":"@triggerBody()?['Remaining1']","Remaining2":"@triggerBody()?['Remaining2']","Remaining3":"@triggerBody()?['Remaining3']","Remaining4":"@triggerBody()?['Remaining4']","Remaining5":"@triggerBody()?['Remaining5']","Remaining6":"@triggerBody()?['Remaining6']","Remaining7":"@triggerBody()?['Remaining7']","Remaining8":"@triggerBody()?['Remaining8']","Remaining9":"@triggerBody()?['Remaining9']","Remaining10":"@triggerBody()?['Remaining10']"},"path":"/datasets/@{encodeURIComponent(encodeURIComponent('https://amspecllc.sharepoint.com/sites/EuropeTeam/FinEur/Italy/PO'))}/tables/@{encodeURIComponent(encodeURIComponent('abebd3f1-d534-4cfe-a4c1-47423f344732'))}/items","authentication":"@parameters('$authentication')"}}},"runAfter":{},"expression":"@equals(triggerBody()?['Receiving'], true)","type":"If"}},"outputs":{}},"connectionReferences":{"shared_sharepointonline":{"connectionName":"shared-sharepointonl-b1c13963-384e-4fd4-aa7d-cb04cce99e69","source":"Embedded","id":"/providers/Microsoft.PowerApps/apis/shared_sharepointonline","tier":"NotSpecified"}},"flowFailureAlertSubscribed":false,"isManaged":false}}