{"name":"32271ac4-b15c-4c38-bd7f-c65f7d99260e","id":"/providers/Microsoft.Flow/flows/32271ac4-b15c-4c38-bd7f-c65f7d99260e","type":"Microsoft.Flow/flows","properties":{"apiId":"/providers/Microsoft.PowerApps/apis/shared_logicflows","displayName":"Enviar Certificado API","definition":{"metadata":{"workflowEntityId":null,"processAdvisorMetadata":null,"flowclientsuspensionreason":"None","flowclientsuspensiontime":null,"creator":{"id":"e6fa3311-d0c7-418c-85e4-e25522a6c1b2","type":"User","tenantId":"fddf0fb0-6be4-4e34-ace1-e795bc64c91f"},"provisioningMethod":"FromDefinition","failureAlertSubscription":true,"clientLastModifiedTime":"2021-11-09T20:02:21.490863Z"},"$schema":"https://schema.management.azure.com/providers/Microsoft.Logic/schemas/2016-06-01/workflowdefinition.json#","contentVersion":"1.0.0.0","parameters":{"$connections":{"defaultValue":{},"type":"Object"},"$authentication":{"defaultValue":{},"type":"SecureObject"}},"triggers":{"manual":{"splitOn":"@triggerBody()['rows']","metadata":{"operationMetadataId":"1ae6838e-9b7e-4f9c-bcbc-c048260cdc1f"},"type":"Request","kind":"ApiConnection","inputs":{"schema":{"type":"object","properties":{"rows":{"type":"array","items":{"type":"object","properties":{"email":{"title":"Notificar os seguintes Endereços","type":"string","format":"email","x-ms-dynamically-added":true,"description":"Digite um endereço de email","x-ms-content-hint":"EMAIL"},"entity":{"type":"object","properties":{"ID":{"title":"ID","type":"integer","format":"int64"}},"required":["ID"]}},"required":["email","entity"]}}},"required":["rows"]},"host":{"connection":{"name":"@parameters('$connections')['shared_sharepointonline']['connectionId']"},"api":{"runtimeUrl":"https://flow-apim-msmanaged-na-eastus2-01.azure-apim.net/apim/sharepointonline"}},"operationId":"GetItemHybridTriggerSchema","parameters":{"dataset":"https://amspecllc.sharepoint.com/sites/AgriBrasil","table":"394876f0-27b2-4c73-b8e6-ff7a2f64da4f"},"headersSchema":{"x-ms-user-timestamp":{"title":"Carimbo de data/hora","type":"string","x-ms-dynamically-added":false}}}}},"actions":{"HTTP":{"runAfter":{"Obter_item":["Succeeded"]},"metadata":{"operationMetadataId":"1194566f-2b16-418a-807b-1af31aa795c3"},"type":"Http","inputs":{"method":"POST","uri":"https://hook.integromat.com/tdpdqesrr6t57jju8tjtq16049viorxj","body":"@outputs('Obter_item')?['body']"}},"Obter_item":{"runAfter":{},"metadata":{"operationMetadataId":"f7e75f62-041a-4afd-831b-050c53e56d7e"},"type":"OpenApiConnection","inputs":{"host":{"apiId":"/providers/Microsoft.PowerApps/apis/shared_sharepointonline","connectionName":"shared_sharepointonline_1","operationId":"GetItem"},"parameters":{"dataset":"https://amspecllc.sharepoint.com/sites/AgriBrasil","table":"394876f0-27b2-4c73-b8e6-ff7a2f64da4f","id":"@triggerBody()?['entity']?['ID']"},"authentication":{"value":"@json(decodeBase64(triggerOutputs().headers['X-MS-APIM-Tokens']))['$ConnectionKey']","type":"Raw"}}},"Condição":{"actions":{"Atualizar_item_2":{"runAfter":{},"metadata":{"operationMetadataId":"eac00992-e924-4152-9a80-e8c1ff364bc4"},"type":"OpenApiConnection","inputs":{"host":{"apiId":"/providers/Microsoft.PowerApps/apis/shared_sharepointonline","connectionName":"shared_sharepointonline_1","operationId":"PatchItem"},"parameters":{"dataset":"https://amspecllc.sharepoint.com/sites/AgriBrasil","table":"394876f0-27b2-4c73-b8e6-ff7a2f64da4f","id":"@outputs('Obter_item')?['body/ID']","item/Title":"@outputs('Obter_item')?['body/Title']","item/Navio":"@outputs('Obter_item')?['body/Navio']","item/ETA":"@outputs('Obter_item')?['body/ETA']","item/ETB":"@outputs('Obter_item')?['body/ETB']","item/Umidade":"@outputs('Obter_item')?['body/Umidade']","item/MEI":"@outputs('Obter_item')?['body/MEI']","item/TotaldeAvariados":"@outputs('Obter_item')?['body/TotaldeAvariados']","item/Quebrados":"@outputs('Obter_item')?['body/Quebrados']","item/Ardidos":"@outputs('Obter_item')?['body/Ardidos']","item/Mofados":"@outputs('Obter_item')?['body/Mofados']","item/StatusdeEnvio/Value":"Erro","item/DatadeEnvio":"@triggerOutputs()['headers']['x-ms-user-timestamp']","item/Enviadopor/Claims":"i:0#.f|membership|@{triggerOutputs()['headers']['x-ms-user-email']}","item/Picados":"@outputs('Obter_item')?['body/Picados']"},"authentication":{"value":"@json(decodeBase64(triggerOutputs().headers['X-MS-APIM-Tokens']))['$ConnectionKey']","type":"Raw"}}}},"runAfter":{"HTTP":["Succeeded"]},"else":{"actions":{"Atualizar_item":{"runAfter":{},"metadata":{"operationMetadataId":"3b1cbc4a-bb58-46bd-b32d-9d7fd2576c7a"},"type":"OpenApiConnection","inputs":{"host":{"apiId":"/providers/Microsoft.PowerApps/apis/shared_sharepointonline","connectionName":"shared_sharepointonline_1","operationId":"PatchItem"},"parameters":{"dataset":"https://amspecllc.sharepoint.com/sites/AgriBrasil","table":"394876f0-27b2-4c73-b8e6-ff7a2f64da4f","id":"@outputs('Obter_item')?['body/ID']","item/Title":"@outputs('Obter_item')?['body/Title']","item/Navio":"@outputs('Obter_item')?['body/Navio']","item/ETA":"@outputs('Obter_item')?['body/ETA']","item/ETB":"@outputs('Obter_item')?['body/ETB']","item/Umidade":"@outputs('Obter_item')?['body/Umidade']","item/MEI":"@outputs('Obter_item')?['body/MEI']","item/TotaldeAvariados":"@outputs('Obter_item')?['body/TotaldeAvariados']","item/Quebrados":"@outputs('Obter_item')?['body/Quebrados']","item/Ardidos":"@outputs('Obter_item')?['body/Ardidos']","item/Mofados":"@outputs('Obter_item')?['body/Mofados']","item/StatusdeEnvio/Value":"Enviado","item/DatadeEnvio":"@triggerOutputs()['headers']['x-ms-user-timestamp']","item/Enviadopor/Claims":"i:0#.f|membership|@{triggerOutputs()['headers']['x-ms-user-email']}","item/Picados":"@outputs('Obter_item')?['body/Picados']"},"authentication":{"value":"@json(decodeBase64(triggerOutputs().headers['X-MS-APIM-Tokens']))['$ConnectionKey']","type":"Raw"}}},"Enviar_um_email_(V2)":{"runAfter":{"Atualizar_item":["Succeeded"]},"metadata":{"operationMetadataId":"0a4a1421-8446-4714-8206-8d214c3021b2"},"type":"OpenApiConnection","inputs":{"host":{"apiId":"/providers/Microsoft.PowerApps/apis/shared_office365","connectionName":"shared_office365","operationId":"SendEmailV2"},"parameters":{"emailMessage/To":"@triggerOutputs()['headers']['x-ms-user-email']","emailMessage/Subject":"Comprovante de Envio por API | @{outputs('Atualizar_item')?['body/Navio']} | @{outputs('Atualizar_item')?['body/Produto/Value']} | @{outputs('Atualizar_item')?['body/Porto/Value']} | AGRI/BR/@{outputs('Atualizar_item')?['body/Title']}/@{outputs('Atualizar_item')?['body/Split/Value']}","emailMessage/Body":"<p>Olá @{triggerOutputs()['headers']['x-ms-user-name']},<br>\n<br>\nCertificado enviado com sucesso!<br>\n<br>\nComprovante em Anexo: Certificado_API_Amaggi_@{replace(outputs('Atualizar_item')?['body/Title'],'/','-')}_@{replace(outputs('Atualizar_item')?['body/Split/Value'],' ','_')}.json<br>\n*Para visualizar o conteúdo do arquivo json, utilize o bloco de notas (notepad) do Windows.<br>\n<br>\nEste comprovante foi gerado via sistema AmSpec em @{formatDateTime(addHours(triggerOutputs()['headers']['x-ms-user-timestamp'],-3),'dd/MM/yyyy HH:mm')}.<br>\nID Interno: @{outputs('Atualizar_item')?['body/ID']}<br>\nCódigo de resposta: @{outputs('HTTP')['statusCode']}<br>\n<br>\nInformações importantes:<br>\n- As informações contidas neste e-mail são sigilosas e não devem ser compartilhadas com terceiros, pois expõe a estrutura do banco de dados do cliente.<br>\n- O arquivo JSON em sua forma original (anexo) contém carimbo de data e hora de criação em suas propriedades, alterá-lo fará com que essas informações sejam perdidas.</p>","emailMessage/From":"@string('AmSpec Brasil API <noreply.br@amspecgroup.net>')","emailMessage/Cc":"@triggerBody()['email']","emailMessage/Attachments":[{"Name":"Certificado_API_Amaggi_@{replace(outputs('Atualizar_item')?['body/Title'],'/','-')}_@{replace(outputs('Atualizar_item')?['body/Split/Value'],' ','_')}.json","ContentBytes":"@body('HTTP')"}]},"authentication":{"value":"@json(decodeBase64(triggerOutputs().headers['X-MS-APIM-Tokens']))['$ConnectionKey']","type":"Raw"}}}}},"expression":{"equals":["@string(body('HTTP'))","@string('400')"]},"metadata":{"operationMetadataId":"61573af5-d0d6-48e4-afc0-c242300606de"},"type":"If"}},"outputs":{}},"connectionReferences":{"shared_sharepointonline":{"connectionName":"shared-sharepointonl-caf5b57e-5da1-43b7-8bae-d0af-14baa912","source":"Invoker","id":"/providers/Microsoft.PowerApps/apis/shared_sharepointonline","tier":"NotSpecified"},"shared_sharepointonline_1":{"connectionName":"d0ed5079cc724550980fd6fb3df8dac4","source":"Invoker","id":"/providers/Microsoft.PowerApps/apis/shared_sharepointonline","tier":"NotSpecified"},"shared_office365":{"connectionName":"shared-office365-4a96a26a-cd91-4f0d-81cb-39a7-74d50b10","source":"Invoker","id":"/providers/Microsoft.PowerApps/apis/shared_office365","tier":"NotSpecified"}},"flowFailureAlertSubscribed":false,"isManaged":false}}