{"name":"24e7953a-f76b-4ce5-9c2b-06de6bfc60a1","id":"/providers/Microsoft.Flow/flows/24e7953a-f76b-4ce5-9c2b-06de6bfc60a1","type":"Microsoft.Flow/flows","properties":{"apiId":"/providers/Microsoft.PowerApps/apis/shared_logicflows","displayName":"PRA Follow up on a message","definition":{"metadata":{"workflowEntityId":null,"processAdvisorMetadata":null,"flowclientsuspensionreason":"None","flowclientsuspensiontime":null,"creator":{"id":"79bf7d7a-0ac1-4a32-b262-3115e0d3f1fb","type":"User","tenantId":"fddf0fb0-6be4-4e34-ace1-e795bc64c91f"},"provisioningMethod":"FromTemplate","failureAlertSubscription":true,"clientLastModifiedTime":"2022-04-01T19:06:12.6449577Z"},"$schema":"https://schema.management.azure.com/providers/Microsoft.Logic/schemas/2016-06-01/workflowdefinition.json#","contentVersion":"1.0.0.0","parameters":{"$connections":{"defaultValue":{},"type":"Object"},"$authentication":{"defaultValue":{},"type":"SecureObject"}},"triggers":{"manual":{"splitOn":"@triggerBody()['rows']","metadata":{"flowSystemMetadata":{"swaggerOperationId":"ForASelectedMessage","taskModuleWidth":null,"taskModuleHeight":null,"inputsAdaptiveCard":"{\"$schema\":\"http://adaptivecards.io/schemas/adaptive-card.json\",\"type\":\"AdaptiveCard\",\"version\":\"1.2\",\"body\":[{\"type\":\"TextBlock\",\"text\":\"When do you want to be reminded about the message?\",\"weight\":\"Bolder\",\"size\":\"Medium\"},{\"type\":\"TextBlock\",\"text\":\"Date:\",\"wrap\":true},{\"type\":\"Input.Date\",\"spacing\":\"None\",\"id\":\"remindDate\"},{\"type\":\"TextBlock\",\"text\":\"Time:\",\"wrap\":true},{\"type\":\"Input.Time\",\"spacing\":\"None\",\"id\":\"remindTime\"},{\"placeholder\":\"Notes for reminder\",\"type\":\"Input.Text\",\"id\":\"NotesForReminder\",\"isMultiline\":true}],\"-ms-tokens\":{}}"}},"type":"Request","kind":"ApiConnection","inputs":{"schema":{"type":"object","properties":{},"required":[]},"host":{"connection":{"name":"@parameters('$connections')['shared_teams']['connectionId']"},"api":{"runtimeUrl":"https://flow-apim-msmanaged-na-northcentralus-01.azure-apim.net/apim/teams"}},"operationId":"ForASelectedMessage","parameters":{"inputsAdaptiveCard":"{\"$schema\":\"http://adaptivecards.io/schemas/adaptive-card.json\",\"type\":\"AdaptiveCard\",\"version\":\"1.2\",\"body\":[{\"type\":\"TextBlock\",\"text\":\"When do you want to be reminded about the message?\",\"weight\":\"Bolder\",\"size\":\"Medium\"},{\"type\":\"TextBlock\",\"text\":\"Date:\",\"wrap\":true},{\"type\":\"Input.Date\",\"spacing\":\"None\",\"id\":\"remindDate\"},{\"type\":\"TextBlock\",\"text\":\"Time:\",\"wrap\":true},{\"type\":\"Input.Time\",\"spacing\":\"None\",\"id\":\"remindTime\"},{\"placeholder\":\"Notes for reminder\",\"type\":\"Input.Text\",\"id\":\"NotesForReminder\",\"isMultiline\":true}],\"-ms-tokens\":{}}"}}}},"actions":{"Initialize_variable":{"runAfter":{},"metadata":{"operationMetadataId":"172d5437-b56e-4614-8d8a-bb0b051b0224"},"type":"InitializeVariable","inputs":{"variables":[{"name":"delayUntilTime","type":"string","value":"@{triggerBody()?['entity']?['cardOutputs']?['remindDate']} @{triggerBody()?['entity']?['cardOutputs']?['remindTime']}"}]}},"Initialize_variable_for_Notes":{"runAfter":{"Initialize_variable":["Succeeded"]},"metadata":{"operationMetadataId":"651e7fea-a55d-4fa4-9678-73718e85b422"},"type":"InitializeVariable","inputs":{"variables":[{"name":"Notes","type":"string","value":"@{triggerBody()?['entity']?['cardOutputs']?['notesForReminder']}"}]}},"Condition":{"actions":{},"runAfter":{"Condition_3":["Succeeded"]},"else":{"actions":{"Set_variable":{"runAfter":{},"metadata":{"operationMetadataId":"17318f3c-6558-4471-8b56-ad269d745bb1"},"type":"SetVariable","inputs":{"name":"Notes","value":"Notes: "}}}},"expression":{"equals":["","@string('')"]},"metadata":{"operationMetadataId":"4d493b73-32b4-4dc9-b2aa-7ce17ffe6ad3"},"type":"If"},"Convert_time_zone":{"runAfter":{"Condition":["Succeeded"]},"metadata":{"operationMetadataId":"4df04585-35ea-4e53-90b4-8123262167f2"},"type":"Expression","kind":"ConvertTimeZone","inputs":{"baseTime":"@variables('delayUntilTime')","formatString":"o","sourceTimeZone":"@triggerBody()?['entity']?['teamsFlowRunContext']?['localTimezone']","destinationTimeZone":"UTC"}},"Get_my_profile_(V2)":{"runAfter":{"Convert_time_zone":["Succeeded"]},"metadata":{"operationMetadataId":"5abe0ffc-5b4d-48da-b90b-e205c1f89227"},"type":"OpenApiConnection","inputs":{"host":{"apiId":"/providers/Microsoft.PowerApps/apis/shared_office365users","connectionName":"shared_office365users","operationId":"MyProfile_V2"},"parameters":{},"authentication":{"value":"@json(decodeBase64(triggerOutputs().headers['X-MS-APIM-Tokens']))['$ConnectionKey']","type":"Raw"}}},"Delay_until":{"runAfter":{"Get_my_profile_(V2)":["Succeeded"]},"metadata":{"operationMetadataId":"bd815c2a-9cac-4b80-a0eb-7594519fedfb"},"type":"Wait","inputs":{"until":{"timestamp":"@body('Convert_time_zone')"}}},"Condition_2":{"actions":{"Post_a_feed_notification":{"runAfter":{},"metadata":{"operationMetadataId":"208a3dde-92cb-4ca4-af89-899421c76ff7"},"type":"OpenApiConnection","inputs":{"host":{"apiId":"/providers/Microsoft.PowerApps/apis/shared_teams","connectionName":"shared_teams","operationId":"PostFeedNotification"},"parameters":{"poster":"Flow bot","notificationType":"groupchat","body/recipient":"@outputs('Get_my_profile_(V2)')?['body/userPrincipalName']","body/previewText":"@variables('Notes')","body/chatRecipient":"@triggerBody()?['entity']?['teamsFlowRunContext']?['conversation']?['id']","body/messageId":"@triggerBody()?['entity']?['teamsFlowRunContext']?['messagePayload']?['id']"},"authentication":{"value":"@json(decodeBase64(triggerOutputs().headers['X-MS-APIM-Tokens']))['$ConnectionKey']","type":"Raw"}}}},"runAfter":{"Delay_until":["Succeeded"]},"else":{"actions":{"Post_a_feed_notification_2":{"runAfter":{},"metadata":{"operationMetadataId":"aadfcdd0-d877-4a6c-9a09-6dde6b2d60a3"},"type":"OpenApiConnection","inputs":{"host":{"apiId":"/providers/Microsoft.PowerApps/apis/shared_teams","connectionName":"shared_teams","operationId":"PostFeedNotification"},"parameters":{"poster":"Flow bot","notificationType":"team","body/recipient":"@outputs('Get_my_profile_(V2)')?['body/userPrincipalName']","body/previewText":"@variables('Notes')","body/channelRecipient/groupId":"@triggerBody()?['entity']?['teamsFlowRunContext']?['channelData']?['team']?['aadGroupId']","body/channelRecipient/channelId":"@triggerBody()?['entity']?['teamsFlowRunContext']?['channelData']?['channel']?['id']","body/messageId":"@triggerBody()?['entity']?['teamsFlowRunContext']?['messagePayload']?['id']"},"authentication":{"value":"@json(decodeBase64(triggerOutputs().headers['X-MS-APIM-Tokens']))['$ConnectionKey']","type":"Raw"}}}}},"expression":{"equals":["@triggerBody()?['entity']?['teamsFlowRunContext']?['channelData']?['channel']?['id']","@null"]},"metadata":{"operationMetadataId":"60acbae2-5735-422f-97b5-1489eec2217a"},"type":"If"},"Condition_3":{"actions":{"Set_variable_2":{"runAfter":{},"metadata":{"operationMetadataId":"050fa3a5-e8b1-4764-ab57-f1da7330fba9"},"type":"SetVariable","inputs":{"name":"Notes","value":"Reminder for message sent by @{triggerBody()?['entity']?['teamsFlowRunContext']?['messagePayload']?['from']?['user']?['displayName']}"}}},"runAfter":{"Initialize_variable_for_Notes":["Succeeded"]},"expression":{"equals":["@empty(variables('Notes'))","@true"]},"metadata":{"operationMetadataId":"0fdb0cdb-4e46-455b-a9b0-ceb045ae0f69"},"type":"If"}},"description":"Get reminded to follow up on a message at a time you choose."},"connectionReferences":{"shared_teams":{"connectionName":"shared-teams-292abd1a-37dd-4142-bb8b-9af7f8b37c22","source":"Invoker","id":"/providers/Microsoft.PowerApps/apis/shared_teams","tier":"NotSpecified"},"shared_office365users":{"connectionName":"shared-office365user-8fe820e8-6467-443e-97e0-3468ff9cc3c4","source":"Invoker","id":"/providers/Microsoft.PowerApps/apis/shared_office365users","tier":"NotSpecified"}},"flowFailureAlertSubscribed":false,"isManaged":false}}