{"schemaVersion":"1.0","appDefinitionTemplate":{"id":"/providers/Microsoft.PowerApps/apps/","type":"Microsoft.PowerApps/apps","tags":{"primaryDeviceWidth":"600","primaryDeviceHeight":"900","sienaVersion":"20210824T054216Z-3.21081.49.0","deviceCapabilities":"","supportsPortrait":"true","supportsLandscape":"false","primaryFormFactor":"Web","publisherVersion":"3.21081.49","minimumRequiredApiVersion":"2.2.0","hasComponent":"false","hasUnlockedComponent":"false","isUnifiedRootApp":"false"},"properties":{"appVersion":"2021-08-24T05:42:16Z","lifeCycleId":"Published","createdByClientVersion":{"major":3,"minor":21081,"build":49,"revision":0,"majorRevision":0,"minorRevision":0},"minClientVersion":{"major":3,"minor":21081,"build":49,"revision":0,"majorRevision":0,"minorRevision":0},"backgroundColor":"rgba(0, 176, 240, 1)","backgroundImageUri":"/17150713653656618520/Ndc34e045-69e8-498f-bdae-9b00557a6d26-logoSmallFile","displayName":"Email Configurations on E-Doc","description":"","commitMessage":"","appUris":{"documentUri":{"value":"/17150713653656618520/N6273a12a-6011-41c7-a4cf-b26dc1ce34c4-document.msapp"},"imageUris":[]},"createdTime":"0001-01-01T00:00:00Z","lastModifiedTime":"0001-01-01T00:00:00Z","sharedGroupsCount":0,"sharedUsersCount":0,"icons":{"smallIconUri":"/17150713653656618520/N8fd2981d-881e-43da-9764-eba7be171392-small.png","mediumIconUri":"/17150713653656618520/N7469f2ff-7f7a-4864-acf6-84b874e2539f-medium.png","largeIconUri":"/17150713653656618520/Ned93d7db-7055-4efc-84ff-926cd81d6624-large.png","wideIconUri":"/17150713653656618520/Na2c5b329-4c29-427e-b24d-fcb959c0524d-wide.png"},"connectionReferences":{"d2322c7e-225d-4c1c-a848-9eeff73ca2b0":{"id":"11a93981-676c-4606-a07f-edd11d7114a2","displayName":"SharePoint","iconUri":"https://connectoricons-prod.azureedge.net/releases/v1.0.1505/1.0.1505.2520/sharepointonline/icon.png","dataSources":["Email Configurations"],"dependencies":[],"dependents":[],"parameterHints":{},"parameterHintsV2":{},"isOnPremiseConnection":false,"bypassConsent":true,"dataSets":{"https://amspecllc.sharepoint.com/sites/EDocDev4":{"dataSources":{"Email Configurations":{"tableName":"963a7e18-2503-4b8c-9e64-cf27bdc7e91f"}}}},"apiTier":"Standard","isCustomApiConnection":false,"actions":["providers/PowerPlatform.Governance/Operations/Read","providers/PowerPlatform.Governance/Operations/Write"]}},"databaseReferences":{},"embeddedApp":{"siteId":"https://amspecllc.sharepoint.com/sites/EDocDev4","listId":"963A7E18-2503-4B8C-9E64-CF27BDC7E91F","listUrl":"https://amspecllc.sharepoint.com/sites/EDocDev4/Lists/kcsEmailConfigurations/AllItems.aspx","type":"SharepointFormApp","screenWidth":600,"screenHeight":900},"almMode":"Environment","performanceOptimizationEnabled":true,"canConsumeAppPass":true,"executionRestrictions":{"isTeamsOnly":false,"dataLossPreventionEvaluationResult":{"status":"Compliant","lastEvaluationDate":"2021-06-08T13:07:08.3048608Z","violations":[],"violationsByPolicy":[],"violationErrorMessage":"The app uses the following connectors: shared_sharepointonline."}}},"appType":"ClassicCanvasApp","appComponents":[]}}