{"name":"e7ce5c1b-545b-4287-bf41-c7f9ded40c54","id":"/providers/Microsoft.Flow/flows/e7ce5c1b-545b-4287-bf41-c7f9ded40c54","type":"Microsoft.Flow/flows","properties":{"apiId":"/providers/Microsoft.PowerApps/apis/shared_logicflows","displayName":"New DG certificate is added Test","definition":{"metadata":{"workflowEntityId":null,"processAdvisorMetadata":null,"flowclientsuspensionreason":"None","flowclientsuspensiontime":null,"creator":{"id":"92b54cd9-a569-4d92-bca0-4f330d1ea600","type":"User","tenantId":"fddf0fb0-6be4-4e34-ace1-e795bc64c91f"},"provisioningMethod":"FromDefinition","failureAlertSubscription":true,"clientLastModifiedTime":"2021-06-10T15:55:28.4910751Z"},"$schema":"https://schema.management.azure.com/providers/Microsoft.Logic/schemas/2016-06-01/workflowdefinition.json#","contentVersion":"1.0.0.0","parameters":{"$connections":{"defaultValue":{},"type":"Object"},"$authentication":{"defaultValue":{},"type":"SecureObject"},"sharepoint.site":{"defaultValue":"","type":"String"},"sharepoint.list":{"defaultValue":"","type":"String"}},"triggers":{"When_a_new_item_is_created":{"recurrence":{"frequency":"Minute","interval":5},"splitOn":"@triggerBody()?.value","metadata":{"flowSystemMetadata":{"swaggerOperationId":"GetOnNewItems"}},"type":"ApiConnection","inputs":{"host":{"connection":{"name":"@parameters('$connections')['shared_sharepointonline']['connectionId']"},"api":{"runtimeUrl":"https://flow-apim-msmanaged-na-westus-01.azure-apim.net/apim/sharepointonline"}},"method":"get","path":"/datasets/@{encodeURIComponent(encodeURIComponent('https://amspecllc.sharepoint.com/sites/AmSpecDirectory'))}/tables/@{encodeURIComponent(encodeURIComponent('employee_certificates'))}/onnewitems","authentication":"@parameters('$authentication')"},"conditions":[]}},"actions":{"Get_my_profile_(V2)":{"runAfter":{},"metadata":{"flowSystemMetadata":{"swaggerOperationId":"MyProfile_V2"}},"type":"ApiConnection","inputs":{"host":{"connection":{"name":"@parameters('$connections')['shared_office365users']['connectionId']"},"api":{"runtimeUrl":"https://flow-apim-msmanaged-na-eastus2-01.azure-apim.net/apim/office365users"}},"method":"get","path":"/codeless/v1.0/me","queries":{"$select":"givenName, mail"},"authentication":"@parameters('$authentication')"}},"Send_Email":{"runAfter":{"Get_my_profile_(V2)":["Succeeded"]},"metadata":{"flowSystemMetadata":{"swaggerOperationId":"SendEmailV2"}},"type":"ApiConnection","inputs":{"host":{"connection":{"name":"@parameters('$connections')['shared_office365']['connectionId']"},"api":{"runtimeUrl":"https://flow-apim-msmanaged-na-centralus-01.azure-apim.net/apim/office365"}},"method":"post","body":{"To":"DGHelp@amspecgroup.com","Subject":"New DG Shipper certificate added","Body":"Hi DGHelp Team,  <BR>\n\nA new DG shipper certificate was added at @{coalesce(triggerBody()?['Created'],'')} by @{coalesce(triggerBody()?['Author']?['DisplayName'],'someone')}. <BR><BR>\n\nDetails: @{coalesce(triggerBody()?['{Name}'],'A SharePoint item')}<BR><BR>\n\nShipper: @{triggerBody()?['Employee']?['Value']} <BR>\nDate Certified: @{triggerBody()?['Date_x0020_Certified']}<BR>\nDate Expires: @{triggerBody()?['Date_x0020_Expires']}<BR>\nCertifying body: @{triggerBody()?['certifyingBody0']?['Value']}<BR>\nCertificate: @{triggerBody()?['certificate_Category0']?['Value']}<BR><BR>\n\nCertificate Link:\n @{triggerBody()?['{Link}']}<BR>\n","From":"notification@amspecgroup.net","Cc":"Amr.Guenena@amspecgroup.com"},"path":"/v2/Mail","authentication":"@parameters('$authentication')"}},"Start_and_wait_for_an_approval":{"runAfter":{"Send_Email":["Succeeded"]},"metadata":{"flowSystemMetadata":{"swaggerOperationId":"StartAndWaitForAnApproval"}},"type":"ApiConnectionWebhook","inputs":{"host":{"connection":{"name":"@parameters('$connections')['shared_approvals']['connectionId']"},"api":{"runtimeUrl":"https://flow-apim-msmanaged-na-northcentralus-01.azure-apim.net/apim/approvals"}},"body":{"notificationUrl":"@{listCallbackUrl()}","title":"DG Shipper Certification Approval request","assignedTo":"DGHelp@amspecgroup.com;Amr.Guenena@amspecgroup.com;","details":"\nShipper: @{triggerBody()?['Employee']?['Value']} \nDate Certified: @{triggerBody()?['Date_x0020_Certified']} \nDate Expires: @{triggerBody()?['Date_x0020_Expires']} \nCertifying body: @{triggerBody()?['certifyingBody0']?['Value']} \nCertificate: @{triggerBody()?['certificate_Category0']?['Value']} \n\nCertificate link:\n@{triggerBody()?['{Link}']}","itemLink":"@triggerBody()?['{Link}']","enableNotifications":true,"enableReassignment":true},"path":"/types/@{encodeURIComponent('Basic')}/subscriptions","authentication":"@parameters('$authentication')"}},"Apply_to_each":{"foreach":"@body('Start_and_wait_for_an_approval')?['responses']","actions":{"Condition":{"actions":{"Update_item":{"runAfter":{"Send_an_email_(V2)":["Succeeded"]},"metadata":{"flowSystemMetadata":{"swaggerOperationId":"PatchItem"}},"type":"ApiConnection","inputs":{"host":{"connection":{"name":"@parameters('$connections')['shared_sharepointonline']['connectionId']"},"api":{"runtimeUrl":"https://flow-apim-msmanaged-na-westus-01.azure-apim.net/apim/sharepointonline"}},"method":"patch","body":{"Date_x0020_Certified":"@triggerBody()?['Date_x0020_Certified']","approved_YN":true,"approved_by":"@items('Apply_to_each')?['responder']?['email']","ApprovedOn":"@{utcNow()}"},"path":"/datasets/@{encodeURIComponent(encodeURIComponent('https://amspecllc.sharepoint.com/sites/AmSpecDirectory'))}/tables/@{encodeURIComponent(encodeURIComponent('employee_certificates'))}/items/@{encodeURIComponent(triggerBody()?['ID'])}","authentication":"@parameters('$authentication')"}},"Get_item_-_ShipperDetails1":{"runAfter":{},"metadata":{"flowSystemMetadata":{"swaggerOperationId":"GetItem"}},"type":"ApiConnection","inputs":{"host":{"connection":{"name":"@parameters('$connections')['shared_sharepointonline']['connectionId']"},"api":{"runtimeUrl":"https://flow-apim-msmanaged-na-westus-01.azure-apim.net/apim/sharepointonline"}},"method":"get","path":"/datasets/@{encodeURIComponent(encodeURIComponent('https://amspecllc.sharepoint.com/sites/AmSpecDirectory'))}/tables/@{encodeURIComponent(encodeURIComponent('9e5d8603-273d-4a79-b02a-1a8e946557f3'))}/items/@{encodeURIComponent(triggerBody()?['Employee']?['Id'],' eq ',triggerBody()?['Employee_x003a_Employee_x0020_HR']?['Id'])}","authentication":"@parameters('$authentication')"}},"Send_an_email_(V2)":{"runAfter":{"Get_item_-_ShipperDetails1":["Succeeded"]},"metadata":{"flowSystemMetadata":{"swaggerOperationId":"SendEmailV2"}},"type":"ApiConnection","inputs":{"host":{"connection":{"name":"@parameters('$connections')['shared_office365']['connectionId']"},"api":{"runtimeUrl":"https://flow-apim-msmanaged-na-centralus-01.azure-apim.net/apim/office365"}},"method":"post","body":{"To":"@{body('Get_item_-_ShipperDetails1')?['Manager']?['Value']};@{body('Get_item_-_ShipperDetails1')['Work_x0020_Email']}","Subject":"Your DG Shipper Certificate has been approved.","Body":"<p>Your DG Shipper Certificate has been approved by<br>\n@{items('Apply_to_each')?['responder']?['displayName']}<br>\n<br>\nApprover comments: @{items('Apply_to_each')?['comments']}<br>\n<br>\nCertificate Details<br>\nShipper: @{triggerBody()?['Employee']?['Value']} &nbsp;<br>\nDate Certified: @{triggerBody()?['Date_x0020_Certified']}<br>\nDate Expires: @{triggerBody()?['Date_x0020_Expires']}<br>\nCertifying body: @{triggerBody()?['certifyingBody0']?['Value']}<br>\nCertificate: @{triggerBody()?['certificate_Category0']?['Value']}<br>\n</p>","Cc":"DGHelp@amspecgroup.com;Amr.Guenena@amspecgroup.com"},"path":"/v2/Mail","authentication":"@parameters('$authentication')"}}},"runAfter":{},"else":{"actions":{"Update_item_2":{"runAfter":{"Send_an_email_(V2)_2":["Succeeded"]},"metadata":{"flowSystemMetadata":{"swaggerOperationId":"PatchItem"}},"type":"ApiConnection","inputs":{"host":{"connection":{"name":"@parameters('$connections')['shared_sharepointonline']['connectionId']"},"api":{"runtimeUrl":"https://flow-apim-msmanaged-na-westus-01.azure-apim.net/apim/sharepointonline"}},"method":"patch","body":{"Date_x0020_Certified":"@triggerBody()?['Date_x0020_Certified']","approved_YN":false,"approved_by":"@items('Apply_to_each')?['responder']?['email']","ApprovedOn":"@{utcNow()}"},"path":"/datasets/@{encodeURIComponent(encodeURIComponent('https://amspecllc.sharepoint.com/sites/AmSpecDirectory'))}/tables/@{encodeURIComponent(encodeURIComponent('employee_certificates'))}/items/@{encodeURIComponent(triggerBody()?['ID'])}","authentication":"@parameters('$authentication')"}},"Get_item_-_ShipperDetails2":{"runAfter":{},"metadata":{"flowSystemMetadata":{"swaggerOperationId":"GetItem"}},"type":"ApiConnection","inputs":{"host":{"connection":{"name":"@parameters('$connections')['shared_sharepointonline']['connectionId']"},"api":{"runtimeUrl":"https://flow-apim-msmanaged-na-westus-01.azure-apim.net/apim/sharepointonline"}},"method":"get","path":"/datasets/@{encodeURIComponent(encodeURIComponent('https://amspecllc.sharepoint.com/sites/AmSpecDirectory'))}/tables/@{encodeURIComponent(encodeURIComponent('9e5d8603-273d-4a79-b02a-1a8e946557f3'))}/items/@{encodeURIComponent(triggerBody()?['Employee']?['Id'], ' eq ', triggerBody()?['Employee_x003a_Employee_x0020_HR']?['Id'])}","authentication":"@parameters('$authentication')"}},"Send_an_email_(V2)_2":{"runAfter":{"Get_item_-_ShipperDetails2":["Succeeded"]},"metadata":{"flowSystemMetadata":{"swaggerOperationId":"SendEmailV2"}},"type":"ApiConnection","inputs":{"host":{"connection":{"name":"@parameters('$connections')['shared_office365']['connectionId']"},"api":{"runtimeUrl":"https://flow-apim-msmanaged-na-centralus-01.azure-apim.net/apim/office365"}},"method":"post","body":{"To":"@{body('Get_item_-_ShipperDetails2')?['Manager']?['Value']};@{body('Get_item_-_ShipperDetails2')['Work_x0020_Email']}","Subject":"Sorry - Your DG shipper certificate approval request was not approved  ","Body":"<p>Your DG Shipper Certificate has been reviewed by <br>\n@{items('Apply_to_each')?['responder']?['displayName']} <br>\n<br>\n@{items('Apply_to_each')?['comments']}&nbsp;</p>"},"path":"/v2/Mail","authentication":"@parameters('$authentication')"}}}},"expression":{"equals":["@items('Apply_to_each')?['approverResponse']","Approve"]},"type":"If"}},"runAfter":{"Start_and_wait_for_an_approval":["Succeeded"]},"type":"Foreach"}}},"connectionReferences":{"shared_office365users":{"connectionName":"shared-office365user-7f0febe8-5182-4ac0-8fd4-d20f-e359963e","source":"Embedded","id":"/providers/Microsoft.PowerApps/apis/shared_office365users","tier":"NotSpecified"},"shared_office365":{"connectionName":"shared-office365-3d4ee488-32bb-4dae-92b4-872f-9867154d","source":"Embedded","id":"/providers/Microsoft.PowerApps/apis/shared_office365","tier":"NotSpecified"},"shared_approvals":{"connectionName":"shared-approvals-2e292269-edca-47c4-86e7-aa4e-66d17d39","source":"Embedded","id":"/providers/Microsoft.PowerApps/apis/shared_approvals","tier":"NotSpecified"},"shared_sharepointonline":{"connectionName":"ac9698e6f7f64695801fa48ec75abfe8","source":"Embedded","id":"/providers/Microsoft.PowerApps/apis/shared_sharepointonline","tier":"NotSpecified"}},"flowFailureAlertSubscribed":false,"isManaged":false}}