{"name":"7c1d3ee0-149b-4136-a4a0-8f318e12e22d","id":"/providers/Microsoft.Flow/flows/7c1d3ee0-149b-4136-a4a0-8f318e12e22d","type":"Microsoft.Flow/flows","properties":{"apiId":"/providers/Microsoft.PowerApps/apis/shared_logicflows","displayName":"Save Office 365 email attachments to OneDrive for Business","definition":{"metadata":{"creator":{"id":"2c213ebe-def7-45cc-a44a-985b15246d58","type":"User","tenantId":"fddf0fb0-6be4-4e34-ace1-e795bc64c91f"},"provisioningMethod":"FromDefinition","failureAlertSubscription":true,"clientLastModifiedTime":"2018-05-01T06:48:57.4321051Z","workflowEntityId":null,"flowclientsuspensionreason":"None","flowclientsuspensiontime":null,"processAdvisorMetadata":null},"$schema":"https://schema.management.azure.com/providers/Microsoft.Logic/schemas/2016-06-01/workflowdefinition.json#","contentVersion":"1.0.0.0","parameters":{"$connections":{"defaultValue":{},"type":"Object"},"$authentication":{"defaultValue":{},"type":"SecureObject"},"odb.folderPath":{"defaultValue":"","type":"String"}},"triggers":{"On_new_email":{"splitOn":"@triggerBody()?.value","metadata":{"flowSystemMetadata":{"swaggerOperationId":"OnNewEmail"}},"type":"ApiConnectionNotification","inputs":{"fetch":{"method":"get","pathTemplate":{"template":"/Mail/OnNewEmail"},"queries":{"folderPath":"Inbox","importance":"Normal","fetchOnlyWithAttachment":true,"includeAttachments":true}},"subscribe":{"method":"post","pathTemplate":{"template":"/MailSubscriptionPoke/$subscriptions"},"body":{"NotificationUrl":"@{listCallbackUrl()}"},"queries":{"folderPath":"Inbox","importance":"Normal","fetchOnlyWithAttachment":true}},"host":{"api":{"runtimeUrl":"https://flow-apim-msmanaged-na-centralus-01.azure-apim.net/apim/office365"},"connection":{"name":"@parameters('$connections')['shared_office365']['connectionId']"}},"authentication":"@parameters('$authentication')"},"conditions":[]}},"actions":{"Apply_to_each_Attachment_on_the_email":{"foreach":"@triggerBody()['Attachments']","actions":{"Create_file":{"runAfter":{},"metadata":{"flowSystemMetadata":{"swaggerOperationId":"CreateFile"}},"type":"ApiConnection","inputs":{"host":{"api":{"runtimeUrl":"https://flow-apim-msmanaged-na-northcentralus-01.azure-apim.net/apim/onedriveforbusiness"},"connection":{"name":"@parameters('$connections')['shared_onedriveforbusiness']['connectionId']"}},"method":"post","queries":{"folderPath":"/Email attachments from Flow","name":"@{item()['Name']}"},"body":"@decodeDataUri(concat('data:application/octet-stream;base64,',item()['ContentBytes']))","path":"/datasets/default/files","authentication":"@parameters('$authentication')"}}},"runAfter":{},"type":"Foreach"}},"description":"Now you can have easy access to your Office 365 email attachments from OneDrive for Business. All attachments sent to your Office 365 inbox will be saved in a folder called Email attachments from Flow."},"connectionReferences":{"shared_onedriveforbusiness":{"connectionName":"a3724703-3ab7-42bd-a630-346d-0b616834","source":"Embedded","id":"/providers/Microsoft.PowerApps/apis/shared_onedriveforbusiness","tier":"NotSpecified"},"shared_office365":{"connectionName":"b22ddc7d-0d92-4de6-a9a3-0dff-d7ea01aa","source":"Embedded","id":"/providers/Microsoft.PowerApps/apis/shared_office365","tier":"NotSpecified"}},"flowFailureAlertSubscribed":false,"isManaged":false}}