{"name":"1ce6f337-8d38-4855-8414-0be316c11a86","id":"/providers/Microsoft.Flow/flows/1ce6f337-8d38-4855-8414-0be316c11a86","type":"Microsoft.Flow/flows","properties":{"apiId":"/providers/Microsoft.PowerApps/apis/shared_logicflows","displayName":"AOBR_eSocial_2220_Get_Colab","definition":{"metadata":{"workflowEntityId":null,"processAdvisorMetadata":null,"flowclientsuspensionreason":"None","flowclientsuspensiontime":null,"creator":{"id":"e6fa3311-d0c7-418c-85e4-e25522a6c1b2","type":"User","tenantId":"fddf0fb0-6be4-4e34-ace1-e795bc64c91f"},"provisioningMethod":"FromDefinition","failureAlertSubscription":true,"clientLastModifiedTime":"2022-02-14T15:36:44.8145438Z"},"$schema":"https://schema.management.azure.com/providers/Microsoft.Logic/schemas/2016-06-01/workflowdefinition.json#","contentVersion":"1.0.0.0","parameters":{"$connections":{"defaultValue":{},"type":"Object"},"$authentication":{"defaultValue":{},"type":"SecureObject"}},"triggers":{"manual":{"metadata":{"operationMetadataId":"3bc7e520-cfc6-4ef8-8bb9-5bd2c1f3c111"},"type":"Request","kind":"Button","inputs":{"schema":{"type":"object","properties":{},"required":[]}}}},"actions":{"HTTP":{"runAfter":{},"metadata":{"operationMetadataId":"c10dcb93-5d84-4625-9c71-8006a32d952f"},"type":"Http","inputs":{"method":"POST","uri":"https://esocial.grupobrmed.com.br/o/token/","queries":{"username":"amspec","password":"-!gc%Z!5wN$S8=5R","grant_type":"password"},"authentication":{"type":"Basic","username":"YQ6TMRGm8bjCZ4PfqFAQM7JFMKv0z56n6MTeVLTH","password":"KWn5OrDbHoM2Fu5KEkPlSFOazOCh4BieM3jaF3ayQ8uBotVqU31bC2RJIUQoiMqMxE5qpH1CssDi8Z6VghjF6niHFuOAOpMiMawQtG501t7ms7yoNRTJHoCLduj9MBth"}}},"HTTP_2":{"runAfter":{"HTTP":["Succeeded"]},"metadata":{"operationMetadataId":"f9161a5c-90a2-4893-a17e-6c5347ba72a1"},"type":"Http","inputs":{"method":"GET","uri":"https://esocial.grupobrmed.com.br/events/S-2220/?format=json&release_date=2021-01-06T09:42:00","queries":"@body('HTTP')"}},"Analisar_JSON":{"runAfter":{"HTTP_2":["Succeeded"]},"metadata":{"operationMetadataId":"8ef0b28e-9ba5-4f83-b1bf-6d6c29ee16a2"},"type":"ParseJson","inputs":{"content":"@body('HTTP_2')","schema":{"type":"array","items":{"type":"object","properties":{"evtMonit":{"type":"object","properties":{"Id":{"type":"string"},"ideEvento":{"type":"object","properties":{"indRetif":{"type":"string"},"nrRecibo":{"type":"string"},"tpAmb":{"type":"string"},"procEmi":{"type":"string"},"verProc":{"type":"string"}}},"ideEmpregador":{"type":"object","properties":{"tpInsc":{"type":"string"},"nrInsc":{"type":"string"}}},"ideVinculo":{"type":"object","properties":{"cpfTrab":{"type":"string"},"matricula":{"type":"string"},"codCateg":{"type":"string"}}},"exMedOcup":{"type":"object","properties":{"tpExameOcup":{"type":"integer"},"aso":{"type":"object","properties":{"dtAso":{"type":"string"},"resAso":{"type":"integer"},"exame":{"type":"array","items":{"type":"object","properties":{"dtExm":{"type":"string"},"procRealizado":{"type":"string"},"obsProc":{},"ordExame":{"type":"integer"},"indResult":{"type":"integer"}},"required":["dtExm","procRealizado","obsProc","ordExame","indResult"]}},"medico":{"type":"object","properties":{"nmMed":{"type":"string"},"nrCRM":{"type":"string"},"ufCRM":{"type":"string"}}}}},"respMonit":{"type":"object","properties":{"cpfResp":{"type":"string"},"nmResp":{"type":"string"},"nrCRM":{"type":"string"},"ufCRM":{"type":"string"}}}}}}}},"required":["evtMonit"]}}}},"Enviar_um_email_(V2)":{"runAfter":{"Criar_Tabela_CSV":["Succeeded"]},"metadata":{"operationMetadataId":"be5b1c3f-e8ab-422d-8a23-13790373564c"},"type":"OpenApiConnection","inputs":{"host":{"apiId":"/providers/Microsoft.PowerApps/apis/shared_office365","connectionName":"shared_office365","operationId":"SendEmailV2"},"parameters":{"emailMessage/To":"Anderson.Reis@amspecgroup.com","emailMessage/Subject":"CSV ESOCIAL DATA - ID","emailMessage/Body":"<p>arquivo xml</p>","emailMessage/Attachments":[{"Name":"esocial.csv","ContentBytes":"@body('Criar_Tabela_CSV')"}]},"authentication":{"value":"@json(decodeBase64(triggerOutputs().headers['X-MS-APIM-Tokens']))['$ConnectionKey']","type":"Raw"}}},"Criar_Tabela_CSV":{"runAfter":{"Analisar_JSON":["Succeeded"]},"metadata":{"operationMetadataId":"2cd4c324-c012-47db-9943-cf74a753f3a7"},"type":"Table","inputs":{"from":"@body('Analisar_JSON')","format":"CSV","columns":[{"header":"cpfTrab","value":"@item()?['evtMonit']?['ideVinculo']?['cpfTrab']"},{"header":"dtAso","value":"@item()?['evtMonit']?['exMedOcup']?['aso']?['dtAso']"}]}}}},"connectionReferences":{"shared_office365":{"connectionName":"shared-office365-4a96a26a-cd91-4f0d-81cb-39a7-74d50b10","source":"Invoker","id":"/providers/Microsoft.PowerApps/apis/shared_office365","tier":"NotSpecified"}},"flowFailureAlertSubscribed":false,"isManaged":false}}