{"schemaVersion":"1.0","appDefinitionTemplate":{"id":"/providers/Microsoft.PowerApps/apps/","type":"Microsoft.PowerApps/apps","tags":{"sp-site-id":"https://amspecllc.sharepoint.com/sites/EuropeTeam/FinEur/ARA","sp-list-id":"243138a4-493a-4a29-a90c-375fd9eec4bc","https://amspecllc.sharepoint.com/sites/EuropeTeam/FinEur/ARA":"243138a4-493a-4a29-a90c-375fd9eec4bc","primaryDeviceWidth":"640","primaryDeviceHeight":"1136","sienaVersion":"20201103T130320Z-3.20102.16.0","deviceCapabilities":"","supportsPortrait":"true","supportsLandscape":"false","primaryFormFactor":"Phone","publisherVersion":"3.20102.16","minimumRequiredApiVersion":"2.2.0","hasComponent":"false","hasUnlockedComponent":"false","isUnifiedRootApp":"false"},"properties":{"appVersion":"2020-11-03T13:03:20Z","lifeCycleId":"Published","createdByClientVersion":{"major":3,"minor":20102,"build":16,"revision":0,"majorRevision":0,"minorRevision":0},"minClientVersion":{"major":3,"minor":20102,"build":16,"revision":0,"majorRevision":0,"minorRevision":0},"backgroundColor":"rgba(0, 176, 240, 1)","backgroundImageUri":"/9143008403406632986/Nf9e9a52a-3fa0-4e43-9eda-eb511f984554-logoSmallFile","displayName":"Verbruik","description":"","commitMessage":"","appUris":{"documentUri":{"value":"/9143008403406632986/Nf6537554-57d1-433a-98e8-e65e2d0ffdb5-document.msapp"},"imageUris":[]},"createdTime":"0001-01-01T00:00:00Z","lastModifiedTime":"0001-01-01T00:00:00Z","sharedGroupsCount":0,"sharedUsersCount":0,"icons":{"smallIconUri":"/9143008403406632986/Nb09a9c96-3692-452d-a82f-6b7451530867-small.png","mediumIconUri":"/9143008403406632986/N956c5a54-02bf-4c04-9406-3903c948d13a-medium.png","largeIconUri":"/9143008403406632986/N6b72d702-60b4-4226-b0df-26e7dad6d948-large.png","wideIconUri":"/9143008403406632986/N7b77329e-13b8-483e-bd2c-1f1d1659e5cd-wide.png"},"connectionReferences":{"cd60abd9-7254-495c-ad4c-0982bbba1acf":{"id":"11a93981-676c-4606-a07f-edd11d7114a2","displayName":"SharePoint","iconUri":"https://connectoricons-prod.azureedge.net/releases/v1.0.1402/1.0.1402.2163/sharepointonline/icon.png","dataSources":["Approval"],"dependencies":[],"dependents":[],"parameterHints":{},"isOnPremiseConnection":false,"dataSets":{"https://amspecllc.sharepoint.com/sites/EuropeTeam/FinEur/ARA":{"dataSources":{"Approval":{"tableName":"243138a4-493a-4a29-a90c-375fd9eec4bc"}}}},"apiTier":"Standard","isCustomApiConnection":false}},"databaseReferences":{},"almMode":"Environment","performanceOptimizationEnabled":true,"canConsumeAppPass":true,"executionRestrictions":{"isTeamsOnly":false,"dataLossPreventionEvaluationResult":{"status":"Compliant","lastEvaluationDate":"2020-11-03T13:03:31.2241652Z","violationDetails":[]}}},"isAppComponentLibrary":false,"appType":"ClassicCanvasApp","appComponents":[]}}