{"name":"d49031d6-8781-493c-8937-64ecf6559f06","id":"/providers/Microsoft.Flow/flows/d49031d6-8781-493c-8937-64ecf6559f06","type":"Microsoft.Flow/flows","properties":{"apiId":"/providers/Microsoft.PowerApps/apis/shared_logicflows","displayName":"Gerador PDF","definition":{"metadata":{"workflowEntityId":null,"flowclientsuspensionreason":"None","flowclientsuspensiontime":null,"creator":{"id":"e6fa3311-d0c7-418c-85e4-e25522a6c1b2","type":"User","tenantId":"fddf0fb0-6be4-4e34-ace1-e795bc64c91f"},"provisioningMethod":"FromDefinition","failureAlertSubscription":true,"clientLastModifiedTime":"2021-01-18T07:23:48.3276554Z","processAdvisorMetadata":null},"$schema":"https://schema.management.azure.com/providers/Microsoft.Logic/schemas/2016-06-01/workflowdefinition.json#","contentVersion":"1.0.0.0","parameters":{"$connections":{"defaultValue":{},"type":"Object"},"$authentication":{"defaultValue":{},"type":"SecureObject"}},"triggers":{"manual":{"type":"Request","kind":"PowerApp","inputs":{"schema":{"type":"object","properties":{},"required":[]}}}},"actions":{"Obter_itens":{"runAfter":{},"type":"OpenApiConnection","inputs":{"host":{"apiId":"/providers/Microsoft.PowerApps/apis/shared_sharepointonline","connectionName":"shared_sharepointonline","operationId":"GetItems"},"parameters":{"dataset":"https://amspecllc.sharepoint.com/sites/AgriBrasil","table":"3cc60c42-4226-407c-a540-3cdfd1e47bf0"},"authentication":{"value":"@json(decodeBase64(triggerOutputs().headers['X-MS-APIM-Tokens']))['$ConnectionKey']","type":"Raw"}}},"Criar_Tabela_HTML":{"runAfter":{"Obter_itens":["Succeeded"]},"type":"Table","inputs":{"from":"@outputs('Obter_itens')?['body/value']","format":"HTML","columns":[{"header":"Porto","value":"@item()?['Title']"},{"header":"Estado","value":"@item()?['Estado']"},{"header":"País","value":"@item()?['Pa_x00ed_s']"}]}},"Converter_arquivo":{"runAfter":{"Criar_arquivo_2":["Succeeded"]},"type":"OpenApiConnection","inputs":{"host":{"apiId":"/providers/Microsoft.PowerApps/apis/shared_onedriveforbusiness","connectionName":"shared_onedriveforbusiness","operationId":"ConvertFile"},"parameters":{"id":"@outputs('Criar_arquivo_2')?['body/Id']","type":"PDF"},"authentication":{"value":"@json(decodeBase64(triggerOutputs().headers['X-MS-APIM-Tokens']))['$ConnectionKey']","type":"Raw"}}},"Criar_arquivo":{"runAfter":{"Converter_arquivo":["Succeeded"]},"type":"OpenApiConnection","inputs":{"host":{"apiId":"/providers/Microsoft.PowerApps/apis/shared_sharepointonline","connectionName":"shared_sharepointonline","operationId":"CreateFile"},"parameters":{"dataset":"https://amspecllc.sharepoint.com/sites/AgriBrasil","folderPath":"/Documentos Compartilhados","name":"@outputs('Converter_arquivo')?['headers/x-ms-file-name']","body":"@outputs('Converter_arquivo')?['body']"},"authentication":{"value":"@json(decodeBase64(triggerOutputs().headers['X-MS-APIM-Tokens']))['$ConnectionKey']","type":"Raw"}},"runtimeConfiguration":{"contentTransfer":{"transferMode":"Chunked"}}},"Criar_arquivo_2":{"runAfter":{"Criar_Tabela_HTML":["Succeeded"]},"type":"OpenApiConnection","inputs":{"host":{"apiId":"/providers/Microsoft.PowerApps/apis/shared_onedriveforbusiness","connectionName":"shared_onedriveforbusiness","operationId":"CreateFile"},"parameters":{"folderPath":"/Documents","name":"Novo@{utcNow()}.html","body":"\"<html>\n<head><meta http-equiv=Content-Type content=\"\"text/html; charset=UTF-8\"\">\n<style type=\"\"text/css\"\">\n<!--\nspan.cls_002{font-family:Calibri,serif;font-size:11.1px;color:rgb(0,0,0);font-weight:normal;font-style:normal;text-decoration: none}\ndiv.cls_002{font-family:Calibri,serif;font-size:11.1px;color:rgb(0,0,0);font-weight:normal;font-style:normal;text-decoration: none}\nspan.cls_008{font-family:Arial,serif;font-size:16.0px;color:rgb(0,0,0);font-weight:bold;font-style:normal;text-decoration: none}\ndiv.cls_008{font-family:Arial,serif;font-size:16.0px;color:rgb(0,0,0);font-weight:bold;font-style:normal;text-decoration: none}\nspan.cls_028{font-family:Arial,serif;font-size:14.1px;color:rgb(0,0,0);font-weight:bold;font-style:normal;text-decoration: underline}\ndiv.cls_028{font-family:Arial,serif;font-size:14.1px;color:rgb(0,0,0);font-weight:bold;font-style:normal;text-decoration: none}\nspan.cls_007{font-family:Arial,serif;font-size:9.1px;color:rgb(0,0,0);font-weight:bold;font-style:normal;text-decoration: none}\ndiv.cls_007{font-family:Arial,serif;font-size:9.1px;color:rgb(0,0,0);font-weight:bold;font-style:normal;text-decoration: none}\nspan.cls_011{font-family:Arial,serif;font-size:10.0px;color:rgb(0,0,0);font-weight:normal;font-style:normal;text-decoration: none}\ndiv.cls_011{font-family:Arial,serif;font-size:10.0px;color:rgb(0,0,0);font-weight:normal;font-style:normal;text-decoration: none}\nspan.cls_012{font-family:Arial,serif;font-size:10.0px;color:rgb(0,0,0);font-weight:bold;font-style:normal;text-decoration: none}\ndiv.cls_012{font-family:Arial,serif;font-size:10.0px;color:rgb(0,0,0);font-weight:bold;font-style:normal;text-decoration: none}\nspan.cls_020{font-family:Arial,serif;font-size:5.7px;color:rgb(34,31,31);font-weight:normal;font-style:normal;text-decoration: none}\ndiv.cls_020{font-family:Arial,serif;font-size:5.7px;color:rgb(34,31,31);font-weight:normal;font-style:normal;text-decoration: none}\nspan.cls_021{font-family:Arial,serif;font-size:5.7px;color:rgb(34,31,31);font-weight:bold;font-style:normal;text-decoration: none}\ndiv.cls_021{font-family:Arial,serif;font-size:5.7px;color:rgb(34,31,31);font-weight:bold;font-style:normal;text-decoration: none}\nspan.cls_023{font-family:Arial,serif;font-size:9.1px;color:rgb(0,0,0);font-weight:normal;font-style:normal;text-decoration: none}\ndiv.cls_023{font-family:Arial,serif;font-size:9.1px;color:rgb(0,0,0);font-weight:normal;font-style:normal;text-decoration: none}\n-->\n</style>\n<script type=\"\"text/javascript\"\" src=\"\"af5f7546-58f4-11eb-8b25-0cc47a792c0a_id_af5f7546-58f4-11eb-8b25-0cc47a792c0a_files/wz_jsgraphics.js\"\"></script>\n</head>\n<body>\n<div style=\"\"position:absolute;left:50%;margin-left:-297px;top:0px;width:595px;height:842px;border-style:outset;overflow:hidden\"\">\n<div style=\"\"position:absolute;left:0px;top:0px\"\">\n\n\n\n\n\n<img \n\nsrc=\"\"https://amspecllc.sharepoint.com/sites/AgriBrasil/SiteAssets/Timbrado%201%20AmSpec.jpg\"\" \n\nwidth=\"\"595\"\" height=\"\"842\"\"></div>\n\n\n\n\n\n<div style=\"\"position:absolute;left:277.61px;top:59.72px\"\" class=\"\"cls_002\"\"><span class=\"\"cls_002\"\">Certificate No.: AGRI/BR/STS0783/2020</span></div>\n<div style=\"\"position:absolute;left:404.86px;top:78.94px\"\" class=\"\"cls_002\"\"><span class=\"\"cls_002\"\">Page 1 of 1</span></div>\n<div style=\"\"position:absolute;left:467.38px;top:116.02px\"\" class=\"\"cls_008\"\"><span class=\"\"cls_008\"\">ORIGINAL</span></div>\n<div style=\"\"position:absolute;left:241.85px;top:127.90px\"\" class=\"\"cls_028\"\"><span class=\"\"cls_028\"\">WEIGHT CERTIFICATE</span></div>\n<div style=\"\"position:absolute;left:63.26px;top:149.50px\"\" class=\"\"cls_007\"\"><span class=\"\"cls_007\"\">NAME OF THE VESSEL</span></div>\n<div style=\"\"position:absolute;left:199.73px;top:149.50px\"\" class=\"\"cls_007\"\"><span class=\"\"cls_007\"\">: DUCHESS ROSARIO</span></div>\n<div style=\"\"position:absolute;left:63.26px;top:162.94px\"\" class=\"\"cls_007\"\"><span class=\"\"cls_007\"\">B/L NO AND DATED</span></div>\n<div style=\"\"position:absolute;left:199.73px;top:162.94px\"\" class=\"\"cls_007\"\"><span class=\"\"cls_007\"\">: 1 AND 2 - DATED SEPTEMBER 28TH, 2020</span></div>\n<div style=\"\"position:absolute;left:63.26px;top:176.38px\"\" class=\"\"cls_007\"\"><span class=\"\"cls_007\"\">QUANTITY</span></div>\n<div style=\"\"position:absolute;left:199.73px;top:176.38px\"\" class=\"\"cls_007\"\"><span class=\"\"cls_007\"\">: 66,000.000 METRIC TONS</span></div>\n<div style=\"\"position:absolute;left:63.26px;top:189.94px\"\" class=\"\"cls_007\"\"><span class=\"\"cls_007\"\">GOODS DESCRIPTION</span></div>\n<div style=\"\"position:absolute;left:199.73px;top:189.94px\"\" class=\"\"cls_007\"\"><span class=\"\"cls_007\"\">: BRAZILIAN YELLOW MAIZE IN BULK</span></div>\n<div style=\"\"position:absolute;left:63.26px;top:203.38px\"\" class=\"\"cls_007\"\"><span class=\"\"cls_007\"\">PORT OF LOADING</span></div>\n<div style=\"\"position:absolute;left:199.73px;top:203.38px\"\" class=\"\"cls_007\"\"><span class=\"\"cls_007\"\">: SANTOS, BRAZIL</span></div>\n<div style=\"\"position:absolute;left:63.26px;top:216.94px\"\" class=\"\"cls_007\"\"><span class=\"\"cls_007\"\">PORT OF DISCHARGE</span></div>\n<div style=\"\"position:absolute;left:199.73px;top:216.94px\"\" class=\"\"cls_007\"\"><span class=\"\"cls_007\"\">: JAPANESE PORT(S)</span></div>\n<div style=\"\"position:absolute;left:63.26px;top:230.38px\"\" class=\"\"cls_007\"\"><span class=\"\"cls_007\"\">NOTIFY</span></div>\n<div style=\"\"position:absolute;left:199.73px;top:230.38px\"\" class=\"\"cls_007\"\"><span class=\"\"cls_007\"\">: MITSUI & CO., LTD., TOKYO, JAPAN</span></div>\n<div style=\"\"position:absolute;left:63.26px;top:243.97px\"\" class=\"\"cls_007\"\"><span class=\"\"cls_007\"\">CONSIGNEE</span></div>\n<div style=\"\"position:absolute;left:199.73px;top:243.97px\"\" class=\"\"cls_007\"\"><span class=\"\"cls_007\"\">: TO ORDER</span></div>\n<div style=\"\"position:absolute;left:60.98px;top:276.37px\"\" class=\"\"cls_011\"\"><span class=\"\"cls_011\"\">We, AmSpec Agri, first class independent supervision company and GAFTA Approved Superintendent, herewith</span></div>\n<div style=\"\"position:absolute;left:60.98px;top:287.65px\"\" class=\"\"cls_011\"\"><span class=\"\"cls_011\"\">confirm that upon instructions received from our Principals, we have attended loading of a parcel described as</span></div>\n<div style=\"\"position:absolute;left:60.98px;top:298.93px\"\" class=\"\"cls_011\"\"><span class=\"\"cls_011\"\">“</span><span class=\"\"cls_012\"\">BRAZILIAN YELLOW MAIZE IN BULK</span><span class=\"\"cls_011\"\">” loaded into “</span><span class=\"\"cls_012\"\">DUCHESS ROSARIO</span><span class=\"\"cls_011\"\">” at </span><span class=\"\"cls_012\"\">SANTOS, BRAZIL </span><span class=\"\"cls_011\"\">from</span></div>\n<div style=\"\"position:absolute;left:60.98px;top:309.85px\"\" class=\"\"cls_012\"\"><span class=\"\"cls_012\"\">September.27.2020 to September.28.2020.</span></div>\n<div style=\"\"position:absolute;left:60.98px;top:332.53px\"\" class=\"\"cls_011\"\"><span class=\"\"cls_011\"\">We have attended the weighing and loading operation of the parcel as mentioned above and have to report as</span></div>\n<div style=\"\"position:absolute;left:60.98px;top:343.81px\"\" class=\"\"cls_011\"\"><span class=\"\"cls_011\"\">follows:</span></div>\n<div style=\"\"position:absolute;left:60.98px;top:366.01px\"\" class=\"\"cls_012\"\"><span class=\"\"cls_012\"\">WEIGHT</span></div>\n<div style=\"\"position:absolute;left:60.98px;top:377.29px\"\" class=\"\"cls_011\"\"><span class=\"\"cls_011\"\">Effected under our control the loading on electronic scales ex “COPERSUCAR” silo installations, resulting:</span></div>\n<div style=\"\"position:absolute;left:256.73px;top:411.15px\"\" class=\"\"cls_012\"\"><span class=\"\"cls_012\"\">66,000.000 METRIC TONS</span></div>\n<div style=\"\"position:absolute;left:60.98px;top:446.91px\"\" class=\"\"cls_012\"\"><span class=\"\"cls_012\"\">LOADING OPERATION</span></div>\n<div style=\"\"position:absolute;left:60.98px;top:458.31px\"\" class=\"\"cls_011\"\"><span class=\"\"cls_011\"\">Effected by means of conveyor belt assembly ex “COPERSUCAR” silo installations, directly to the vessel.</span></div>\n<div style=\"\"position:absolute;left:63.26px;top:555.39px\"\" class=\"\"cls_007\"\"><span class=\"\"cls_007\"\">ISSUED BY AMSPEC</span></div>\n<div style=\"\"position:absolute;left:63.26px;top:568.83px\"\" class=\"\"cls_007\"\"><span class=\"\"cls_007\"\">ON OCTOBER 02ND, 2020</span></div>\n<div style=\"\"position:absolute;left:63.26px;top:582.42px\"\" class=\"\"cls_007\"\"><span class=\"\"cls_007\"\">AT LOAD PORT SANTOS, BRAZIL</span></div>\n<div style=\"\"position:absolute;left:23.16px;top:823.98px\"\" class=\"\"cls_020\"\"><span class=\"\"cls_020\"\">This is an electronic certificate and the authenticity of this document may be verified in </span><span class=\"\"cls_021\"\">https://check.edoxonline.com </span><span class=\"\"cls_020\"\">and it’s subject to Terms and Conditions detailed in that website. The information contained</span></div>\n<div style=\"\"position:absolute;left:23.16px;top:830.94px\"\" class=\"\"cls_020\"\"><span class=\"\"cls_020\"\">in this document is a true reflection of the data entered by the surveyor company. Any unauthorized alteration, falsification of the content or appearance of the document will be subject to criminal liabilities.</span></div>\n</div>\n<div style=\"\"position:absolute;left:50%;margin-left:-297px;top:852px;width:595px;height:842px;border-style:outset;overflow:hidden\"\">\n<div style=\"\"position:absolute;left:0px;top:0px\"\">\n\n\n\n\n\n<img \n\nsrc=\"\"https://amspecllc.sharepoint.com/sites/AgriBrasil/SiteAssets/Timbrado%201%20AmSpec.jpg\"\" \n\nwidth=\"\"595\"\" height=\"\"842\"\"></div>\n\n<div style=\"\"position:absolute;left:60.98px;top:479.19px\"\" class=\"\"cls_012\"\"><span class=\"\"cls_012\"\">PLACE AND DATE</span></div>\n<div style=\"\"position:absolute;left:60.98px;top:490.47px\"\" class=\"\"cls_012\"\"><span class=\"\"cls_012\"\">OF INSPECTION OF HOLDS: </span><span class=\"\"cls_011\"\">SANTOS/BRAZIL - On September 16th, 2020 from 09:05 hrs to 10:20 hrs.</span></div>\n<div style=\"\"position:absolute;left:63.26px;top:547.11px\"\" class=\"\"cls_007\"\"><span class=\"\"cls_007\"\">ISSUED BY AMSPEC</span></div>\n<div style=\"\"position:absolute;left:63.26px;top:560.55px\"\" class=\"\"cls_007\"\"><span class=\"\"cls_007\"\">ON OCTOBER 02ND, 2020</span></div>\n<div style=\"\"position:absolute;left:63.26px;top:574.11px\"\" class=\"\"cls_007\"\"><span class=\"\"cls_007\"\">AT LOAD PORT SANTOS, BRAZIL</span></div>\n<div style=\"\"position:absolute;left:23.16px;top:823.98px\"\" class=\"\"cls_020\"\"><span class=\"\"cls_020\"\">This is an electronic certificate and the authenticity of this document may be verified in </span><span class=\"\"cls_021\"\">https://check.edoxonline.com </span><span class=\"\"cls_020\"\">and it’s subject to Terms and Conditions detailed in that website. The information contained</span></div>\n<div style=\"\"position:absolute;left:23.16px;top:830.94px\"\" class=\"\"cls_020\"\"><span class=\"\"cls_020\"\">in this document is a true reflection of the data entered by the surveyor company. Any unauthorized alteration, falsification of the content or appearance of the document will be subject to criminal liabilities.</span></div>\n</div>\n\n</body>\n</html>\n\"\n\n"},"authentication":{"value":"@json(decodeBase64(triggerOutputs().headers['X-MS-APIM-Tokens']))['$ConnectionKey']","type":"Raw"}},"runtimeConfiguration":{"contentTransfer":{"transferMode":"Chunked"}}},"Excluir_arquivo":{"runAfter":{"Criar_arquivo":["Succeeded"]},"type":"OpenApiConnection","inputs":{"host":{"apiId":"/providers/Microsoft.PowerApps/apis/shared_onedriveforbusiness","connectionName":"shared_onedriveforbusiness","operationId":"DeleteFile"},"parameters":{"id":"@outputs('Criar_arquivo_2')?['body/Id']"},"authentication":{"value":"@json(decodeBase64(triggerOutputs().headers['X-MS-APIM-Tokens']))['$ConnectionKey']","type":"Raw"}}}}},"connectionReferences":{"shared_sharepointonline":{"connectionName":"d0ed5079cc724550980fd6fb3df8dac4","source":"Invoker","id":"/providers/Microsoft.PowerApps/apis/shared_sharepointonline","tier":"NotSpecified"},"shared_onedriveforbusiness":{"connectionName":"shared-onedriveforbu-27e91c58-97d6-4d6f-81d0-dcbc609a0922","source":"Invoker","id":"/providers/Microsoft.PowerApps/apis/shared_onedriveforbusiness","tier":"NotSpecified"}},"flowFailureAlertSubscribed":false,"isManaged":false}}