{"schemaVersion":"1.0","appDefinitionTemplate":{"id":"/providers/Microsoft.PowerApps/apps/","type":"Microsoft.PowerApps/apps","tags":{"primaryDeviceWidth":"640","primaryDeviceHeight":"1136","sienaVersion":"20201020T063303Z-3.20094.24.0","deviceCapabilities":"","supportsPortrait":"true","supportsLandscape":"false","primaryFormFactor":"Phone","publisherVersion":"3.20094.24","minimumRequiredApiVersion":"2.2.0","hasComponent":"false","hasUnlockedComponent":"false","isUnifiedRootApp":"false"},"properties":{"appVersion":"2020-10-20T06:33:03Z","lifeCycleId":"Published","createdByClientVersion":{"major":3,"minor":20094,"build":24,"revision":0,"majorRevision":0,"minorRevision":0},"minClientVersion":{"major":3,"minor":20094,"build":24,"revision":0,"majorRevision":0,"minorRevision":0},"backgroundColor":"rgba(165, 34, 55, 1)","backgroundImageUri":"/2080004336946845336/N8688e9ac-8d5b-4060-a284-3feb303ac10f-logoSmallFile","displayName":"SOP_App","description":"","commitMessage":"","appUris":{"documentUri":{"value":"/2080004336946845336/N97bd6536-6778-47e6-9818-619b6d3bfd45-document.msapp"},"imageUris":[]},"createdTime":"0001-01-01T00:00:00Z","lastModifiedTime":"0001-01-01T00:00:00Z","sharedGroupsCount":0,"sharedUsersCount":0,"icons":{"smallIconUri":"/2080004336946845336/N4b80cfe2-baec-4be3-94b5-326cfa21ab9a-small.png","mediumIconUri":"/2080004336946845336/N4a6dc18c-df8e-4c65-8a2f-f0508a46d269-medium.png","largeIconUri":"/2080004336946845336/N2525bd6e-0bb4-431b-a556-ca0573ae9a4d-large.png","wideIconUri":"/2080004336946845336/N72541b6e-6793-41ea-9723-387aff1034c0-wide.png"},"connectionReferences":{"fd1aca28-71ff-46df-8558-aeb2ba2e3f1e":{"id":"11a93981-676c-4606-a07f-edd11d7114a2","displayName":"SharePoint","iconUri":"https://connectoricons-prod.azureedge.net/releases/v1.0.1402/1.0.1402.2163/sharepointonline/icon.png","dataSources":["SOP List"],"dependencies":[],"dependents":[],"parameterHints":{},"isOnPremiseConnection":false,"dataSets":{"https://amspecllc.sharepoint.com/sites/SOP":{"dataSources":{"SOP List":{"tableName":"722fe92d-ec0e-4aa3-a17e-27854f60c1c8"}}}},"apiTier":"Standard","isCustomApiConnection":false}},"databaseReferences":{},"almMode":"Environment","performanceOptimizationEnabled":true,"canConsumeAppPass":true,"executionRestrictions":{"isTeamsOnly":false,"dataLossPreventionEvaluationResult":{"status":"Compliant","lastEvaluationDate":"2020-10-20T06:33:13.6885979Z","violationDetails":[]}}},"isAppComponentLibrary":false,"appType":"ClassicCanvasApp","appComponents":[]}}