{"name":"0b9424e6-9595-4445-88ef-700b514355e5","id":"/providers/Microsoft.Flow/flows/0b9424e6-9595-4445-88ef-700b514355e5","type":"Microsoft.Flow/flows","properties":{"apiId":"/providers/Microsoft.PowerApps/apis/shared_logicflows","displayName":"New Covid19-Positive Test is added","definition":{"metadata":{"workflowEntityId":null,"processAdvisorMetadata":null,"flowclientsuspensionreason":"None","flowclientsuspensiontime":null,"creator":{"id":"92b54cd9-a569-4d92-bca0-4f330d1ea600","type":"User","tenantId":"fddf0fb0-6be4-4e34-ace1-e795bc64c91f"},"provisioningMethod":"FromDefinition","failureAlertSubscription":true,"clientLastModifiedTime":"2021-12-31T05:36:23.8273872Z"},"$schema":"https://schema.management.azure.com/providers/Microsoft.Logic/schemas/2016-06-01/workflowdefinition.json#","contentVersion":"1.0.0.0","parameters":{"$connections":{"defaultValue":{},"type":"Object"},"$authentication":{"defaultValue":{},"type":"SecureObject"},"sharepoint.site":{"defaultValue":"","type":"String"},"sharepoint.list":{"defaultValue":"","type":"String"}},"triggers":{"When_a_new_item_is_created":{"recurrence":{"frequency":"Minute","interval":5},"splitOn":"@triggerBody()?.value","metadata":{"flowSystemMetadata":{"swaggerOperationId":"GetOnNewItems"},"operationMetadataId":"f61d8f2b-67f6-4c4f-b4dc-6f6943ef0ccd"},"type":"ApiConnection","inputs":{"host":{"connection":{"name":"@parameters('$connections')['shared_sharepointonline']['connectionId']"},"api":{"runtimeUrl":"https://flow-apim-msmanaged-na-westus2-01.azure-apim.net/apim/sharepointonline"}},"method":"get","path":"/datasets/@{encodeURIComponent(encodeURIComponent('https://amspecllc.sharepoint.com/sites/AmSpecDirectory'))}/tables/@{encodeURIComponent(encodeURIComponent('employee_COVID19_tests'))}/onnewitems","authentication":"@parameters('$authentication')"},"conditions":[]}},"actions":{"Condition":{"actions":{"Get_employee_details":{"runAfter":{},"metadata":{"operationMetadataId":"1d13b204-ded8-44fb-b5d6-699bc2aa6c79","flowSystemMetadata":{"swaggerOperationId":"GetItem"}},"type":"ApiConnection","inputs":{"host":{"connection":{"name":"@parameters('$connections')['shared_sharepointonline']['connectionId']"},"api":{"runtimeUrl":"https://flow-apim-msmanaged-na-westus2-01.azure-apim.net/apim/sharepointonline"}},"method":"get","path":"/datasets/@{encodeURIComponent(encodeURIComponent('https://amspecllc.sharepoint.com/sites/AmSpecDirectory'))}/tables/@{encodeURIComponent(encodeURIComponent('employees'))}/items/@{encodeURIComponent(triggerBody()?['Employee']?['Id'])}","authentication":"@parameters('$authentication')"}},"Send_Email":{"runAfter":{"Get_Manager_Email":["Succeeded"]},"metadata":{"flowSystemMetadata":{"swaggerOperationId":"SendEmailV2"},"operationMetadataId":"c4b1d9d1-0fe4-4a64-9c39-c2b82ab6e569"},"type":"ApiConnection","inputs":{"host":{"connection":{"name":"@parameters('$connections')['shared_office365']['connectionId']"},"api":{"runtimeUrl":"https://flow-apim-msmanaged-na-centralus-01.azure-apim.net/apim/office365"}},"method":"post","body":{"To":"James.Armstrong@amspecgroup.com;HR@amspecgroup.com","Subject":"Positive Covid19 Test Reported -  @{body('Get_employee_details')?['Full_x0020_Name']} - @{body('Get_employee_details')?['Location']?['Value']}","Body":"Hi Team,  <BR>\n\nA new Positive Covid19 Test Reported at @{coalesce(triggerBody()?['Created'], '')}(UTC) by @{coalesce(triggerBody()?['Author']?['DisplayName'], 'someone')}. <BR><BR>\n\n<p style=\"text-decoration:underline;\">Details:</p>\nEmployee : <strong>@{body('Get_employee_details')?['Full_x0020_Name']}</strong> <BR>\nTest Date : @{triggerBody()?['Test_x0020_Date']}  <BR>\nTest Type : @{triggerBody()?['Test_x0020_Type']?['Value']}<BR>\nTest Result : <b style=\"color:red;\">@{triggerBody()?['Test_x0020_Result']?['Value']}</b><BR>\n@{triggerBody()?['Field1']}<BR>\n <BR><BR>\nLocation :  @{body('Get_employee_details')?['Location']?['Value']} <BR>\nManager:  @{body('Get_employee_details')?['Manager']?['Value']}<BR>\n <BR><BR>\nItem Link:\n @{triggerBody()?['{Link}']}<BR>\n","From":"notification@amspecgroup.net","Cc":"Amr.Guenena@amspecgroup.com;@{body('Get_Manager_Email')['Work_x0020_Email']};@{body('Get_employee_details')['Work_x0020_Email']}"},"path":"/v2/Mail","authentication":"@parameters('$authentication')"}},"Get_Manager_Email":{"runAfter":{"Get_employee_details":["Succeeded"]},"metadata":{"operationMetadataId":"33a689fd-05d1-4e76-bf1b-bd8367ca5366","flowSystemMetadata":{"swaggerOperationId":"GetItem"}},"type":"ApiConnection","inputs":{"host":{"connection":{"name":"@parameters('$connections')['shared_sharepointonline']['connectionId']"},"api":{"runtimeUrl":"https://flow-apim-msmanaged-na-westus2-01.azure-apim.net/apim/sharepointonline"}},"method":"get","path":"/datasets/@{encodeURIComponent(encodeURIComponent('https://amspecllc.sharepoint.com/sites/AmSpecDirectory'))}/tables/@{encodeURIComponent(encodeURIComponent('employees'))}/items/@{encodeURIComponent(body('Get_employee_details')?['Manager']?['Id'])}","authentication":"@parameters('$authentication')"}}},"runAfter":{},"expression":{"equals":["@triggerBody()?['Test_x0020_Result']?['Value']","Positive"]},"metadata":{"operationMetadataId":"cfb3f19c-84e4-4ed7-8a33-04d9ac468453"},"type":"If"}}},"connectionReferences":{"shared_sharepointonline":{"connectionName":"ac9698e6f7f64695801fa48ec75abfe8","source":"Embedded","id":"/providers/Microsoft.PowerApps/apis/shared_sharepointonline","tier":"NotSpecified"},"shared_office365":{"connectionName":"shared-office365-3d4ee488-32bb-4dae-92b4-872f-9867154d","source":"Embedded","id":"/providers/Microsoft.PowerApps/apis/shared_office365","tier":"NotSpecified"}},"flowFailureAlertSubscribed":false,"isManaged":false}}