{"schemaVersion":"1.0","appDefinitionTemplate":{"id":"/providers/Microsoft.PowerApps/apps/","type":"Microsoft.PowerApps/apps","tags":{"primaryDeviceWidth":"1366","primaryDeviceHeight":"768","sienaVersion":"20220424T153618Z-3.22041.27.0","deviceCapabilities":"","supportsPortrait":"true","supportsLandscape":"true","primaryFormFactor":"Tablet","publisherVersion":"3.22041.27","minimumRequiredApiVersion":"2.2.0","hasComponent":"true","hasUnlockedComponent":"true","isUnifiedRootApp":"false"},"properties":{"appVersion":"2022-04-24T15:36:18Z","lifeCycleId":"Published","createdByClientVersion":{"major":3,"minor":22041,"build":27,"revision":0,"majorRevision":0,"minorRevision":0},"minClientVersion":{"major":3,"minor":22041,"build":27,"revision":0,"majorRevision":0,"minorRevision":0},"backgroundColor":"rgba(165, 34, 55, 1)","backgroundImageUri":"/2997615503142094185/Nd8bc3ae6-d780-4973-a969-6f4a949cf5be-logoSmallFile","displayName":"AmSpec® Brasil App","description":"Desevolvido por AmSpec® Brasil.","commitMessage":"","appUris":{"documentUri":{"value":"/2997615503142094185/N97551b5f-4a50-4f0f-81fc-43f7c912a6ff-document.msapp"},"imageUris":[]},"createdTime":"0001-01-01T00:00:00Z","lastModifiedTime":"0001-01-01T00:00:00Z","sharedGroupsCount":0,"sharedUsersCount":0,"icons":{"smallIconUri":"/2997615503142094185/N75599358-991e-4282-8cc0-bb85453aca3d-small.png","mediumIconUri":"/2997615503142094185/Nd06d8804-46fd-40d3-b2f9-da8a9bc3785e-medium.png","largeIconUri":"/2997615503142094185/Nf1bd58e9-505f-46ef-b9a1-ba81ff929359-large.png","wideIconUri":"/2997615503142094185/N6981ffb5-cdce-4c86-9d35-e0cd5060bf86-wide.png"},"connectionReferences":{"a1b21563-1e02-4ae7-b2dc-36abc9fecaf8":{"id":"11a93981-676c-4606-a07f-edd11d7114a2","displayName":"SharePoint","iconUri":"https://connectoricons-prod.azureedge.net/releases/v1.0.1563/1.0.1563.2732/sharepointonline/icon.png","dataSources":["Portos","Controle de Ordens de Serviços","Cadastro de Agências","Cadastro de Clientes","Cadastro de Correios de Amostras","Cadastro de Importadores","Cadastro de Produtos","Cadastro de Serviços","Cadastro de Terminais","Cadastro de Tipos de Análises","Cadastro de Tipos de Envios de Amostras","Cadastro de Exportadores"],"dependencies":[],"dependents":[],"parameterHints":{},"parameterHintsV2":{},"isOnPremiseConnection":false,"bypassConsent":false,"dataSets":{"https://amspecllc.sharepoint.com/sites/AgriBrasil":{"dataSources":{"Portos":{"tableName":"3cc60c42-4226-407c-a540-3cdfd1e47bf0"},"Controle de Ordens de Serviços":{"tableName":"98872a4c-6d6c-4780-a766-56aef668d0bb"},"Cadastro de Agências":{"tableName":"6725271c-889f-49b0-8ee0-f33597d59aae"},"Cadastro de Clientes":{"tableName":"f4c21546-af02-4d89-b021-11cf8a824a53"},"Cadastro de Correios de Amostras":{"tableName":"300f0782-fcf9-46f6-bdaa-273a95a68825"},"Cadastro de Importadores":{"tableName":"aeb28f2b-be0c-4160-bec5-6903a6f525f1"},"Cadastro de Produtos":{"tableName":"4637f7c5-9ee0-46f1-9b33-819e91733bd5"},"Cadastro de Serviços":{"tableName":"64f57113-41b6-4407-90c1-55ba1769e956"},"Cadastro de Terminais":{"tableName":"ff9ec13e-407a-46dc-9a11-738ce9223a0f"},"Cadastro de Tipos de Análises":{"tableName":"cda003dc-2cc4-4fdb-a2c0-89b66358d879"},"Cadastro de Tipos de Envios de Amostras":{"tableName":"945cd78d-30d4-46b2-b103-0cd9c896f3af"},"Cadastro de Exportadores":{"tableName":"42afb503-36d2-4a4d-997e-9cb4274ad9db"}}}},"apiTier":"Standard","isCustomApiConnection":false,"actions":["providers/PowerPlatform.Governance/Operations/Read"]},"bd418168-7068-4738-b3eb-dbdd9df11ed9":{"id":"5c3e009c-b4ae-4852-8c9b-756acc2258d6","displayName":"Usuários do Office 365","iconUri":"https://connectoricons-prod.azureedge.net/releases/v1.0.1563/1.0.1563.2732/office365users/icon.png","dataSources":["UsuáriosdoOffice365"],"dependencies":[],"dependents":[],"parameterHints":{},"parameterHintsV2":{},"isOnPremiseConnection":false,"bypassConsent":false,"dataSets":{},"apiTier":"Standard","isCustomApiConnection":false}},"databaseReferences":{},"almMode":"Environment","performanceOptimizationEnabled":true,"canConsumeAppPass":true,"executionRestrictions":{"isTeamsOnly":false,"dataLossPreventionEvaluationResult":{"status":"Compliant","lastEvaluationDate":"2021-01-15T05:23:07.8368031Z","violationDetails":[]}}},"appType":"ClassicCanvasApp","appComponents":[]}}