{"name":"58aa9d0c-82a4-4ff7-84dd-f33e450f278a","id":"/providers/Microsoft.Flow/flows/58aa9d0c-82a4-4ff7-84dd-f33e450f278a","type":"Microsoft.Flow/flows","properties":{"apiId":"/providers/Microsoft.PowerApps/apis/shared_logicflows","displayName":"Post messages to Microsoft Teams when a new task is created in Planner","definition":{"metadata":{"workflowEntityId":null,"processAdvisorMetadata":null,"flowclientsuspensionreason":"None","flowclientsuspensiontime":null,"creator":{"id":"79bf7d7a-0ac1-4a32-b262-3115e0d3f1fb","type":"User","tenantId":"fddf0fb0-6be4-4e34-ace1-e795bc64c91f"},"provisioningMethod":"FromDefinition","failureAlertSubscription":true,"clientLastModifiedTime":"2022-04-01T18:54:49.9027193Z"},"$schema":"https://schema.management.azure.com/providers/Microsoft.Logic/schemas/2016-06-01/workflowdefinition.json#","contentVersion":"1.0.0.0","parameters":{"$connections":{"defaultValue":{},"type":"Object"},"$authentication":{"defaultValue":{},"type":"SecureObject"},"teams.group":{"defaultValue":"","type":"String"},"teams.channel":{"defaultValue":"","type":"String"}},"triggers":{"When_a_new_task_is_created":{"recurrence":{"frequency":"Minute","interval":5},"splitOn":"@triggerBody()?['value']","metadata":{"flowSystemMetadata":{"swaggerOperationId":"OnNewTask_V2"},"operationMetadataId":"66893636-f4ac-4cc7-8bdc-a76ae8159df0"},"type":"ApiConnection","inputs":{"host":{"api":{"runtimeUrl":"https://flow-apim-msmanaged-na-northcentralus-01.azure-apim.net/apim/planner"},"connection":{"name":"@parameters('$connections')['shared_planner']['connectionId']"}},"method":"get","path":"/v1.0/planner/onnewtask_trigger/plans/@{encodeURIComponent('0ZRUihVwn0-vUa3fXLS_P2UAH-b7')}/tasks","authentication":"@parameters('$authentication')"}}},"actions":{"Post_message_in_a_chat_or_channel":{"runAfter":{},"metadata":{"flowSystemMetadata":{"swaggerOperationId":"PostMessageToConversation"},"operationMetadataId":"4e9bbdf0-ff34-4de2-9362-34cf22c6fd35"},"type":"ApiConnection","inputs":{"host":{"api":{"runtimeUrl":"https://flow-apim-msmanaged-na-northcentralus-01.azure-apim.net/apim/teams"},"connection":{"name":"@parameters('$connections')['shared_teams']['connectionId']"}},"method":"post","body":{"recipient":{"groupId":"b5f58e6b-57f5-4132-b7c2-5d6300b84bfc","channelId":"19:uluHEOFtO2udr7Q0-mK4k7FjG-Fs2759JyIoquknhUI1@thread.tacv2"},"messageBody":"New task Name: @{triggerBody()?['title']}\nDue Date: @{triggerBody()?['dueDateTime']}\nCreated By: @{triggerBody()?['createdBy']?['user']?['displayName']}"},"path":"/beta/teams/conversation/message/poster/Flow bot/location/@{encodeURIComponent('Channel')}","authentication":"@parameters('$authentication')"}}},"outputs":{},"description":"Post messages to Microsoft Teams when a new task is created in Planner."},"connectionReferences":{"shared_teams":{"connectionName":"shared-teams-292abd1a-37dd-4142-bb8b-9af7f8b37c22","source":"Embedded","id":"/providers/Microsoft.PowerApps/apis/shared_teams","tier":"NotSpecified"},"shared_planner":{"connectionName":"shared-planner-9b02109f-bcc1-473d-b292-36336884ec74","source":"Embedded","id":"/providers/Microsoft.PowerApps/apis/shared_planner","tier":"NotSpecified"}},"flowFailureAlertSubscribed":false,"isManaged":false}}