{"schemaVersion":"1.0","appDefinitionTemplate":{"id":"/providers/Microsoft.PowerApps/apps/","type":"Microsoft.PowerApps/apps","tags":{"primaryDeviceWidth":"444","primaryDeviceHeight":"790","sienaVersion":"20210824T095017Z-3.21083.17.0","deviceCapabilities":"","supportsPortrait":"true","supportsLandscape":"true","primaryFormFactor":"Web","publisherVersion":"3.21081.49","minimumRequiredApiVersion":"2.2.0","hasComponent":"false","hasUnlockedComponent":"false","isUnifiedRootApp":"false"},"properties":{"appVersion":"2021-08-24T09:50:17Z","lifeCycleId":"Published","createdByClientVersion":{"major":3,"minor":21081,"build":49,"revision":0,"majorRevision":0,"minorRevision":0},"minClientVersion":{"major":3,"minor":21081,"build":49,"revision":0,"majorRevision":0,"minorRevision":0},"backgroundColor":"rgba(0, 176, 240, 1)","backgroundImageUri":"/623489973003083780/N10dace2a-12d9-48fe-a215-6cf0fe2bf582-logoSmallFile","displayName":"Permission Level on E-Doc","description":"","commitMessage":"","appUris":{"documentUri":{"value":"/623489973003083780/N2519f5af-0e78-40d9-a19d-64d9fd70ff42-document.msapp"},"imageUris":[]},"createdTime":"0001-01-01T00:00:00Z","lastModifiedTime":"0001-01-01T00:00:00Z","sharedGroupsCount":0,"sharedUsersCount":0,"icons":{"smallIconUri":"/623489973003083780/Nb6b15415-958f-4c3f-be01-62bd7c092925-small.png","mediumIconUri":"/623489973003083780/N8a41ea77-6e4e-451a-8bc6-a9676681e133-medium.png","largeIconUri":"/623489973003083780/N71af99ea-d1b7-43f3-adb9-ebd128b3bd4f-large.png","wideIconUri":"/623489973003083780/N23614908-fc4b-4477-bf72-3c9cc352c432-wide.png"},"connectionReferences":{"c6034987-08bc-4f08-8544-dac61f86e6cf":{"id":"11a93981-676c-4606-a07f-edd11d7114a2","displayName":"SharePoint","iconUri":"https://connectoricons-prod.azureedge.net/releases/v1.0.1505/1.0.1505.2520/sharepointonline/icon.png","dataSources":["Permission Levels"],"dependencies":[],"dependents":[],"parameterHints":{},"parameterHintsV2":{},"isOnPremiseConnection":false,"bypassConsent":true,"dataSets":{"https://amspecllc.sharepoint.com/sites/EDocDev4":{"dataSources":{"Permission Levels":{"tableName":"e738c812-5f0c-42df-919e-b80085a17385"}}}},"apiTier":"Standard","isCustomApiConnection":false,"actions":["providers/PowerPlatform.Governance/Operations/Read","providers/PowerPlatform.Governance/Operations/Write"]}},"databaseReferences":{},"embeddedApp":{"siteId":"https://amspecllc.sharepoint.com/sites/EDocDev4","listId":"E738C812-5F0C-42DF-919E-B80085A17385","listUrl":"https://amspecllc.sharepoint.com/sites/EDocDev4/PermissionLevels/AllItems.aspx","type":"SharepointFormApp","screenWidth":444,"screenHeight":790},"almMode":"Environment","performanceOptimizationEnabled":true,"canConsumeAppPass":true,"executionRestrictions":{"isTeamsOnly":false,"dataLossPreventionEvaluationResult":{"status":"Compliant","lastEvaluationDate":"2021-08-16T04:22:24.6619329Z","violations":[],"violationsByPolicy":[],"violationErrorMessage":"The app uses the following connectors: shared_sharepointonline."}}},"appType":"ClassicCanvasApp","appComponents":[]}}