{"schemaVersion":"1.0","appDefinitionTemplate":{"id":"/providers/Microsoft.PowerApps/apps/","type":"Microsoft.PowerApps/apps","tags":{"primaryDeviceWidth":"444","primaryDeviceHeight":"790","sienaVersion":"20210827T051409Z-3.21082.34.0","deviceCapabilities":"","supportsPortrait":"true","supportsLandscape":"true","primaryFormFactor":"Web","publisherVersion":"3.21082.34","minimumRequiredApiVersion":"2.2.0","hasComponent":"false","hasUnlockedComponent":"false","isUnifiedRootApp":"false"},"properties":{"appVersion":"2021-08-27T05:14:09Z","lifeCycleId":"Published","createdByClientVersion":{"major":3,"minor":21082,"build":34,"revision":0,"majorRevision":0,"minorRevision":0},"minClientVersion":{"major":3,"minor":21082,"build":34,"revision":0,"majorRevision":0,"minorRevision":0},"backgroundColor":"rgba(0, 176, 240, 1)","backgroundImageUri":"/6454550242451148541/N1e29e56f-4826-4601-a292-ece498bef852-logoSmallFile","displayName":"Permission Levels on EDocDev6 form","description":"","commitMessage":"","appUris":{"documentUri":{"value":"/6454550242451148541/N483a10d5-872b-482f-a536-66a56a85f2a2-document.msapp"},"imageUris":[]},"createdTime":"0001-01-01T00:00:00Z","lastModifiedTime":"0001-01-01T00:00:00Z","sharedGroupsCount":0,"sharedUsersCount":0,"icons":{"smallIconUri":"/6454550242451148541/N8310b652-7eab-402f-b319-9d7e2d00c605-small.png","mediumIconUri":"/6454550242451148541/N4e29b1c6-969d-4ade-8a73-f9e8bdb6a40e-medium.png","largeIconUri":"/6454550242451148541/Nc18ee329-288c-4bf5-8a81-ea41455af8c5-large.png","wideIconUri":"/6454550242451148541/Nb0e9005a-1744-4c84-a3da-3a30ce40fff3-wide.png"},"connectionReferences":{"f2d4d12d-9ad8-4eea-a00c-377becbac804":{"id":"11a93981-676c-4606-a07f-edd11d7114a2","displayName":"SharePoint","iconUri":"https://connectoricons-prod.azureedge.net/releases/v1.0.1505/1.0.1505.2520/sharepointonline/icon.png","dataSources":["Permission Levels"],"dependencies":[],"dependents":[],"parameterHints":{},"parameterHintsV2":{},"isOnPremiseConnection":false,"bypassConsent":true,"dataSets":{"https://amspecllc.sharepoint.com/sites/EDocDev6":{"datasetOverride":{"name":"https://amspecllc.sharepoint.com/sites/E-DocPreview","description":"The SharePoint URL has been renamed from 'https://amspecllc.sharepoint.com/sites/EDocDev6' to 'https://amspecllc.sharepoint.com/sites/E-DocPreview'"},"dataSources":{"Permission Levels":{"tableName":"c98ebd48-c991-4c16-ab27-0ab5adf27b01"}}}},"apiTier":"Standard","isCustomApiConnection":false,"actions":["providers/PowerPlatform.Governance/Operations/Read","providers/PowerPlatform.Governance/Operations/Write"]}},"databaseReferences":{},"embeddedApp":{"siteId":"https://amspecllc.sharepoint.com/sites/E-DocPreview","listId":"C98EBD48-C991-4C16-AB27-0AB5ADF27B01","listUrl":"https://amspecllc.sharepoint.com/sites/E-DocPreview/PermissionLevels/AllItems.aspx","type":"SharepointFormApp","screenWidth":444,"screenHeight":790},"almMode":"Environment","performanceOptimizationEnabled":true,"canConsumeAppPass":true,"executionRestrictions":{"isTeamsOnly":false,"dataLossPreventionEvaluationResult":{"status":"Compliant","lastEvaluationDate":"2021-08-16T04:22:24.6619329Z","violations":[],"violationsByPolicy":[],"violationErrorMessage":"The app uses the following connectors: shared_sharepointonline."}}},"appType":"ClassicCanvasApp","appComponents":[]}}