{"schemaVersion":"1.0","appDefinitionTemplate":{"id":"/providers/Microsoft.PowerApps/apps/","type":"Microsoft.PowerApps/apps","tags":{"primaryDeviceWidth":"600","primaryDeviceHeight":"900","sienaVersion":"20210824T054216Z-3.21081.49.0","deviceCapabilities":"","supportsPortrait":"true","supportsLandscape":"false","primaryFormFactor":"Web","publisherVersion":"3.21081.49","minimumRequiredApiVersion":"2.2.0","hasComponent":"false","hasUnlockedComponent":"false","isUnifiedRootApp":"false"},"properties":{"appVersion":"2021-08-24T05:42:16Z","lifeCycleId":"Published","createdByClientVersion":{"major":3,"minor":21081,"build":49,"revision":0,"majorRevision":0,"minorRevision":0},"minClientVersion":{"major":3,"minor":21081,"build":49,"revision":0,"majorRevision":0,"minorRevision":0},"backgroundColor":"rgba(0, 176, 240, 1)","backgroundImageUri":"/17150713653656618520/N41a56f0b-3ecb-4a08-8695-08a6d3147c06-logoSmallFile","displayName":"Email Configurations on E-Doc","description":"","commitMessage":"","appUris":{"documentUri":{"value":"/17150713653656618520/N282036f2-6f32-43f4-8d14-986f4f689d08-document.msapp"},"imageUris":[]},"createdTime":"0001-01-01T00:00:00Z","lastModifiedTime":"0001-01-01T00:00:00Z","sharedGroupsCount":0,"sharedUsersCount":0,"icons":{"smallIconUri":"/17150713653656618520/N6ba9c07e-b3c6-459e-bc64-e675b85a5798-small.png","mediumIconUri":"/17150713653656618520/Na456c72e-03e5-493a-a153-131935e39801-medium.png","largeIconUri":"/17150713653656618520/N76e1515c-c49a-4f11-8589-9863c6984905-large.png","wideIconUri":"/17150713653656618520/N74398db4-e16d-46d8-8076-bbc6c31e644c-wide.png"},"connectionReferences":{"d2322c7e-225d-4c1c-a848-9eeff73ca2b0":{"id":"11a93981-676c-4606-a07f-edd11d7114a2","displayName":"SharePoint","iconUri":"https://connectoricons-prod.azureedge.net/releases/v1.0.1505/1.0.1505.2520/sharepointonline/icon.png","dataSources":["Email Configurations"],"dependencies":[],"dependents":[],"parameterHints":{},"parameterHintsV2":{},"isOnPremiseConnection":false,"bypassConsent":true,"dataSets":{"https://amspecllc.sharepoint.com/sites/EDocDev4":{"dataSources":{"Email Configurations":{"tableName":"963a7e18-2503-4b8c-9e64-cf27bdc7e91f"}}}},"apiTier":"Standard","isCustomApiConnection":false,"actions":["providers/PowerPlatform.Governance/Operations/Read","providers/PowerPlatform.Governance/Operations/Write"]}},"databaseReferences":{},"embeddedApp":{"siteId":"https://amspecllc.sharepoint.com/sites/EDocDev4","listId":"963A7E18-2503-4B8C-9E64-CF27BDC7E91F","listUrl":"https://amspecllc.sharepoint.com/sites/EDocDev4/Lists/kcsEmailConfigurations/AllItems.aspx","type":"SharepointFormApp","screenWidth":600,"screenHeight":900},"almMode":"Environment","performanceOptimizationEnabled":true,"canConsumeAppPass":true,"executionRestrictions":{"isTeamsOnly":false,"dataLossPreventionEvaluationResult":{"status":"Compliant","lastEvaluationDate":"2021-06-08T13:07:08.3048608Z","violations":[],"violationsByPolicy":[],"violationErrorMessage":"The app uses the following connectors: shared_sharepointonline."}}},"appType":"ClassicCanvasApp","appComponents":[]}}