{"schemaVersion":"1.0","appDefinitionTemplate":{"id":"/providers/Microsoft.PowerApps/apps/","type":"Microsoft.PowerApps/apps","tags":{"minimumRequiredApiVersion":"2.2.0","sienaVersion":"20201220T233645Z-3.20114.25.0","primaryDeviceWidth":"1366","primaryDeviceHeight":"768","deviceCapabilities":"","supportsPortrait":"false","supportsLandscape":"true","primaryFormFactor":"Tablet","publisherVersion":"3.20071.22","hasComponent":"false","hasUnlockedComponent":"false","isUnifiedRootApp":"false"},"properties":{"appVersion":"2020-12-20T23:36:45Z","lifeCycleId":"Published","createdByClientVersion":{"major":3,"minor":20071,"build":22,"revision":0,"majorRevision":0,"minorRevision":0},"minClientVersion":{"major":3,"minor":20071,"build":22,"revision":0,"majorRevision":0,"minorRevision":0},"backgroundColor":"rgba(0, 176, 240, 1)","backgroundImageUri":"/17919192522062178336/Ncc4a3d9a-bf02-45d7-b5df-cfb7f103b6b9-N15292736-2282-4d10-a7cb-9c65ead3252f-logoSmallFile","displayName":"Global Address Book - Sharepoint","description":"This powerapp template allows organizations to take data from disparate sources and unify it to get richer insights into their customers.","commitMessage":"","appUris":{"documentUri":{"value":"/17919192522062178336/Nd61d5e37-45fa-4d5f-b1da-7b78bb1d4f34-Nbfbc790f-1580-487f-b2c7-3cd35eec165a-document.msapp"},"imageUris":[]},"createdTime":"0001-01-01T00:00:00Z","lastModifiedTime":"0001-01-01T00:00:00Z","sharedGroupsCount":0,"sharedUsersCount":0,"icons":{"smallIconUri":"/17919192522062178336/Nd2a3a2f5-e499-472a-9bc7-8f839e7f1343-N2e40dab0-2200-4a37-ac2b-b7cbd6fa6399-small.png","mediumIconUri":"/17919192522062178336/Nb2c356a0-3e8a-45b7-80c5-ca7c8cbc06f0-Nf43a9b35-0470-477a-8d28-295ba9490704-medium.png","largeIconUri":"/17919192522062178336/Nd97d93e5-222a-45b9-896f-194e910efcce-N4af43b4d-54e6-400b-9752-e05840816b70-large.png","wideIconUri":"/17919192522062178336/Nf5410a66-1931-46ef-bd8e-0943a210d130-N3d02fc41-f69b-4326-b723-4bfb1010f200-wide.png"},"connectionReferences":{"de50bb68-8605-43ba-aa2f-d70c943f4952":{"id":"11a93981-676c-4606-a07f-edd11d7114a2","displayName":"SharePoint","iconUri":"https://connectoricons-prod.azureedge.net/releases/v1.0.1426/1.0.1426.2268/sharepointonline/icon.png","dataSources":["Contacts"],"dependencies":[],"dependents":[],"parameterHints":{},"isOnPremiseConnection":false,"bypassConsent":false,"dataSets":{"https://m365x259169.sharepoint.com/sites/Intranet/":{"dataSources":{"Contacts":{"tableName":"Contacts"}}}},"apiTier":"Standard","isCustomApiConnection":false}},"databaseReferences":{},"almMode":"Environment","performanceOptimizationEnabled":true,"canConsumeAppPass":true,"executionRestrictions":{"isTeamsOnly":false,"dataLossPreventionEvaluationResult":{"status":"Compliant","lastEvaluationDate":"2020-12-20T23:36:55.3327455Z","violationDetails":[]}}},"isAppComponentLibrary":false,"appType":"ClassicCanvasApp","appComponents":[]}}