{"name":"0a1a9fd8-c9df-439c-9964-ed4baf3426f3","id":"/providers/Microsoft.Flow/flows/0a1a9fd8-c9df-439c-9964-ed4baf3426f3","type":"Microsoft.Flow/flows","properties":{"apiId":"/providers/Microsoft.PowerApps/apis/shared_logicflows","displayName":"New Lease Contract is Added to Global Properties","definition":{"metadata":{"workflowEntityId":null,"processAdvisorMetadata":null,"flowclientsuspensionreason":"None","flowclientsuspensiontime":null,"creator":{"id":"92b54cd9-a569-4d92-bca0-4f330d1ea600","type":"User","tenantId":"fddf0fb0-6be4-4e34-ace1-e795bc64c91f"},"provisioningMethod":"FromDefinition","failureAlertSubscription":true,"clientLastModifiedTime":"2022-05-11T08:46:06.3023225Z"},"$schema":"https://schema.management.azure.com/providers/Microsoft.Logic/schemas/2016-06-01/workflowdefinition.json#","contentVersion":"1.0.0.0","parameters":{"$connections":{"defaultValue":{},"type":"Object"},"$authentication":{"defaultValue":{},"type":"SecureObject"},"sharepoint.site":{"defaultValue":"","type":"String"},"sharepoint.list":{"defaultValue":"","type":"String"}},"triggers":{"When_a_new_item_is_created":{"recurrence":{"frequency":"Minute","interval":5},"splitOn":"@triggerBody()?.value","metadata":{"flowSystemMetadata":{"swaggerOperationId":"GetOnNewItems"},"operationMetadataId":"19e387a9-df42-4d30-a260-7a55b9dcd933"},"type":"ApiConnection","inputs":{"host":{"connection":{"name":"@parameters('$connections')['shared_sharepointonline']['connectionId']"},"api":{"runtimeUrl":"https://flow-apim-msmanaged-na-westus-01.azure-apim.net/apim/sharepointonline"}},"method":"get","path":"/datasets/@{encodeURIComponent(encodeURIComponent('https://amspecllc.sharepoint.com/sites/AmSpecDirectory'))}/tables/@{encodeURIComponent(encodeURIComponent('c6fe10c5-cc53-4292-a257-bf3317f0b4cd'))}/onnewitems","authentication":"@parameters('$authentication')"},"conditions":[]}},"actions":{"Get_items":{"runAfter":{},"metadata":{"operationMetadataId":"0c44e312-8284-4999-8f55-277ec2a2a4fc","flowSystemMetadata":{"swaggerOperationId":"GetItems"}},"type":"ApiConnection","inputs":{"host":{"connection":{"name":"@parameters('$connections')['shared_sharepointonline']['connectionId']"},"api":{"runtimeUrl":"https://flow-apim-msmanaged-na-westus-01.azure-apim.net/apim/sharepointonline"}},"method":"get","path":"/datasets/@{encodeURIComponent(encodeURIComponent('https://amspecllc.sharepoint.com/sites/AmSpecDirectory'))}/tables/@{encodeURIComponent(encodeURIComponent('a804dddf-58aa-451a-b60a-323a4d0d7253'))}/items","queries":{"$filter":"ID eq @{triggerBody()?['PropertyId']}"},"authentication":"@parameters('$authentication')"}},"Apply_to_each":{"foreach":"@body('Get_items')?['value']","actions":{"Send_Email":{"runAfter":{},"metadata":{"flowSystemMetadata":{"swaggerOperationId":"SendEmailV2"},"operationMetadataId":"0de1d3c5-7c43-413c-b45a-1611a92d2844"},"type":"ApiConnection","inputs":{"host":{"connection":{"name":"@parameters('$connections')['shared_office365']['connectionId']"},"api":{"runtimeUrl":"https://flow-apim-msmanaged-na-centralus-01.azure-apim.net/apim/office365"}},"method":"post","body":{"To":"amr.guenena@amspecgroup.com;Susanne.Weinstein@amspecgroup.com","Subject":"New Lease Contract added","Body":"Hi,   <br>\n\nA Lease Contract was added at @{coalesce(triggerBody()?['Created'],'')} by @{coalesce(triggerBody()?['Author']?['DisplayName'],'someone')}.   <br>\n\nDetails: @{coalesce(triggerBody()?['{Name}'],'A SharePoint item')} <br>\n\n<strong>Location</strong>  <br>\nLocation:  @{items('Apply_to_each')?['LocationLegalName']}  <br>\nCountry: @{items('Apply_to_each')?['Country0']?['Value']}  <br> <br>\n\n<strong>Lease Contract</strong>  <br>\nLandlord: @{triggerBody()?['landlord']}  <br>\nArea: @{triggerBody()?['Area']}  @{triggerBody()?['AreaUnit0']?['Value']}  <br>\nSecurity Deposite: @{triggerBody()?['SecurityDeposit']} @{triggerBody()?['Currency']}  <br>\nAnnual Rent: @{triggerBody()?['AnnualRent']} <br>","From":"notification@amspecgroup.net"},"path":"/v2/Mail","authentication":"@parameters('$authentication')"}}},"runAfter":{"Get_items":["Succeeded"]},"metadata":{"operationMetadataId":"ad28fab2-08fc-40f5-9acd-5973aff58edc"},"type":"Foreach"}}},"connectionReferences":{"shared_sharepointonline":{"connectionName":"ac9698e6f7f64695801fa48ec75abfe8","source":"Embedded","id":"/providers/Microsoft.PowerApps/apis/shared_sharepointonline","tier":"NotSpecified"},"shared_office365":{"connectionName":"shared-office365-3d4ee488-32bb-4dae-92b4-872f-9867154d","source":"Embedded","id":"/providers/Microsoft.PowerApps/apis/shared_office365","tier":"NotSpecified"}},"flowFailureAlertSubscribed":false,"isManaged":false}}