{"schemaVersion":"1.0","appDefinitionTemplate":{"id":"/providers/Microsoft.PowerApps/apps/","type":"Microsoft.PowerApps/apps","tags":{"primaryDeviceWidth":"600","primaryDeviceHeight":"900","sienaVersion":"20210827T050752Z-3.21082.34.0","deviceCapabilities":"","supportsPortrait":"true","supportsLandscape":"false","primaryFormFactor":"Web","publisherVersion":"3.21082.34","minimumRequiredApiVersion":"2.2.0","hasComponent":"false","hasUnlockedComponent":"false","isUnifiedRootApp":"false"},"properties":{"appVersion":"2021-08-27T05:07:52Z","lifeCycleId":"Published","createdByClientVersion":{"major":3,"minor":21082,"build":34,"revision":0,"majorRevision":0,"minorRevision":0},"minClientVersion":{"major":3,"minor":21082,"build":34,"revision":0,"majorRevision":0,"minorRevision":0},"backgroundColor":"rgba(0, 176, 240, 1)","backgroundImageUri":"/13623764277414072439/Nbcdf3682-aed5-42c0-ab46-cb4a458bc461-logoSmallFile","displayName":"Email Configurations on EDocDev6 forms","description":"","commitMessage":"","appUris":{"documentUri":{"value":"/13623764277414072439/Nb923c447-2c92-4187-91c7-2afe8f9d4ab8-document.msapp"},"imageUris":[]},"createdTime":"0001-01-01T00:00:00Z","lastModifiedTime":"0001-01-01T00:00:00Z","sharedGroupsCount":0,"sharedUsersCount":0,"icons":{"smallIconUri":"/13623764277414072439/N03db58eb-36f8-4db2-b5c0-bafe2df9a589-small.png","mediumIconUri":"/13623764277414072439/Nd1fded25-0ef0-45c9-971f-4beaf67ccb35-medium.png","largeIconUri":"/13623764277414072439/N6d3c5f15-e101-4027-9740-5909dcd75d95-large.png","wideIconUri":"/13623764277414072439/Nb86306d7-5990-4d71-b6cf-78adf2bdeb2f-wide.png"},"connectionReferences":{"5f1f056e-7977-4ab7-b6e1-ef28f5765b00":{"id":"11a93981-676c-4606-a07f-edd11d7114a2","displayName":"SharePoint","iconUri":"https://connectoricons-prod.azureedge.net/releases/v1.0.1505/1.0.1505.2520/sharepointonline/icon.png","dataSources":["Email Configurations"],"dependencies":[],"dependents":[],"parameterHints":{},"parameterHintsV2":{},"isOnPremiseConnection":false,"bypassConsent":true,"dataSets":{"https://amspecllc.sharepoint.com/sites/EDocDev6":{"datasetOverride":{"name":"https://amspecllc.sharepoint.com/sites/E-DocPreview","description":"The SharePoint URL has been renamed from 'https://amspecllc.sharepoint.com/sites/EDocDev6' to 'https://amspecllc.sharepoint.com/sites/E-DocPreview'"},"dataSources":{"Email Configurations":{"tableName":"ce08b8cb-6dde-4a75-9e3f-cf769f2bca58"}}}},"apiTier":"Standard","isCustomApiConnection":false,"actions":["providers/PowerPlatform.Governance/Operations/Read","providers/PowerPlatform.Governance/Operations/Write"]}},"databaseReferences":{},"embeddedApp":{"siteId":"https://amspecllc.sharepoint.com/sites/E-DocPreview","listId":"CE08B8CB-6DDE-4A75-9E3F-CF769F2BCA58","listUrl":"https://amspecllc.sharepoint.com/sites/E-DocPreview/Lists/kcsEmailConfigurations/AllItems.aspx","type":"SharepointFormApp","screenWidth":600,"screenHeight":900},"almMode":"Environment","performanceOptimizationEnabled":true,"canConsumeAppPass":true,"executionRestrictions":{"isTeamsOnly":false,"dataLossPreventionEvaluationResult":{"status":"Compliant","lastEvaluationDate":"2021-06-08T13:07:08.3048608Z","violations":[],"violationsByPolicy":[],"violationErrorMessage":"The app uses the following connectors: shared_sharepointonline."}}},"appType":"ClassicCanvasApp","appComponents":[]}}