{"schemaVersion":"1.0","appDefinitionTemplate":{"id":"/providers/Microsoft.PowerApps/apps/","type":"Microsoft.PowerApps/apps","tags":{"primaryDeviceWidth":"1366","primaryDeviceHeight":"768","sienaVersion":"20220430T192016Z-3.22042.8.0","deviceCapabilities":"","supportsPortrait":"false","supportsLandscape":"true","primaryFormFactor":"Tablet","publisherVersion":"3.22042.8","minimumRequiredApiVersion":"2.2.0","hasComponent":"false","hasUnlockedComponent":"false","isUnifiedRootApp":"false"},"properties":{"appVersion":"2022-04-30T19:20:16Z","lifeCycleId":"Published","createdByClientVersion":{"major":3,"minor":22042,"build":8,"revision":0,"majorRevision":0,"minorRevision":0},"minClientVersion":{"major":3,"minor":22042,"build":8,"revision":0,"majorRevision":0,"minorRevision":0},"backgroundColor":"rgba(184, 0, 0, 1)","backgroundImageUri":"/14857389582284796291/Nb2b85d0c-67fb-4483-963e-8d967eb912f4-logoSmallFile","displayName":"AmSpec Location Directory","description":"","commitMessage":"added some directory fields","appUris":{"documentUri":{"value":"/14857389582284796291/Nee67a2f2-d6c5-48b0-b7e7-8807bb1caf92-document.msapp"},"imageUris":[]},"createdTime":"0001-01-01T00:00:00Z","lastModifiedTime":"0001-01-01T00:00:00Z","sharedGroupsCount":0,"sharedUsersCount":0,"icons":{"smallIconUri":"/14857389582284796291/N970d1e1f-b11c-4ea3-b833-65da04bea1d8-small.png","mediumIconUri":"/14857389582284796291/Na43d69d3-facd-480a-8029-df62799be666-medium.png","largeIconUri":"/14857389582284796291/N04b39566-89ce-41d4-a614-d62f19ebb794-large.png","wideIconUri":"/14857389582284796291/Nfd0150cd-6bbf-4cb3-96e1-84ae3c8bcc38-wide.png"},"connectionReferences":{"f10648b4-0a19-4f40-b50a-7ca369189dbe":{"id":"11a93981-676c-4606-a07f-edd11d7114a2","displayName":"SharePoint","iconUri":"https://connectoricons-prod.azureedge.net/releases/v1.0.1568/1.0.1568.2757/sharepointonline/icon.png","dataSources":["AmSpecLocations","inf_countries","LeaseContracts"],"dependencies":[],"dependents":[],"parameterHints":{},"parameterHintsV2":{},"isOnPremiseConnection":false,"bypassConsent":false,"dataSets":{"https://amspecllc.sharepoint.com/sites/AmSpecDirectory":{"dataSources":{"AmSpecLocations":{"tableName":"a804dddf-58aa-451a-b60a-323a4d0d7253"},"inf_countries":{"tableName":"84f4dac2-fce9-46b2-8ee8-dced687947aa"},"LeaseContracts":{"tableName":"c6fe10c5-cc53-4292-a257-bf3317f0b4cd"}}}},"apiTier":"Standard","isCustomApiConnection":false,"actions":["providers/PowerPlatform.Governance/Operations/Read","providers/PowerPlatform.Governance/Operations/Write"]}},"databaseReferences":{},"almMode":"Environment","performanceOptimizationEnabled":true,"canConsumeAppPass":true,"executionRestrictions":{"isTeamsOnly":false,"dataLossPreventionEvaluationResult":{"status":"Compliant","lastEvaluationDate":"2021-10-06T07:41:43.400712Z","violations":[],"violationsByPolicy":[],"violationErrorMessage":"The app uses the following connectors: shared_sharepointonline."}}},"appType":"ClassicCanvasApp","appComponents":[]}}