{"schemaVersion":"1.0","appDefinitionTemplate":{"id":"/providers/Microsoft.PowerApps/apps/","type":"Microsoft.PowerApps/apps","tags":{"sp-site-id":"https://amspecllc.sharepoint.com/sites/LaboratoryTraining","sp-list-id":"7a942b74-236c-4d3e-89e3-d9a88e1cb2b9","https://amspecllc.sharepoint.com/sites/LaboratoryTraining":"7a942b74-236c-4d3e-89e3-d9a88e1cb2b9","primaryDeviceWidth":"640","primaryDeviceHeight":"1136","sienaVersion":"a2d5c3b7-10e0-4d14-b2ca-ea4566538782","deviceCapabilities":"","supportsPortrait":"true","supportsLandscape":"false","primaryFormFactor":"Phone","publisherVersion":"3.21033.47","minimumRequiredApiVersion":"2.2.0","hasComponent":"false","hasUnlockedComponent":"false","isUnifiedRootApp":"false"},"properties":{"appVersion":"2021-04-05T15:57:02Z","lifeCycleId":"Published","createdByClientVersion":{"major":3,"minor":21033,"build":47,"revision":0,"majorRevision":0,"minorRevision":0},"minClientVersion":{"major":3,"minor":21033,"build":47,"revision":0,"majorRevision":0,"minorRevision":0},"backgroundColor":"rgba(0, 176, 240, 1)","backgroundImageUri":"/17607094083992711331/Nb0badeb9-5a6a-4e32-9354-d233874699ee-logoSmallFile","displayName":"FL 101 Outsourcing Form","description":"","commitMessage":"","appUris":{"documentUri":{"value":"/17607094083992711331/N06bd89c6-66fa-42ab-acdd-7b10ef49b3ad-document.msapp"},"imageUris":[]},"createdTime":"0001-01-01T00:00:00Z","lastModifiedTime":"0001-01-01T00:00:00Z","sharedGroupsCount":0,"sharedUsersCount":0,"icons":{"smallIconUri":"/17607094083992711331/N2eb54214-e4bc-451d-9391-26cf3895b35d-small.png","mediumIconUri":"/17607094083992711331/Naba6e419-72e8-4f72-8f06-112c02628a25-medium.png","largeIconUri":"/17607094083992711331/N2cc77a1f-517b-4646-9aab-24be42896fd2-large.png","wideIconUri":"/17607094083992711331/Ncc87e896-c271-4a0a-8f90-222ffb8a67c5-wide.png"},"connectionReferences":{"b28f1000-b486-4a10-adf4-d006eb42d06d":{"id":"11a93981-676c-4606-a07f-edd11d7114a2","displayName":"SharePoint","iconUri":"https://connectoricons-prod.azureedge.net/releases/v1.0.1451/1.0.1451.2361/sharepointonline/icon.png","dataSources":["FL 101 Laboratory Testing Outsourcing"],"dependencies":[],"dependents":[],"parameterHints":{},"isOnPremiseConnection":false,"dataSets":{"https://amspecllc.sharepoint.com/sites/LaboratoryTraining":{"dataSources":{"FL 101 Laboratory Testing Outsourcing":{"tableName":"7a942b74-236c-4d3e-89e3-d9a88e1cb2b9"}}}},"apiTier":"Standard","isCustomApiConnection":false}},"databaseReferences":{},"almMode":"Environment","performanceOptimizationEnabled":true,"canConsumeAppPass":true,"executionRestrictions":{"isTeamsOnly":false,"dataLossPreventionEvaluationResult":{"status":"Compliant","lastEvaluationDate":"2021-04-05T15:57:12.6758882Z","violationDetails":[]}}},"isAppComponentLibrary":false,"appType":"ClassicCanvasApp","appComponents":[]}}