{"name":"9bc7d372-1715-4dbb-8f0d-2b5343611908","id":"/providers/Microsoft.Flow/flows/9bc7d372-1715-4dbb-8f0d-2b5343611908","type":"Microsoft.Flow/flows","properties":{"apiId":"/providers/Microsoft.PowerApps/apis/shared_logicflows","displayName":" Error Log Flow Delete","definition":{"metadata":{"workflowEntityId":null,"processAdvisorMetadata":null,"flowclientsuspensionreason":"None","flowclientsuspensiontime":null,"creator":{"id":"5559cccf-deaf-4ab0-856a-b5da5d1128a2","type":"User","tenantId":"fddf0fb0-6be4-4e34-ace1-e795bc64c91f"},"provisioningMethod":"FromDefinition","failureAlertSubscription":true,"clientLastModifiedTime":"2021-08-09T11:28:16.9741838Z"},"$schema":"https://schema.management.azure.com/providers/Microsoft.Logic/schemas/2016-06-01/workflowdefinition.json#","contentVersion":"1.0.0.0","parameters":{"$connections":{"defaultValue":{},"type":"Object"},"$authentication":{"defaultValue":{},"type":"SecureObject"}},"triggers":{"Recurrence":{"recurrence":{"frequency":"Minute","interval":20,"startTime":"2021-07-13T13:45:00.000Z"},"type":"Recurrence"}},"actions":{"Get_items":{"runAfter":{},"type":"OpenApiConnection","inputs":{"host":{"apiId":"/providers/Microsoft.PowerApps/apis/shared_sharepointonline","connectionName":"shared_sharepointonline","operationId":"GetItems"},"parameters":{"dataset":"https://amspecllc.sharepoint.com/sites/EDocDev","table":"5029ffc3-0629-4895-a56e-4117a6971b7b","$orderby":"Id asc","$top":1000},"authentication":"@parameters('$authentication')"}},"Apply_to_each":{"foreach":"@outputs('Get_items')?['body/value']","actions":{"Condition":{"actions":{"Delete_item":{"runAfter":{},"type":"OpenApiConnection","inputs":{"host":{"apiId":"/providers/Microsoft.PowerApps/apis/shared_sharepointonline","connectionName":"shared_sharepointonline","operationId":"DeleteItem"},"parameters":{"dataset":"https://amspecllc.sharepoint.com/sites/EDocDev","table":"5029ffc3-0629-4895-a56e-4117a6971b7b","id":"@items('Apply_to_each')?['ID']"},"authentication":"@parameters('$authentication')"}}},"runAfter":{},"expression":{"lessOrEquals":["@items('Apply_to_each')?['ID']","@body('Get_items')?['value'][999]['ID']"]},"type":"If"}},"runAfter":{"Get_items":["Succeeded"]},"type":"Foreach"},"Apply_to_each_2":{"foreach":"@outputs('Get_items_2')?['body/value']","actions":{"Condition_3":{"actions":{"Delete_item_3":{"runAfter":{},"type":"OpenApiConnection","inputs":{"host":{"apiId":"/providers/Microsoft.PowerApps/apis/shared_sharepointonline","connectionName":"shared_sharepointonline","operationId":"DeleteItem"},"parameters":{"dataset":"https://amspecllc.sharepoint.com/sites/EDocDev","table":"5029ffc3-0629-4895-a56e-4117a6971b7b","id":"@items('Apply_to_each_2')?['ID']"},"authentication":"@parameters('$authentication')"}}},"runAfter":{},"expression":{"lessOrEquals":["@items('Apply_to_each_2')?['ID']","@body('Get_items_2')?['value'][999]['ID']"]},"type":"If"}},"runAfter":{"Get_items_2":["Succeeded"]},"type":"Foreach"},"Apply_to_each_3":{"foreach":"@outputs('Get_items_3')?['body/value']","actions":{"Condition_2":{"actions":{"Delete_item_2":{"runAfter":{},"type":"OpenApiConnection","inputs":{"host":{"apiId":"/providers/Microsoft.PowerApps/apis/shared_sharepointonline","connectionName":"shared_sharepointonline","operationId":"DeleteItem"},"parameters":{"dataset":"https://amspecllc.sharepoint.com/sites/EDocDev","table":"5029ffc3-0629-4895-a56e-4117a6971b7b","id":"@items('Apply_to_each_3')?['ID']"},"authentication":"@parameters('$authentication')"}}},"runAfter":{},"expression":{"lessOrEquals":["@items('Apply_to_each_3')?['ID']","@body('Get_items_3')?['value'][999]['ID']"]},"type":"If"}},"runAfter":{"Get_items_3":["Succeeded"]},"type":"Foreach"},"Apply_to_each_4":{"foreach":"@outputs('Get_items_4')?['body/value']","actions":{"Condition_4":{"actions":{"Delete_item_4":{"runAfter":{},"type":"OpenApiConnection","inputs":{"host":{"apiId":"/providers/Microsoft.PowerApps/apis/shared_sharepointonline","connectionName":"shared_sharepointonline","operationId":"DeleteItem"},"parameters":{"dataset":"https://amspecllc.sharepoint.com/sites/EDocDev","table":"5029ffc3-0629-4895-a56e-4117a6971b7b","id":"@items('Apply_to_each_4')?['ID']"},"authentication":"@parameters('$authentication')"}}},"runAfter":{},"expression":{"lessOrEquals":["@items('Apply_to_each_4')?['ID']","@body('Get_items_4')?['value'][999]['ID']"]},"type":"If"}},"runAfter":{"Get_items_4":["Succeeded"]},"type":"Foreach"},"Compose":{"runAfter":{"Get_items":["Succeeded"]},"type":"Compose","inputs":"@body('Get_items')?['value'][999]['ID']"},"Compose_4":{"runAfter":{"Compose":["Succeeded"]},"type":"Compose","inputs":"@add(outputs('Compose'),1)"},"Get_items_2":{"runAfter":{"Compose_4":["Succeeded"]},"type":"OpenApiConnection","inputs":{"host":{"apiId":"/providers/Microsoft.PowerApps/apis/shared_sharepointonline","connectionName":"shared_sharepointonline","operationId":"GetItems"},"parameters":{"dataset":"https://amspecllc.sharepoint.com/sites/EDocDev","table":"5029ffc3-0629-4895-a56e-4117a6971b7b","$filter":"Id ge @{outputs('Compose_4')}","$orderby":"Id asc","$top":1000},"authentication":"@parameters('$authentication')"}},"Compose_2":{"runAfter":{"Get_items_2":["Succeeded"]},"type":"Compose","inputs":"@body('Get_items_2')?['value'][999]['ID']"},"Compose_5":{"runAfter":{"Compose_2":["Succeeded"]},"type":"Compose","inputs":"@add(outputs('Compose_2'), 1)"},"Get_items_3":{"runAfter":{"Compose_5":["Succeeded"]},"type":"OpenApiConnection","inputs":{"host":{"apiId":"/providers/Microsoft.PowerApps/apis/shared_sharepointonline","connectionName":"shared_sharepointonline","operationId":"GetItems"},"parameters":{"dataset":"https://amspecllc.sharepoint.com/sites/EDocDev","table":"5029ffc3-0629-4895-a56e-4117a6971b7b","$filter":"Id ge @{outputs('Compose_5')}","$orderby":"Id asc","$top":1000},"authentication":"@parameters('$authentication')"}},"Compose_3":{"runAfter":{"Get_items_3":["Succeeded"]},"type":"Compose","inputs":"@body('Get_items_3')?['value'][999]['ID']"},"Compose_6":{"runAfter":{"Compose_3":["Succeeded"]},"type":"Compose","inputs":"@add(outputs('Compose_3'),1)"},"Get_items_4":{"runAfter":{"Compose_6":["Succeeded"]},"type":"OpenApiConnection","inputs":{"host":{"apiId":"/providers/Microsoft.PowerApps/apis/shared_sharepointonline","connectionName":"shared_sharepointonline","operationId":"GetItems"},"parameters":{"dataset":"https://amspecllc.sharepoint.com/sites/EDocDev","table":"5029ffc3-0629-4895-a56e-4117a6971b7b","$filter":"Id ge @{outputs('Compose_6')}","$orderby":"Id asc","$top":1000},"authentication":"@parameters('$authentication')"}}}},"connectionReferences":{"shared_sharepointonline":{"connectionName":"95f6f15913b4440ebd39c2d9222792ed","source":"Embedded","id":"/providers/Microsoft.PowerApps/apis/shared_sharepointonline","tier":"NotSpecified"}},"flowFailureAlertSubscribed":false,"isManaged":false}}