{"name":"69493713-e085-4f42-89b2-5def09f5614b","id":"/providers/Microsoft.Flow/flows/69493713-e085-4f42-89b2-5def09f5614b","type":"Microsoft.Flow/flows","properties":{"apiId":"/providers/Microsoft.PowerApps/apis/shared_logicflows","displayName":"New Covid19-Vaccine Dose is added","definition":{"metadata":{"workflowEntityId":null,"processAdvisorMetadata":null,"flowclientsuspensionreason":"None","flowclientsuspensiontime":null,"creator":{"id":"92b54cd9-a569-4d92-bca0-4f330d1ea600","type":"User","tenantId":"fddf0fb0-6be4-4e34-ace1-e795bc64c91f"},"provisioningMethod":"FromDefinition","failureAlertSubscription":true,"clientLastModifiedTime":"2021-11-26T11:07:38.8957977Z"},"$schema":"https://schema.management.azure.com/providers/Microsoft.Logic/schemas/2016-06-01/workflowdefinition.json#","contentVersion":"1.0.0.0","parameters":{"$connections":{"defaultValue":{},"type":"Object"},"$authentication":{"defaultValue":{},"type":"SecureObject"},"sharepoint.site":{"defaultValue":"","type":"String"},"sharepoint.list":{"defaultValue":"","type":"String"}},"triggers":{"When_a_new_item_is_created":{"recurrence":{"frequency":"Minute","interval":5},"splitOn":"@triggerBody()?.value","metadata":{"flowSystemMetadata":{"swaggerOperationId":"GetOnNewItems"},"operationMetadataId":"f61d8f2b-67f6-4c4f-b4dc-6f6943ef0ccd"},"type":"ApiConnection","inputs":{"host":{"connection":{"name":"@parameters('$connections')['shared_sharepointonline']['connectionId']"},"api":{"runtimeUrl":"https://flow-apim-msmanaged-na-westus2-01.azure-apim.net/apim/sharepointonline"}},"method":"get","path":"/datasets/@{encodeURIComponent(encodeURIComponent('https://amspecllc.sharepoint.com/sites/AmSpecDirectory'))}/tables/@{encodeURIComponent(encodeURIComponent('employee_COVID19_Vaccination'))}/onnewitems","authentication":"@parameters('$authentication')"},"conditions":[]}},"actions":{"Get_my_profile_(V2)":{"runAfter":{},"metadata":{"flowSystemMetadata":{"swaggerOperationId":"MyProfile_V2"},"operationMetadataId":"a3fdbcf2-cb34-4be2-97a3-374a6c253a0f"},"type":"ApiConnection","inputs":{"host":{"connection":{"name":"@parameters('$connections')['shared_office365users']['connectionId']"},"api":{"runtimeUrl":"https://flow-apim-msmanaged-na-eastus2-01.azure-apim.net/apim/office365users"}},"method":"get","path":"/codeless/v1.0/me","queries":{"$select":"givenName, mail"},"authentication":"@parameters('$authentication')"}},"Send_Email":{"runAfter":{"Get_my_profile_(V2)":["Succeeded"]},"metadata":{"flowSystemMetadata":{"swaggerOperationId":"SendEmailV2"},"operationMetadataId":"c4b1d9d1-0fe4-4a64-9c39-c2b82ab6e569"},"type":"ApiConnection","inputs":{"host":{"connection":{"name":"@parameters('$connections')['shared_office365']['connectionId']"},"api":{"runtimeUrl":"https://flow-apim-msmanaged-na-centralus-01.azure-apim.net/apim/office365"}},"method":"post","body":{"To":"James.Armstrong@amspecgroup.com","Subject":"New Covid19 Vaccine Dose added","Body":"Hi COVID Help Team,  <BR>\n\nA new Covid19 Vaccine Dose was added at @{coalesce(triggerBody()?['Created'],'')} by @{coalesce(triggerBody()?['Author']?['DisplayName'],'someone')}. <BR><BR>\n\nDetails: @{coalesce(triggerBody()?['{Name}'],'A SharePoint item')}<BR><BR>\n\nEmployee : @{triggerBody()?['Employee']?['Value']} <BR>\nDate Received: @{triggerBody()?['Date_x0020_Certified']}<BR>\nVaccine Product: @{triggerBody()?['certificate_Category0']?['Value']}<BR>\nDose Number: @{triggerBody()?['Dose_x0020_Number']?['Value']}<BR>\n <BR><BR>\n\nItem Link:\n @{triggerBody()?['{Link}']}<BR>\n","From":"notification@amspecgroup.net","Cc":"Amr.Guenena@amspecgroup.com"},"path":"/v2/Mail","authentication":"@parameters('$authentication')"}},"Start_and_wait_for_an_approval":{"runAfter":{"Send_Email":["Succeeded"]},"metadata":{"flowSystemMetadata":{"swaggerOperationId":"StartAndWaitForAnApproval"},"operationMetadataId":"38402321-9989-4bdb-b8c5-0b4d5c249618"},"type":"ApiConnectionWebhook","inputs":{"host":{"connection":{"name":"@parameters('$connections')['shared_approvals']['connectionId']"},"api":{"runtimeUrl":"https://flow-apim-msmanaged-na-northcentralus-01.azure-apim.net/apim/approvals"}},"body":{"notificationUrl":"@{listCallbackUrl()}","title":"COVID19 Vaccine details Approval request","assignedTo":"james.armstrong@amspecgroup.com; Amr.Guenena@amspecgroup.com","details":"\nEmployee: @{triggerBody()?['Employee']?['Value']} \nDate Received: @{triggerBody()?['Date_x0020_Certified']}\nVaccine Product: @{triggerBody()?['certificate_Category0']?['Value']}\nDose Number: @{triggerBody()?['Dose_x0020_Number']?['Value']}\n\nCertificate link:\n@{triggerBody()?['{Link}']}","itemLink":"@triggerBody()?['{Link}']","enableNotifications":true,"enableReassignment":true},"path":"/types/@{encodeURIComponent('Basic')}/subscriptions","authentication":"@parameters('$authentication')"}},"Apply_to_each":{"foreach":"@body('Start_and_wait_for_an_approval')?['responses']","actions":{"Condition":{"actions":{"Update_item":{"runAfter":{"Send_an_email_(V2)":["Succeeded"]},"metadata":{"flowSystemMetadata":{"swaggerOperationId":"PatchItem"},"operationMetadataId":"71deaca3-3310-45cf-88bf-35159dfdcf72"},"type":"ApiConnection","inputs":{"host":{"connection":{"name":"@parameters('$connections')['shared_sharepointonline']['connectionId']"},"api":{"runtimeUrl":"https://flow-apim-msmanaged-na-westus2-01.azure-apim.net/apim/sharepointonline"}},"method":"patch","body":{"Date_x0020_Certified":"@triggerBody()?['Date_x0020_Certified']","approved_YN":true,"approved_by":"@items('Apply_to_each')?['responder']?['email']","ApprovedOn":"@{utcNow()}"},"path":"/datasets/@{encodeURIComponent(encodeURIComponent('https://amspecllc.sharepoint.com/sites/AmSpecDirectory'))}/tables/@{encodeURIComponent(encodeURIComponent('employee_COVID19_Vaccination'))}/items/@{encodeURIComponent(triggerBody()?['ID'])}","authentication":"@parameters('$authentication')"}},"Get_Shipper_Details":{"runAfter":{},"metadata":{"flowSystemMetadata":{"swaggerOperationId":"GetItem"},"operationMetadataId":"9b32b42f-086e-4fdf-b105-b1d19c04cade"},"type":"ApiConnection","inputs":{"host":{"connection":{"name":"@parameters('$connections')['shared_sharepointonline']['connectionId']"},"api":{"runtimeUrl":"https://flow-apim-msmanaged-na-westus2-01.azure-apim.net/apim/sharepointonline"}},"method":"get","path":"/datasets/@{encodeURIComponent(encodeURIComponent('https://amspecllc.sharepoint.com/sites/AmSpecDirectory'))}/tables/@{encodeURIComponent(encodeURIComponent('9e5d8603-273d-4a79-b02a-1a8e946557f3'))}/items/@{encodeURIComponent(triggerBody()?['Employee']?['Id'])}","authentication":"@parameters('$authentication')"}},"Send_an_email_(V2)":{"runAfter":{"Get_Manager_Details":["Succeeded"]},"metadata":{"flowSystemMetadata":{"swaggerOperationId":"SendEmailV2"},"operationMetadataId":"6740d9d9-1ec7-44a9-8e08-37b1d9b77456"},"type":"ApiConnection","inputs":{"host":{"connection":{"name":"@parameters('$connections')['shared_office365']['connectionId']"},"api":{"runtimeUrl":"https://flow-apim-msmanaged-na-centralus-01.azure-apim.net/apim/office365"}},"method":"post","body":{"To":"@body('Get_Shipper_Details')['Work_x0020_Email']","Subject":"Your Covid19 Vaccine details has been approved.","Body":"<p>Hi @{body('Get_Shipper_Details')?['Full_x0020_Name']},<br>\n<br>\nYour Covid19 Vaccine details has been approved by<br>\n@{items('Apply_to_each')?['responder']?['displayName']}<br>\n<br>\nApprover comments: @{items('Apply_to_each')?['comments']}<br>\n<br>\nVaccine Details<br>\nEmployee: @{triggerBody()?['Employee']?['Value']} &lt;BR&gt;<br>\nDate Received: @{triggerBody()?['Date_x0020_Certified']}&lt;BR&gt;<br>\nVaccine Product: @{triggerBody()?['certificate_Category0']?['Value']}&lt;BR&gt;<br>\nDose Number: @{triggerBody()?['Dose_x0020_Number']?['Value']}&lt;BR&gt;<br>\n<br>\nThank you for the update.<br>\nCOVID Help Team</p>","From":"notification@amspecgroup.net","Cc":"@{body('Get_Manager_Details')['Work_x0020_Email']}; james.armstrong@amspecgroup.com; amr.guenena@amspecgroup.com"},"path":"/v2/Mail","authentication":"@parameters('$authentication')"}},"Get_Manager_Details":{"runAfter":{"Get_Shipper_Details":["Succeeded"]},"metadata":{"flowSystemMetadata":{"swaggerOperationId":"GetItem"},"operationMetadataId":"0d82cc68-6006-4fae-81f6-988534912115"},"type":"ApiConnection","inputs":{"host":{"connection":{"name":"@parameters('$connections')['shared_sharepointonline']['connectionId']"},"api":{"runtimeUrl":"https://flow-apim-msmanaged-na-westus2-01.azure-apim.net/apim/sharepointonline"}},"method":"get","path":"/datasets/@{encodeURIComponent(encodeURIComponent('https://amspecllc.sharepoint.com/sites/AmSpecDirectory'))}/tables/@{encodeURIComponent(encodeURIComponent('9e5d8603-273d-4a79-b02a-1a8e946557f3'))}/items/@{encodeURIComponent(body('Get_Shipper_Details')?['Manager']?['Id'])}","authentication":"@parameters('$authentication')"}}},"runAfter":{},"else":{"actions":{"Update_item_2":{"runAfter":{"Send_an_email_(V2)_2":["Succeeded"]},"metadata":{"flowSystemMetadata":{"swaggerOperationId":"PatchItem"},"operationMetadataId":"6d322d40-90ca-4aa2-8abb-d60c93aba52c"},"type":"ApiConnection","inputs":{"host":{"connection":{"name":"@parameters('$connections')['shared_sharepointonline']['connectionId']"},"api":{"runtimeUrl":"https://flow-apim-msmanaged-na-westus2-01.azure-apim.net/apim/sharepointonline"}},"method":"patch","body":{"Date_x0020_Certified":"@triggerBody()?['Date_x0020_Certified']","approved_YN":false,"approved_by":"@items('Apply_to_each')?['responder']?['email']","ApprovedOn":"@{utcNow()}"},"path":"/datasets/@{encodeURIComponent(encodeURIComponent('https://amspecllc.sharepoint.com/sites/AmSpecDirectory'))}/tables/@{encodeURIComponent(encodeURIComponent('employee_certificates'))}/items/@{encodeURIComponent(triggerBody()?['ID'])}","authentication":"@parameters('$authentication')"}},"Get_Shipper_Details_2":{"runAfter":{},"metadata":{"flowSystemMetadata":{"swaggerOperationId":"GetItem"},"operationMetadataId":"08bf96c7-87be-4154-95e5-652101da8599"},"type":"ApiConnection","inputs":{"host":{"connection":{"name":"@parameters('$connections')['shared_sharepointonline']['connectionId']"},"api":{"runtimeUrl":"https://flow-apim-msmanaged-na-westus2-01.azure-apim.net/apim/sharepointonline"}},"method":"get","path":"/datasets/@{encodeURIComponent(encodeURIComponent('https://amspecllc.sharepoint.com/sites/AmSpecDirectory'))}/tables/@{encodeURIComponent(encodeURIComponent('9e5d8603-273d-4a79-b02a-1a8e946557f3'))}/items/@{encodeURIComponent(triggerBody()?['Employee']?['Id'])}","authentication":"@parameters('$authentication')"}},"Send_an_email_(V2)_2":{"runAfter":{"Get_Manager_Details_3":["Succeeded"]},"metadata":{"flowSystemMetadata":{"swaggerOperationId":"SendEmailV2"},"operationMetadataId":"e2b83c86-187f-40e2-8db2-fc0d8e669ac6"},"type":"ApiConnection","inputs":{"host":{"connection":{"name":"@parameters('$connections')['shared_office365']['connectionId']"},"api":{"runtimeUrl":"https://flow-apim-msmanaged-na-centralus-01.azure-apim.net/apim/office365"}},"method":"post","body":{"To":"@{body('Get_Shipper_Details_2')['Work_x0020_Email']}@{body('Get_Manager_Details_3')['Work_x0020_Email']}","Subject":"Sorry - Your Vaccine Dose approval request was not approved  ","Body":"<p>Your COVID Vaccine details have been reviewed by<br>\n@{items('Apply_to_each')?['responder']?['displayName']}<br>\n<br>\n@{items('Apply_to_each')?['comments']}&nbsp;</p>","From":"notification@amspecgroup.net","Cc":"Amr.Guenena@amspecgroup.com;James.Armstrong@amspecgroup.com"},"path":"/v2/Mail","authentication":"@parameters('$authentication')"}},"Get_Manager_Details_3":{"runAfter":{"Get_Shipper_Details_2":["Succeeded"]},"metadata":{"flowSystemMetadata":{"swaggerOperationId":"GetItem"},"operationMetadataId":"99ab6454-3040-4254-bb23-10ae517ba6d9"},"type":"ApiConnection","inputs":{"host":{"connection":{"name":"@parameters('$connections')['shared_sharepointonline']['connectionId']"},"api":{"runtimeUrl":"https://flow-apim-msmanaged-na-westus2-01.azure-apim.net/apim/sharepointonline"}},"method":"get","path":"/datasets/@{encodeURIComponent(encodeURIComponent('https://amspecllc.sharepoint.com/sites/AmSpecDirectory'))}/tables/@{encodeURIComponent(encodeURIComponent('9e5d8603-273d-4a79-b02a-1a8e946557f3'))}/items/@{encodeURIComponent(triggerBody()?['Employee']?['Id'])}","authentication":"@parameters('$authentication')"}}}},"expression":{"equals":["@items('Apply_to_each')?['approverResponse']","Approve"]},"metadata":{"operationMetadataId":"610f7679-1c01-490a-aca6-164aa027d2e5"},"type":"If"}},"runAfter":{"Start_and_wait_for_an_approval":["Succeeded"]},"metadata":{"operationMetadataId":"3eb30832-ea5c-48d0-bc1b-9004941666a7"},"type":"Foreach"}}},"connectionReferences":{"shared_office365users":{"connectionName":"shared-office365user-7f0febe8-5182-4ac0-8fd4-d20f-e359963e","source":"Embedded","id":"/providers/Microsoft.PowerApps/apis/shared_office365users","tier":"NotSpecified"},"shared_office365":{"connectionName":"shared-office365-3d4ee488-32bb-4dae-92b4-872f-9867154d","source":"Embedded","id":"/providers/Microsoft.PowerApps/apis/shared_office365","tier":"NotSpecified"},"shared_approvals":{"connectionName":"shared-approvals-2e292269-edca-47c4-86e7-aa4e-66d17d39","source":"Embedded","id":"/providers/Microsoft.PowerApps/apis/shared_approvals","tier":"NotSpecified"},"shared_sharepointonline":{"connectionName":"ac9698e6f7f64695801fa48ec75abfe8","source":"Embedded","id":"/providers/Microsoft.PowerApps/apis/shared_sharepointonline","tier":"NotSpecified"}},"flowFailureAlertSubscribed":false,"isManaged":false}}