{"name":"fb632630-9597-4d2a-96e7-d2a28bc403cd","id":"/providers/Microsoft.Flow/flows/fb632630-9597-4d2a-96e7-d2a28bc403cd","type":"Microsoft.Flow/flows","properties":{"apiId":"/providers/Microsoft.PowerApps/apis/shared_logicflows","displayName":"New Lead Flow","definition":{"metadata":{"workflowEntityId":null,"creator":{"id":"e456b72f-9959-40a6-a475-bee3f7842ea9","type":"User","tenantId":"fddf0fb0-6be4-4e34-ace1-e795bc64c91f"},"provisioningMethod":"FromDefinition","failureAlertSubscription":true,"clientLastModifiedTime":"2019-10-12T11:38:38.2724643Z","flowclientsuspensionreason":"None","flowclientsuspensiontime":null,"processAdvisorMetadata":null},"$schema":"https://schema.management.azure.com/providers/Microsoft.Logic/schemas/2016-06-01/workflowdefinition.json#","contentVersion":"1.0.0.0","parameters":{"$connections":{"defaultValue":{},"type":"Object"},"$authentication":{"defaultValue":{},"type":"SecureObject"}},"triggers":{"When_an_item_is_created":{"recurrence":{"frequency":"Minute","interval":1},"splitOn":"@triggerBody()?['value']","metadata":{"flowSystemMetadata":{"swaggerOperationId":"GetOnNewItems"}},"type":"ApiConnection","inputs":{"host":{"connection":{"name":"@parameters('$connections')['shared_sharepointonline']['connectionId']"},"api":{"runtimeUrl":"https://flow-apim-msmanaged-na-westus-01.azure-apim.net/apim/sharepointonline"}},"method":"get","path":"/datasets/@{encodeURIComponent(encodeURIComponent('https://amspecllc.sharepoint.com/sites/EuropeTeam'))}/tables/@{encodeURIComponent(encodeURIComponent('119c1822-4947-4a9a-ae5c-01cb6b47b44e'))}/onnewitems","authentication":"@parameters('$authentication')"}}},"actions":{"Send_an_email_notification_(V3)":{"runAfter":{},"metadata":{"flowSystemMetadata":{"swaggerOperationId":"SendEmailV3"}},"type":"ApiConnection","inputs":{"host":{"connection":{"name":"@parameters('$connections')['shared_sendmail']['connectionId']"},"api":{"runtimeUrl":"https://flow-apim-msmanaged-na-eastus2-01.azure-apim.net/apim/sendmail"}},"method":"post","body":{"to":"@{triggerBody()?['Assigned_x0020_To']?['Email']};","subject":"You have a new commercial action assigned to you","text":"<p>Client Name:@{triggerBody()?['Title']}<br>\nLocation:  @{triggerBody()?['AmSpec_x0020_Location']?['Value']}<br>\nInput:       @{triggerBody()?['Input']}<br>\nAction:     @{triggerBody()?['Actions_x0020_Taken_x002f_Needed']} <br>\nDeadline: @{triggerBody()?['Deadline']}<br>\n</p>\n<div style=\"display:none;\">\n","ishtml":true},"path":"/v3/mail/send","authentication":"@parameters('$authentication')"}}}},"connectionReferences":{"shared_sendmail":{"connectionName":"shared-sendmail-e95dbcba-12d4-4a52-8818-c358af5c924d","source":"Embedded","id":"/providers/Microsoft.PowerApps/apis/shared_sendmail","tier":"NotSpecified"},"shared_sharepointonline":{"connectionName":"shared-sharepointonl-b1c13963-384e-4fd4-aa7d-cb04cce99e69","source":"Embedded","id":"/providers/Microsoft.PowerApps/apis/shared_sharepointonline","tier":"NotSpecified"}},"flowFailureAlertSubscribed":false,"isManaged":false}}