{"name":"24b36406-db03-4812-b6bf-237dd9f4eebf","id":"/providers/Microsoft.Flow/flows/24b36406-db03-4812-b6bf-237dd9f4eebf","type":"Microsoft.Flow/flows","properties":{"apiId":"/providers/Microsoft.PowerApps/apis/shared_logicflows","displayName":"Commercial Actions Deadline Schedule","definition":{"metadata":{"workflowEntityId":null,"creator":{"id":"e456b72f-9959-40a6-a475-bee3f7842ea9","type":"User","tenantId":"fddf0fb0-6be4-4e34-ace1-e795bc64c91f"},"provisioningMethod":"FromDefinition","failureAlertSubscription":true,"clientLastModifiedTime":"2020-04-26T13:36:16.6577415Z","flowclientsuspensionreason":"None","flowclientsuspensiontime":null,"processAdvisorMetadata":null},"$schema":"https://schema.management.azure.com/providers/Microsoft.Logic/schemas/2016-06-01/workflowdefinition.json#","contentVersion":"1.0.0.0","parameters":{"$connections":{"defaultValue":{},"type":"Object"},"$authentication":{"defaultValue":{},"type":"SecureObject"}},"triggers":{"Recurrence":{"recurrence":{"frequency":"Day","interval":1,"startTime":"2019-10-19T17:00:00.000Z","schedule":{"hours":["6"],"minutes":[0]}},"type":"Recurrence"}},"actions":{"Scope":{"actions":{"Compose":{"runAfter":{},"type":"Compose","inputs":"@addDays(utcNow(),3,'MM/dd/yyyy')"},"Get_items":{"runAfter":{"Compose_2":["Succeeded"]},"metadata":{"flowSystemMetadata":{"swaggerOperationId":"GetItems"}},"type":"ApiConnection","inputs":{"host":{"connection":{"name":"@parameters('$connections')['shared_sharepointonline']['connectionId']"},"api":{"runtimeUrl":"https://flow-apim-msmanaged-na-westus-01.azure-apim.net/apim/sharepointonline"}},"method":"get","path":"/datasets/@{encodeURIComponent(encodeURIComponent('https://amspecllc.sharepoint.com/sites/EuropeTeam/'))}/tables/@{encodeURIComponent(encodeURIComponent('119c1822-4947-4a9a-ae5c-01cb6b47b44e'))}/items","queries":{"$filter":"Deadline le '@{outputs('Compose')}' and Status eq 'Open'"},"authentication":"@parameters('$authentication')"}},"Apply_to_each":{"foreach":"@body('Get_items')?['value']","actions":{"Send_an_email_notification_(V3)":{"runAfter":{},"metadata":{"flowSystemMetadata":{"swaggerOperationId":"SendEmailV3"}},"type":"ApiConnection","inputs":{"host":{"connection":{"name":"@parameters('$connections')['shared_sendmail']['connectionId']"},"api":{"runtimeUrl":"https://flow-apim-msmanaged-na-eastus-01.azure-apim.net/apim/sendmail"}},"method":"post","body":{"to":" @{items('Apply_to_each')?['Assigned_x0020_To']?['Email']};James.Seeley@amspecgroup.com;","subject":"Commercial Action deadline for @{items('Apply_to_each')?['Title']}","text":"<!DOCTYPE html>\n<html>\n<head>\n<style>\ntable, th, td {\n  table-layout: auto;\n  border: 1px solid black;\n}\n</style>\n</head>\n<body>\n\n<table>\n <tr><td>Deadline</td><td>@{items('Apply_to_each')?['Deadline']}</td></tr>\n <tr><td>Dept</td><td>@{items('Apply_to_each')?['Assigned_x0020_To']?['Department']}</td></tr>\n <tr><td>Client</td><td>@{items('Apply_to_each')?['Title']}</td></tr>\n <tr><td>Contact</td><td>@{items('Apply_to_each')?['Client_x0020_Contact']}</td></tr>\n <tr><td>Priority</td><td>@{items('Apply_to_each')?['Priority']?['Value']}</td></tr>\n <tr><td>Input</td><td>@{items('Apply_to_each')?['Input']}</td></tr>\n <tr><td>Comments</td><td>@{items('Apply_to_each')?['{ModerationComment}']}</td></tr>\n <tr><td>Item Link</td><td><a href='@{items('Apply_to_each')?['{Link}']}'>Click to view item</a></td></tr>\n</table>\n<div style='display:none;'>\n</body>\n\n</html>\n\n\n\n\n","ishtml":true},"path":"/v3/mail/send","authentication":"@parameters('$authentication')"}}},"runAfter":{"Get_items":["Succeeded"]},"type":"Foreach","runtimeConfiguration":{"concurrency":{"repetitions":20}}},"Compose_2":{"runAfter":{"Compose":["Succeeded"]},"type":"Compose","inputs":"@addDays(utcNow(),-1,'MM/dd/yyyy')"}},"runAfter":{},"type":"Scope"}}},"connectionReferences":{"shared_sharepointonline":{"connectionName":"shared-sharepointonl-b1c13963-384e-4fd4-aa7d-cb04cce99e69","source":"Embedded","id":"/providers/Microsoft.PowerApps/apis/shared_sharepointonline","tier":"NotSpecified"},"shared_sendmail":{"connectionName":"shared-sendmail-a6836b8e-da63-4818-83c8-aca80db4bac7","source":"Embedded","id":"/providers/Microsoft.PowerApps/apis/shared_sendmail","tier":"NotSpecified"}},"flowFailureAlertSubscribed":false,"isManaged":false}}