{"schemaVersion":"1.0","appDefinitionTemplate":{"id":"/providers/Microsoft.PowerApps/apps/","type":"Microsoft.PowerApps/apps","tags":{"primaryDeviceWidth":"1366","primaryDeviceHeight":"768","sienaVersion":"20220516T085309Z-3.22044.32.0","deviceCapabilities":"","supportsPortrait":"false","supportsLandscape":"true","primaryFormFactor":"Tablet","publisherVersion":"3.22044.32","minimumRequiredApiVersion":"2.2.0","hasComponent":"false","hasUnlockedComponent":"false","isUnifiedRootApp":"false"},"properties":{"appVersion":"2022-05-16T08:53:09Z","lifeCycleId":"Published","createdByClientVersion":{"major":3,"minor":22044,"build":32,"revision":0,"majorRevision":0,"minorRevision":0},"minClientVersion":{"major":3,"minor":22044,"build":32,"revision":0,"majorRevision":0,"minorRevision":0},"backgroundColor":"rgba(165, 34, 55, 1)","backgroundImageUri":"/13867759987856585710/Nf6c106f4-b080-4244-9b00-5845c2a61b61-logoSmallFile","displayName":"AmSpec Employees Directory RLS","description":"AmSpec Employees Directory","commitMessage":"","appUris":{"documentUri":{"value":"/13867759987856585710/Nfbcf2469-a358-49c1-90ec-c0731b8096c3-document.msapp"},"imageUris":[]},"createdTime":"0001-01-01T00:00:00Z","lastModifiedTime":"0001-01-01T00:00:00Z","sharedGroupsCount":0,"sharedUsersCount":0,"icons":{"smallIconUri":"/13867759987856585710/N5059adf3-1580-4745-8578-54dadca5e41d-small.png","mediumIconUri":"/13867759987856585710/N4ec1c693-1bba-448c-b4a9-8c3a7fc13723-medium.png","largeIconUri":"/13867759987856585710/N93c47ec5-91c6-4941-831e-6690180140f4-large.png","wideIconUri":"/13867759987856585710/N958fe073-898a-459f-88ea-a4b4f7093af0-wide.png"},"connectionReferences":{"5afee0d1-c9e6-4d66-b3c0-f763e942ae23":{"id":"11a93981-676c-4606-a07f-edd11d7114a2","displayName":"SharePoint","iconUri":"https://connectoricons-prod.azureedge.net/releases/v1.0.1568/1.0.1568.2757/sharepointonline/icon.png","dataSources":["employees","inf_countries","inf_departments","inf_divisions","inf_jobTitles","inf_locations"],"dependencies":[],"dependents":[],"parameterHints":{},"parameterHintsV2":{},"isOnPremiseConnection":false,"bypassConsent":false,"dataSets":{"https://amspecllc.sharepoint.com/sites/AmSpecDirectory":{"dataSources":{"employees":{"tableName":"9e5d8603-273d-4a79-b02a-1a8e946557f3"},"inf_countries":{"tableName":"84f4dac2-fce9-46b2-8ee8-dced687947aa"},"inf_departments":{"tableName":"62aa979a-daf7-4d09-8b2e-80139fbc1887"},"inf_divisions":{"tableName":"97f0adb6-0cb9-423f-941c-4e17a2c70ad9"},"inf_jobTitles":{"tableName":"d59e7421-471d-443d-b41b-d7bd1627b37e"},"inf_locations":{"tableName":"376d9929-69b4-4f6d-a72d-714236977a89"}}}},"apiTier":"Standard","isCustomApiConnection":false,"actions":["providers/PowerPlatform.Governance/Operations/Read"]},"030cd3ca-7ff3-462c-8780-fb09b515ccee":{"id":"11a93981-676c-4606-a07f-edd11d7114a2","displayName":"SharePoint","iconUri":"https://connectoricons-prod.azureedge.net/releases/v1.0.1568/1.0.1568.2757/sharepointonline/icon.png","dataSources":["RLS_Global","RLS_Georegion","RLS_country","RLS_location","inf_georegion"],"dependencies":[],"dependents":[],"parameterHints":{},"parameterHintsV2":{},"isOnPremiseConnection":false,"bypassConsent":false,"dataSets":{"https://amspecllc.sharepoint.com/sites/AmSpecDirectory":{"dataSources":{"RLS_Global":{"tableName":"RLS_Global"},"RLS_Georegion":{"tableName":"RLS_Georegion"},"RLS_country":{"tableName":"RLS_country"},"RLS_location":{"tableName":"RLS_location"},"inf_georegion":{"tableName":"e2bc5f24-42f2-4040-a931-f01b9fbc5b36"}}}},"apiTier":"Standard","isCustomApiConnection":false,"actions":["providers/PowerPlatform.Governance/Operations/Read"]}},"databaseReferences":{},"almMode":"Environment","performanceOptimizationEnabled":true,"canConsumeAppPass":true,"executionRestrictions":{"isTeamsOnly":false,"dataLossPreventionEvaluationResult":{"status":"Compliant","lastEvaluationDate":"2022-02-21T17:20:46.9627955Z","violations":[],"violationsByPolicy":[],"violationErrorMessage":"The app uses the following connectors: shared_sharepointonline."}}},"appType":"ClassicCanvasApp","appComponents":[]}}