{"name":"b3d97206-f58c-40b0-aea2-643e62b544ba","id":"/providers/Microsoft.Flow/flows/b3d97206-f58c-40b0-aea2-643e62b544ba","type":"Microsoft.Flow/flows","properties":{"apiId":"/providers/Microsoft.PowerApps/apis/shared_logicflows","displayName":"Request manager approval for a selected file","definition":{"metadata":{"workflowEntityId":null,"creator":{"id":"14eb4cb2-b469-4173-bb6d-eb35b2391a5f","type":"User","tenantId":"fddf0fb0-6be4-4e34-ace1-e795bc64c91f"},"provisioningMethod":"FromDefinition","failureAlertSubscription":true,"clientLastModifiedTime":"2019-05-14T04:20:47.5708638Z"},"$schema":"https://schema.management.azure.com/providers/Microsoft.Logic/schemas/2016-06-01/workflowdefinition.json#","contentVersion":"1.0.0.0","parameters":{"$connections":{"defaultValue":{},"type":"Object"},"$authentication":{"defaultValue":{},"type":"SecureObject"},"sharepoint.site":{"defaultValue":"","type":"String"},"sharepoint.list":{"defaultValue":"","type":"String"}},"triggers":{"manual":{"splitOn":"@triggerBody()['rows']","type":"Request","kind":"ApiConnection","inputs":{"schema":{"type":"object","properties":{"rows":{"type":"array","items":{"type":"object","properties":{"text":{"type":"string","x-ms-dynamically-added":true,"description":"Message to manager","x-ms-content-hint":"TEXT","title":"Message"},"entity":{"type":"object","required":["entity.FileId"],"properties":{"FileId":{"type":"string","isEntityParameter":true}}}},"required":["text"]}}}},"host":{"api":{"runtimeUrl":"https://flow-apim-msmanaged-na-westus2-01.azure-apim.net/apim/sharepointonline"},"connection":{"name":"@parameters('$connections')['shared_sharepointonline']['connectionId']"}},"operationId":"ForASelectedFileHybridTrigger","parameters":{"connectionId":"","dataset":"https://amspecllc.sharepoint.com/sites/AustraliaAccountsteam","table":"7f674e4b-0fe7-4056-85b6-10cb77675d92"}}}},"actions":{"Get_file_properties":{"runAfter":{},"metadata":{"flowSystemMetadata":{"swaggerOperationId":"GetFileItem"}},"type":"ApiConnection","inputs":{"api":{"runtimeUrl":"https://firstrelease-001.azure-apim.net/apim/sharepointonline"},"host":{"connection":{"name":"@json(decodeBase64(triggerOutputs().headers['X-MS-APIM-Tokens']))['$connections']['shared_sharepointonline']['connectionId']"},"api":{"runtimeUrl":"https://flow-apim-msmanaged-na-westus2-01.azure-apim.net/apim/sharepointonline"}},"method":"get","path":"/datasets/@{encodeURIComponent(encodeURIComponent('https://amspecllc.sharepoint.com/sites/AustraliaAccountsteam'))}/tables/@{encodeURIComponent(encodeURIComponent('7f674e4b-0fe7-4056-85b6-10cb77675d92'))}/items/@{encodeURIComponent(triggerBody()?['entity']?['FileId'])}/getfileitem","authentication":{"type":"Raw","value":"@json(decodeBase64(triggerOutputs().headers['X-MS-APIM-Tokens']))['$ConnectionKey']"}}},"Get_my_profile":{"runAfter":{"Get_file_properties":["Succeeded"]},"metadata":{"flowSystemMetadata":{"swaggerOperationId":"MyProfile"}},"type":"ApiConnection","inputs":{"host":{"api":{"runtimeUrl":"https://flow-apim-msmanaged-na-centralus-01.azure-apim.net/apim/office365users"},"connection":{"name":"@json(decodeBase64(triggerOutputs().headers['X-MS-APIM-Tokens']))['$connections']['shared_office365users']['connectionId']"}},"method":"get","path":"/users/me","authentication":{"type":"Raw","value":"@json(decodeBase64(triggerOutputs().headers['X-MS-APIM-Tokens']))['$ConnectionKey']"}}},"Get_manager":{"runAfter":{"Get_my_profile":["Succeeded"]},"metadata":{"flowSystemMetadata":{"swaggerOperationId":"Manager"}},"type":"ApiConnection","inputs":{"host":{"api":{"runtimeUrl":"https://flow-apim-msmanaged-na-centralus-01.azure-apim.net/apim/office365users"},"connection":{"name":"@json(decodeBase64(triggerOutputs().headers['X-MS-APIM-Tokens']))['$connections']['shared_office365users']['connectionId']"}},"method":"get","path":"/users/@{encodeURIComponent(body('Get_my_profile')?['UserPrincipalName'])}/manager","authentication":{"type":"Raw","value":"@json(decodeBase64(triggerOutputs().headers['X-MS-APIM-Tokens']))['$ConnectionKey']"}}},"Send_me_an_email_notification":{"runAfter":{"Get_manager":["Failed"]},"metadata":{"flowSystemMetadata":{"swaggerOperationId":"SendEmailNotification"}},"type":"ApiConnection","inputs":{"host":{"api":{"runtimeUrl":"https://flow-apim-msmanaged-na-eastus2-01.azure-apim.net/apim/flowpush"},"connection":{"name":"@json(decodeBase64(triggerOutputs().headers['X-MS-APIM-Tokens']))['$connections']['shared_flowpush']['connectionId']"},"swaggerOperationId":null},"method":"post","path":"/sendEmailNotification","body":{"notificationSubject":"'Get manager' action failed in flow 'Request manager approval'","notificationBody":"An error ocurred in retrieving manager information.\nIt's possible your AAD profile is missing manager details.  <br/>Please see the link below to update your profile. <br/>\nhttps://docs.microsoft.com/en-us/azure/active-directory/active-directory-users-profile-azure-portal\n"},"authentication":{"type":"Raw","value":"@json(decodeBase64(triggerOutputs().headers['X-MS-APIM-Tokens']))['$ConnectionKey']"}}},"Terminate":{"runAfter":{"Send_me_an_email_notification":["Succeeded"]},"type":"Terminate","inputs":{"runStatus":"Succeeded"}},"Start_an_approval":{"runAfter":{"Get_manager":["Succeeded"]},"metadata":{"flowSystemMetadata":{"swaggerOperationId":"approvalSubscribeV2"}},"type":"ApiConnectionWebhook","inputs":{"host":{"api":{"runtimeUrl":"https://flow-apim-msmanaged-na-centralus-01.azure-apim.net/apim/approvals"},"connection":{"name":"@json(decodeBase64(triggerOutputs().headers['X-MS-APIM-Tokens']))['$connections']['shared_approvals']['connectionId']"}},"path":"/types/basic/$subscriptions","body":{"NotificationUrl":"@{listCallbackUrl()}","title":"Approval request: @{body('Get_file_properties')?['{Name}']}","details":"@triggerBody()['text']","itemLink":"@{replace(body('Get_file_properties')?['{Link}'],' ','%20')}","itemLinkDescription":"@body('Get_file_properties')?['{Name}']","assignedTo":"@{body('Get_manager')?['Mail']};"},"authentication":{"type":"Raw","value":"@json(decodeBase64(triggerOutputs().headers['X-MS-APIM-Tokens']))['$ConnectionKey']"}}},"Condition":{"actions":{"Inform_requestor_of_approval":{"runAfter":{},"metadata":{"flowSystemMetadata":{"swaggerOperationId":"SendEmail"}},"type":"ApiConnection","inputs":{"host":{"api":{"runtimeUrl":"https://flow-apim-msmanaged-na-northcentralus-01.azure-apim.net/apim/sendmail"},"connection":{"name":"@json(decodeBase64(triggerOutputs().headers['X-MS-APIM-Tokens']))['$connections']['shared_sendmail']['connectionId']"}},"method":"post","path":"/mail/send","body":{"to":"@{body('Get_my_profile')?['Mail']};","subject":"Approved: @{body('Get_file_properties')?['{Name}']}","text":"@{body('Start_an_approval')?['responder']?['displayName']} has approved your request for <a href=\"@{body('Get_file_properties')?['{Link}']}\">@{body('Get_file_properties')?['{Name}']}</a>\n<br>Comments: @{body('Start_an_approval')?['comments']}","ishtml":true},"authentication":{"type":"Raw","value":"@json(decodeBase64(triggerOutputs().headers['X-MS-APIM-Tokens']))['$ConnectionKey']"}}}},"runAfter":{"Start_an_approval":["Succeeded"]},"else":{"actions":{"Inform_request_of_rejection":{"runAfter":{},"metadata":{"flowSystemMetadata":{"swaggerOperationId":"SendEmail"}},"type":"ApiConnection","inputs":{"host":{"api":{"runtimeUrl":"https://flow-apim-msmanaged-na-northcentralus-01.azure-apim.net/apim/sendmail"},"connection":{"name":"@json(decodeBase64(triggerOutputs().headers['X-MS-APIM-Tokens']))['$connections']['shared_sendmail']['connectionId']"}},"method":"post","path":"/mail/send","body":{"to":"@{body('Get_my_profile')?['Mail']};","subject":"Not approved: @{body('Get_file_properties')?['{Name}']}","text":"@{body('Start_an_approval')?['responder']?['displayName']} did not approve your request for <a href=\"@{body('Get_file_properties')?['{Link}']}\">@{body('Get_file_properties')?['{Name}']}</a>\n<br>Comments: @{body('Start_an_approval')?['comments']}","ishtml":true},"authentication":{"type":"Raw","value":"@json(decodeBase64(triggerOutputs().headers['X-MS-APIM-Tokens']))['$ConnectionKey']"}}}}},"expression":"@equals(body('Start_an_approval')?['response'], 'Approve')","type":"If"}},"outputs":{},"description":"This flow will send an approval request to your manager for the selected file. Your manager can view and approve the request in the Approvals Center. To run this flow, select a file and choose this flow from the Flow menu."},"connectionReferences":{"shared_sharepointonline":{"connectionName":"shared-sharepointonl-36caec6a-0bee-49b9-9489-0c1ff07051cc","source":"Invoker","id":"/providers/Microsoft.PowerApps/apis/shared_sharepointonline","tier":"NotSpecified"},"shared_office365users":{"connectionName":"shared-office365user-9bf8e8e8-90e1-41bf-8967-525d27140f44","source":"Invoker","id":"/providers/Microsoft.PowerApps/apis/shared_office365users","tier":"NotSpecified"},"shared_approvals":{"connectionName":"shared-approvals-68119611-fb08-4115-8dbd-029e94bef6c5","source":"Invoker","id":"/providers/Microsoft.PowerApps/apis/shared_approvals","tier":"NotSpecified"},"shared_sendmail":{"connectionName":"shared-sendmail-85db3e23-8cdb-4f6b-9208-2a6585d2d479","source":"Invoker","id":"/providers/Microsoft.PowerApps/apis/shared_sendmail","tier":"NotSpecified"},"shared_flowpush":{"connectionName":"shared-flowpush-59c49577-107b-4cd9-a8fc-dd969d275ddd","source":"Invoker","id":"/providers/Microsoft.PowerApps/apis/shared_flowpush","tier":"NotSpecified"}},"flowFailureAlertSubscribed":false,"isManaged":false}}