{"name":"652c71a1-839e-4cb3-8849-7ac386bcdd87","id":"/providers/Microsoft.Flow/flows/652c71a1-839e-4cb3-8849-7ac386bcdd87","type":"Microsoft.Flow/flows","properties":{"apiId":"/providers/Microsoft.PowerApps/apis/shared_logicflows","displayName":"New Marketing Report","definition":{"metadata":{"workflowEntityId":null,"creator":{"id":"e456b72f-9959-40a6-a475-bee3f7842ea9","type":"User","tenantId":"fddf0fb0-6be4-4e34-ace1-e795bc64c91f"},"provisioningMethod":"FromDefinition","failureAlertSubscription":true,"clientLastModifiedTime":"2019-10-12T21:49:51.4669459Z","flowclientsuspensionreason":"None","flowclientsuspensiontime":null,"processAdvisorMetadata":null},"$schema":"https://schema.management.azure.com/providers/Microsoft.Logic/schemas/2016-06-01/workflowdefinition.json#","contentVersion":"1.0.0.0","parameters":{"$connections":{"defaultValue":{},"type":"Object"},"$authentication":{"defaultValue":{},"type":"SecureObject"}},"triggers":{"When_an_item_is_created":{"recurrence":{"frequency":"Minute","interval":1},"splitOn":"@triggerBody()?['value']","metadata":{"flowSystemMetadata":{"swaggerOperationId":"GetOnNewItems"}},"type":"ApiConnection","inputs":{"host":{"connection":{"name":"@parameters('$connections')['shared_sharepointonline']['connectionId']"},"api":{"runtimeUrl":"https://flow-apim-msmanaged-na-westus-01.azure-apim.net/apim/sharepointonline"}},"method":"get","path":"/datasets/@{encodeURIComponent(encodeURIComponent('https://amspecllc.sharepoint.com/sites/EuropeTeam'))}/tables/@{encodeURIComponent(encodeURIComponent('fb30b394-1419-4304-a443-aa4d1e7a9615'))}/onnewitems","authentication":"@parameters('$authentication')"}}},"actions":{"Send_an_email_notification_(V3)":{"runAfter":{},"metadata":{"flowSystemMetadata":{"swaggerOperationId":"SendEmailV3"}},"type":"ApiConnection","inputs":{"host":{"connection":{"name":"@parameters('$connections')['shared_sendmail']['connectionId']"},"api":{"runtimeUrl":"https://flow-apim-msmanaged-na-eastus2-01.azure-apim.net/apim/sendmail"}},"method":"post","body":{"to":"@{triggerBody()?['Other_x0020_People_x0020_notifie']?['Email']};","subject":"@{triggerBody()?['Customer_x0020_Name']} - Marketing report - @{triggerBody()?['Title']} - @{triggerBody()?['Visit_x0020_Date_x0020__x0026__x']} - @{triggerBody()?['Communication_x0020_Type']?['Value']}","text":"<p>Customer Name:  @{triggerBody()?['Customer_x0020_Name']}<br>\nLocation:               @{triggerBody()?['Locatoin']?['Value']}<br>\nAmSpec Location: @{triggerBody()?['Title']}<br>\nVisit Date:             @{triggerBody()?['Visit_x0020_Date_x0020__x0026__x']}<br>\nMinutes:                @{triggerBody()?['Meeting_x0020_Minutes']} <br>\nAction Points:        @{triggerBody()?['Action_x0020_Points']} <br>\nAction Required:   @{triggerBody()?['Action_x0020_Required']?['Value']}<br>\n</p>\n\n<div style=\"display:none;\">","ishtml":true},"path":"/v3/mail/send","authentication":"@parameters('$authentication')"}}}},"connectionReferences":{"shared_sendmail":{"connectionName":"shared-sendmail-e95dbcba-12d4-4a52-8818-c358af5c924d","source":"Embedded","id":"/providers/Microsoft.PowerApps/apis/shared_sendmail","tier":"NotSpecified"},"shared_sharepointonline":{"connectionName":"shared-sharepointonl-b1c13963-384e-4fd4-aa7d-cb04cce99e69","source":"Embedded","id":"/providers/Microsoft.PowerApps/apis/shared_sharepointonline","tier":"NotSpecified"}},"flowFailureAlertSubscribed":false,"isManaged":false}}