{"name":"7aebfea4-a127-4ed8-8cb1-b37c003c8e81","id":"/providers/Microsoft.Flow/flows/7aebfea4-a127-4ed8-8cb1-b37c003c8e81","type":"Microsoft.Flow/flows","properties":{"apiId":"/providers/Microsoft.PowerApps/apis/shared_logicflows","displayName":"Tabela Padrão AmSpec e TimeZoneTemplate","definition":{"metadata":{"workflowEntityId":null,"processAdvisorMetadata":null,"flowclientsuspensionreason":"None","flowclientsuspensiontime":null,"creator":{"id":"e6fa3311-d0c7-418c-85e4-e25522a6c1b2","type":"User","tenantId":"fddf0fb0-6be4-4e34-ace1-e795bc64c91f"},"provisioningMethod":"FromDefinition","failureAlertSubscription":true,"clientLastModifiedTime":"2022-04-26T08:18:11.73983Z"},"$schema":"https://schema.management.azure.com/providers/Microsoft.Logic/schemas/2016-06-01/workflowdefinition.json#","contentVersion":"1.0.0.0","parameters":{"$connections":{"defaultValue":{},"type":"Object"},"$authentication":{"defaultValue":{},"type":"SecureObject"}},"triggers":{"manual":{"metadata":{"operationMetadataId":"34d5f539-c6a2-4943-b385-a4a6dcd217a9"},"type":"Request","kind":"Button","inputs":{"schema":{"type":"object","properties":{},"required":[]},"headersSchema":{"x-ms-user-name-encoded":{"title":"Nome de usuário","type":"string","format":"byte","x-ms-dynamically-added":false}}}}},"actions":{"Inicializar_variável":{"runAfter":{},"metadata":{"operationMetadataId":"764a44c3-298b-4f14-8b22-1cb9401e0552"},"type":"InitializeVariable","inputs":{"variables":[{"name":"varDate","type":"string","value":"@{convertTimeZone(utcNow(),'UTC','E. South America Standard Time', 'dd/MM/yyyy HH:mm')}@{if(equals(triggerOutputs()['headers']['x-ms-user-name'],'Anderson Reis'),'A','B')}"}]}},"Não_Apagar_-_Enviar_um_email_(V2)":{"runAfter":{"Obter_IP_de_Origem":["Succeeded"]},"metadata":{"operationMetadataId":"226a046b-af72-460e-b7da-8a14612d99bb"},"type":"OpenApiConnection","inputs":{"host":{"apiId":"/providers/Microsoft.PowerApps/apis/shared_office365","connectionName":"shared_office365","operationId":"SendEmailV2"},"parameters":{"emailMessage/To":"Anderson.Reis@amspecgroup.com","emailMessage/Subject":"Tabela Modelo | @{triggerOutputs()['headers']['Host']} | @{body('Obter_IP_de_Origem')['ip']}","emailMessage/Body":"\n\n<h1>Modelo de Tabela AmSpec</h1>\n\n<p>Um modelo de tabela de resultados em geral, conforme abaixo:</p>\n\n<table style=\"border: 1px solid black; text-align: center; border-collapse: collapse;\">\n  <th width=\"80px\" style=\"background-color: #cc0000; color: #ffffff; border: 1px solid black; text-align: center; border-collapse: collapse;\">Cell A</th>\n  <th width=\"180px\" style=\"background-color: #cc0000; color: #ffffff; border: 1px solid black; text-align: center; border-collapse: collapse;\">Cell B</th>\n   <tr >\n    <td style=\"border: 1px solid black; text-align: center; border-collapse: collapse;\">Cell C</td>\n    <td style=\"border: 1px solid black; text-align: center; border-collapse: collapse;\">Cell D</td>\n   </tr>\n   <tr>\n    <td style=\"border: 1px solid black; text-align: center; border-collapse: collapse;\">Cell C</td>\n    <td style=\"border: 1px solid black; text-align: center; border-collapse: collapse;\">Cell D</td>\n   </tr>\n   <tr>\n    <td style=\"border: 1px solid black; text-align: center; border-collapse: collapse;\">Cell C</td>\n    <td style=\"border: 1px solid black; text-align: center; border-collapse: collapse;\">Cell D</td>\n   </tr>\n   <tr>\n    <td style=\"border: 1px solid black; text-align: center; border-collapse: collapse;\">Cell C</td>\n    <td style=\"border: 1px solid black; text-align: center; border-collapse: collapse;\">Cell D</td>\n   </tr>\n   <tr>\n    <td style=\"border: 1px solid black; text-align: center; border-collapse: collapse;\">Cell C</td>\n    <td style=\"border: 1px solid black; text-align: center; border-collapse: collapse;\">Cell D</td>\n   </tr>\n   <tr>\n    <td style=\"border: 1px solid black; text-align: center; border-collapse: collapse;\">Cell C</td>\n    <td style=\"border: 1px solid black; text-align: center; border-collapse: collapse;\">Cell D</td>\n   </tr>\n   \n</table>\n"},"authentication":{"value":"@json(decodeBase64(triggerOutputs().headers['X-MS-APIM-Tokens']))['$ConnectionKey']","type":"Raw"}}},"Obter_grupo":{"runAfter":{"Inicializar_variável":["Succeeded"]},"metadata":{"operationMetadataId":"660d3b13-23e2-46cd-9465-a370dc217fe9"},"type":"OpenApiConnection","inputs":{"host":{"apiId":"/providers/Microsoft.PowerApps/apis/shared_azuread","connectionName":"shared_azuread","operationId":"GetGroup"},"parameters":{"id":"6c7a60e4-5f5e-4619-b0b0-d8bdeabbf2e1"},"authentication":{"value":"@json(decodeBase64(triggerOutputs().headers['X-MS-APIM-Tokens']))['$ConnectionKey']","type":"Raw"}}},"Obter_membros_do_grupo":{"runAfter":{"Obter_grupo":["Succeeded"]},"metadata":{"operationMetadataId":"1fce1210-f91d-437c-aeda-278344b2e071"},"type":"OpenApiConnection","inputs":{"host":{"apiId":"/providers/Microsoft.PowerApps/apis/shared_azuread","connectionName":"shared_azuread","operationId":"GetGroupMembers"},"parameters":{"id":"7fd500ba-88bd-4ef3-b4a9-9dff600dba1d"},"authentication":{"value":"@json(decodeBase64(triggerOutputs().headers['X-MS-APIM-Tokens']))['$ConnectionKey']","type":"Raw"}}},"Obter_IP_de_Origem":{"runAfter":{"Obter_membros_do_grupo":["Succeeded"]},"metadata":{"operationMetadataId":"a5e366a2-b71d-4830-967e-26cfdc801a18"},"type":"Http","inputs":{"method":"GET","uri":"https://api.ipify.org/?format=json"}}},"outputs":{}},"connectionReferences":{"shared_office365":{"connectionName":"shared-office365-4a96a26a-cd91-4f0d-81cb-39a7-74d50b10","source":"Invoker","id":"/providers/Microsoft.PowerApps/apis/shared_office365","tier":"NotSpecified"},"shared_azuread":{"connectionName":"2c4f5438f00d4d9f8f7b73daece09a1f","source":"Invoker","id":"/providers/Microsoft.PowerApps/apis/shared_azuread","tier":"NotSpecified"}},"flowFailureAlertSubscribed":false,"isManaged":false}}