{"schemaVersion":"1.0","appDefinitionTemplate":{"id":"/providers/Microsoft.PowerApps/apps/","type":"Microsoft.PowerApps/apps","tags":{"sp-site-id":"https://amspecllc.sharepoint.com/sites/EuropeTeam","sp-list-id":"2d6c0430-eec9-43e0-baa1-4c80cd647fa6","https://amspecllc.sharepoint.com/sites/EuropeTeam":"2d6c0430-eec9-43e0-baa1-4c80cd647fa6","primaryDeviceWidth":"640","primaryDeviceHeight":"1136","sienaVersion":"20181021T175144Z-3.18102.20.0","deviceCapabilities":"","supportsPortrait":"true","supportsLandscape":"false","primaryFormFactor":"Phone","publisherVersion":"3.18102.20","minimumRequiredApiVersion":"2.2.0"},"properties":{"appVersion":"2018-10-21T17:51:44Z","lifeCycleId":"Published","createdByClientVersion":{"major":3,"minor":18102,"build":20,"revision":0,"majorRevision":0,"minorRevision":0},"minClientVersion":{"major":3,"minor":18102,"build":20,"revision":0,"majorRevision":0,"minorRevision":0},"backgroundColor":"rgba(0, 176, 240, 1)","backgroundImageUri":"/1200162753998807594/Nee02ee13-4864-406a-99fe-cddbe31eeeda-logoSmallFile","displayName":"AmSpec Locations","description":"","appUris":{"documentUri":{"value":"/1200162753998807594/N10baab1e-5436-490d-8c12-078e212ea2fa-document.msapp"},"imageUris":[]},"createdTime":"0001-01-01T00:00:00Z","lastModifiedTime":"0001-01-01T00:00:00Z","sharedGroupsCount":0,"sharedUsersCount":0,"icons":{"smallIconUri":"/1200162753998807594/Naccf1966-57a5-4cd1-a28c-783aeec7d3c0-small.png","mediumIconUri":"/1200162753998807594/N84031755-6246-43d3-9acd-ce371490c9c7-medium.png","largeIconUri":"/1200162753998807594/N22a0f226-1b71-443c-b32e-e39a62d7df66-large.png","wideIconUri":"/1200162753998807594/N723d0e1d-ec04-4a20-9a07-d009703ee8f5-wide.png"},"connectionReferences":{"a0a9ca4c-f929-4dae-8eb6-ddac081fb4ad":{"id":"11a93981-676c-4606-a07f-edd11d7114a2","displayName":"SharePoint","iconUri":"https://connectoricons-prod.azureedge.net/sharepointonline/icon_1.0.1019.1195.png","dataSources":["AmSpec Locations"],"dependencies":[],"dependents":[],"parameterHints":{},"isOnPremiseConnection":false,"bypassConsent":false,"dataSets":{"https://amspecllc.sharepoint.com/sites/EuropeTeam":{"dataSources":{"AmSpec Locations":{"tableName":"2d6c0430-eec9-43e0-baa1-4c80cd647fa6"}}}},"apiTier":"Standard"}},"databaseReferences":{},"almMode":"Environment","performanceOptimizationEnabled":true,"executionRestrictions":{"isTeamsOnly":false,"dataLossPreventionEvaluationResult":{"status":"Compliant","lastEvaluationDate":"2020-10-27T21:31:46.4630385Z","violationDetails":[]}}},"appType":"ClassicCanvasApp","appComponents":[]}}