{"name":"16551e1c-0d57-4f29-8a8d-d3253ec65ba8","id":"/providers/Microsoft.Flow/flows/16551e1c-0d57-4f29-8a8d-d3253ec65ba8","type":"Microsoft.Flow/flows","properties":{"apiId":"/providers/Microsoft.PowerApps/apis/shared_logicflows","displayName":"Atualizar Portos (AgriBR>Herdados)","definition":{"metadata":{"workflowEntityId":null,"flowclientsuspensionreason":"None","flowclientsuspensiontime":null,"creator":{"id":"e6fa3311-d0c7-418c-85e4-e25522a6c1b2","type":"User","tenantId":"fddf0fb0-6be4-4e34-ace1-e795bc64c91f"},"provisioningMethod":"FromDefinition","failureAlertSubscription":true,"clientLastModifiedTime":"2021-01-11T16:42:44.3582658Z","processAdvisorMetadata":null},"$schema":"https://schema.management.azure.com/providers/Microsoft.Logic/schemas/2016-06-01/workflowdefinition.json#","contentVersion":"1.0.0.0","parameters":{"$connections":{"defaultValue":{},"type":"Object"},"$authentication":{"defaultValue":{},"type":"SecureObject"}},"triggers":{"Quando_um_item_é_criado_ou_modificado":{"recurrence":{"frequency":"Minute","interval":1},"splitOn":"@triggerOutputs()?['body/value']","type":"OpenApiConnection","inputs":{"host":{"apiId":"/providers/Microsoft.PowerApps/apis/shared_sharepointonline","connectionName":"shared_sharepointonline","operationId":"GetOnUpdatedItems"},"parameters":{"dataset":"https://amspecllc.sharepoint.com/sites/AgriBrasil","table":"3cc60c42-4226-407c-a540-3cdfd1e47bf0","view":"885a50b1-4f8a-4de7-852c-b06ee2cc9623"},"authentication":"@parameters('$authentication')"},"conditions":[]}},"actions":{"Condição":{"actions":{"Aplicar_a_cada":{"foreach":"@body('Matriz_do_filtro')","actions":{"Atualizar_item_ECFTO_Porto":{"runAfter":{},"type":"OpenApiConnection","inputs":{"host":{"apiId":"/providers/Microsoft.PowerApps/apis/shared_sharepointonline","connectionName":"shared_sharepointonline","operationId":"PatchItem"},"parameters":{"dataset":"https://amspecllc.sharepoint.com/sites/PortaldoCliente-AgriBrasil/ECFTO","table":"ef447245-4890-4156-80cb-9476318f4a48","id":"@item()?['ID']","item/Title":"@outputs('Obter_item')?['body/Title']","item/Sigla":"@outputs('Obter_item')?['body/Sigla']","item/Estado":"@outputs('Obter_item')?['body/Estado']","item/Pai":"@outputs('Obter_item')?['body/Pa_x00ed_s']"},"authentication":"@parameters('$authentication')"}}},"runAfter":{},"type":"Foreach"}},"runAfter":{"Matriz_do_filtro":["Succeeded"]},"else":{"actions":{"Atualizar_Sub_ID":{"runAfter":{"Criar_item_ECFTO_Porto":["Succeeded"]},"type":"OpenApiConnection","inputs":{"host":{"apiId":"/providers/Microsoft.PowerApps/apis/shared_sharepointonline","connectionName":"shared_sharepointonline","operationId":"PatchItem"},"parameters":{"dataset":"https://amspecllc.sharepoint.com/sites/AgriBrasil","table":"3cc60c42-4226-407c-a540-3cdfd1e47bf0","id":"@outputs('Obter_item')?['body/ID']","item/Title":"@outputs('Obter_item')?['body/Title']","item/IDSub":"@outputs('Criar_item_ECFTO_Porto')?['body/ID']"},"authentication":"@parameters('$authentication')"}},"Criar_item_ECFTO_Porto":{"runAfter":{},"type":"OpenApiConnection","inputs":{"host":{"apiId":"/providers/Microsoft.PowerApps/apis/shared_sharepointonline","connectionName":"shared_sharepointonline","operationId":"PostItem"},"parameters":{"dataset":"https://amspecllc.sharepoint.com/sites/PortaldoCliente-AgriBrasil/ECFTO","table":"ef447245-4890-4156-80cb-9476318f4a48","item/Title":"@outputs('Obter_item')?['body/Title']","item/Sigla":"@outputs('Obter_item')?['body/Sigla']","item/Estado":"@outputs('Obter_item')?['body/Estado']","item/Pai":"@outputs('Obter_item')?['body/Pa_x00ed_s']"},"authentication":"@parameters('$authentication')"}}}},"expression":{"not":{"equals":["@length(body('Matriz_do_filtro'))",0]}},"type":"If"},"Obter_itens":{"runAfter":{},"type":"OpenApiConnection","inputs":{"host":{"apiId":"/providers/Microsoft.PowerApps/apis/shared_sharepointonline","connectionName":"shared_sharepointonline","operationId":"GetItems"},"parameters":{"dataset":"https://amspecllc.sharepoint.com/sites/PortaldoCliente-AgriBrasil/ECFTO","table":"ef447245-4890-4156-80cb-9476318f4a48","viewScopeOption":"RecursiveAll","view":"fed0829b-be8c-41f1-b35b-ef0e181c1900"},"authentication":"@parameters('$authentication')"}},"Matriz_do_filtro":{"runAfter":{"Obter_item":["Succeeded"]},"type":"Query","inputs":{"from":"@outputs('Obter_itens')?['body/value']","where":"@equals(triggerOutputs()?['body/IDSub'], item()?['ID'])"}},"Obter_item":{"runAfter":{"Obter_itens":["Succeeded"]},"type":"OpenApiConnection","inputs":{"host":{"apiId":"/providers/Microsoft.PowerApps/apis/shared_sharepointonline","connectionName":"shared_sharepointonline","operationId":"GetItem"},"parameters":{"dataset":"https://amspecllc.sharepoint.com/sites/AgriBrasil","table":"3cc60c42-4226-407c-a540-3cdfd1e47bf0","id":"@triggerOutputs()?['body/ID']","view":"885a50b1-4f8a-4de7-852c-b06ee2cc9623"},"authentication":"@parameters('$authentication')"}}}},"connectionReferences":{"shared_sharepointonline":{"connectionName":"d0ed5079cc724550980fd6fb3df8dac4","source":"Embedded","id":"/providers/Microsoft.PowerApps/apis/shared_sharepointonline","tier":"NotSpecified"}},"flowFailureAlertSubscribed":false,"isManaged":false}}