{"schemaVersion":"1.0","appDefinitionTemplate":{"id":"/providers/Microsoft.PowerApps/apps/","type":"Microsoft.PowerApps/apps","tags":{"primaryDeviceWidth":"640","primaryDeviceHeight":"1136","sienaVersion":"20181203T190802Z-3.18112.22.0","deviceCapabilities":"","supportsPortrait":"true","supportsLandscape":"false","primaryFormFactor":"Phone","publisherVersion":"3.18112.22","minimumRequiredApiVersion":"2.2.0"},"properties":{"appVersion":"2018-12-03T19:08:02Z","lifeCycleId":"Published","createdByClientVersion":{"major":3,"minor":18112,"build":22,"revision":0,"majorRevision":0,"minorRevision":0},"minClientVersion":{"major":3,"minor":18112,"build":22,"revision":0,"majorRevision":0,"minorRevision":0},"backgroundColor":"rgba(0, 176, 240, 1)","backgroundImageUri":"/1070255902327147980/N2e6314d8-76d0-4cfd-ae8f-feb897473d7d-logoSmallFile","displayName":"Aplikacija test","description":"","appUris":{"documentUri":{"value":"/1070255902327147980/Na7428d21-6620-42ac-a72a-3887c50e5e68-document.msapp"},"imageUris":[]},"createdTime":"0001-01-01T00:00:00Z","lastModifiedTime":"0001-01-01T00:00:00Z","sharedGroupsCount":0,"sharedUsersCount":0,"icons":{"smallIconUri":"/1070255902327147980/Naa71365b-60a8-4bc3-95ee-ebf4bb53361c-small.png","mediumIconUri":"/1070255902327147980/Nbd88a89c-4d8b-4426-9953-f257cfc11cc8-medium.png","largeIconUri":"/1070255902327147980/N50b5d97b-2281-4659-9c49-e638d69b6533-large.png","wideIconUri":"/1070255902327147980/N8d1b0264-88f2-4fed-b8f4-ab47a4ccd355-wide.png"},"connectionReferences":{"e2945ee3-00de-4837-9653-5b75776275d7":{"id":"56ff5316-ad67-4696-b9b6-cc4e05859209","displayName":"Excel","iconUri":"https://connectoricons-prod.azureedge.net/excel/icon_1.0.1018.1190.png","dataSources":["Tablica3"],"dependencies":["1bddf139-f361-4781-a539-72f4763e541e"],"dependents":[],"parameterHints":{"1bddf139-f361-4781-a539-72f4763e541e":{"value":"fileSource"}},"isOnPremiseConnection":false,"bypassConsent":false,"dataSets":{"D82B3A8574194C20!1397":{"dataSources":{"Tablica3":{"tableName":"Tablica3"}}}},"apiTier":"Standard","isCustomApiConnection":false},"1bddf139-f361-4781-a539-72f4763e541e":{"id":"8121933e-9e81-4f24-88f2-5bcf2f1a8d76","displayName":"OneDrive","iconUri":"https://connectoricons-prod.azureedge.net/onedrive/icon_1.0.1046.1227.png","dataSources":[],"dependencies":[],"dependents":["e2945ee3-00de-4837-9653-5b75776275d7"],"parameterHints":{},"isOnPremiseConnection":false,"bypassConsent":false,"dataSets":{},"apiTier":"Standard","isCustomApiConnection":false}},"databaseReferences":{},"almMode":"Environment","performanceOptimizationEnabled":true,"executionRestrictions":{"isTeamsOnly":false,"dataLossPreventionEvaluationResult":{"status":"Compliant","lastEvaluationDate":"2020-10-27T21:31:46.4942677Z","violationDetails":[]}}},"appType":"ClassicCanvasApp","appComponents":[]}}