{"schemaVersion":"1.0","appDefinitionTemplate":{"id":"/providers/Microsoft.PowerApps/apps/","type":"Microsoft.PowerApps/apps","tags":{"sp-site-id":"https://amspecllc.sharepoint.com/sites/EuropeTeam/Croatia","sp-list-id":"40b7edf8-e2e6-426c-bfa1-e49422ac7c09","https://amspecllc.sharepoint.com/sites/EuropeTeam/Croatia":"40b7edf8-e2e6-426c-bfa1-e49422ac7c09","primaryDeviceWidth":"640","primaryDeviceHeight":"1136","sienaVersion":"20190128T215819Z-3.19012.19.0","deviceCapabilities":"","supportsPortrait":"true","supportsLandscape":"false","primaryFormFactor":"Phone","publisherVersion":"3.19012.19","minimumRequiredApiVersion":"2.2.0"},"properties":{"appVersion":"2019-01-28T21:58:19Z","lifeCycleId":"Published","createdByClientVersion":{"major":3,"minor":19012,"build":19,"revision":0,"majorRevision":0,"minorRevision":0},"minClientVersion":{"major":3,"minor":19012,"build":19,"revision":0,"majorRevision":0,"minorRevision":0},"backgroundColor":"rgba(0, 176, 240, 1)","backgroundImageUri":"/13746636143595848588/N27fb44c1-b7e1-44a2-9982-d525c45a99f6-logoSmallFile","displayName":"ROB","description":"","appUris":{"documentUri":{"value":"/13746636143595848588/Na7d4eb30-3ac5-4fad-be32-0dd416cae52f-document.msapp"},"imageUris":[]},"createdTime":"0001-01-01T00:00:00Z","lastModifiedTime":"0001-01-01T00:00:00Z","sharedGroupsCount":0,"sharedUsersCount":0,"icons":{"smallIconUri":"/13746636143595848588/N3b552e9c-0ed9-468a-bbfe-7dbec24f8116-small.png","mediumIconUri":"/13746636143595848588/N559f9093-7747-4d72-9cd0-c3026268d3cf-medium.png","largeIconUri":"/13746636143595848588/N8fab660e-6742-41a8-885c-467cd99e8a1a-large.png","wideIconUri":"/13746636143595848588/N37460386-b968-4eaf-88e2-993f8acc3096-wide.png"},"connectionReferences":{"293351e1-f2a5-4d8e-a459-dc8fb9235162":{"id":"11a93981-676c-4606-a07f-edd11d7114a2","displayName":"SharePoint","iconUri":"https://connectoricons-prod.azureedge.net/sharepointonline/icon_1.0.1019.1195.png","dataSources":["DISCHARGING"],"dependencies":[],"dependents":[],"parameterHints":{},"isOnPremiseConnection":false,"bypassConsent":false,"dataSets":{"https://amspecllc.sharepoint.com/sites/EuropeTeam/Croatia":{"dataSources":{"DISCHARGING":{"tableName":"40b7edf8-e2e6-426c-bfa1-e49422ac7c09"}}}},"apiTier":"Standard","isCustomApiConnection":false}},"databaseReferences":{},"almMode":"Environment","performanceOptimizationEnabled":true,"executionRestrictions":{"isTeamsOnly":false,"dataLossPreventionEvaluationResult":{"status":"Compliant","lastEvaluationDate":"2020-10-27T21:31:46.2596355Z","violationDetails":[]}}},"appType":"ClassicCanvasApp","appComponents":[]}}