{"shared_powerplatformforadmins":"bd3f5e42-f028-489f-8e73-6fee540d8fcf","shared_flowmanagement":"54499fa0-bba2-48fb-8787-a7b27f2528b9","shared_powerappsforadmins":"9f2d11a9-0318-48e0-9648-ff575a2d37d8","shared_office365users":"5c3e009c-b4ae-4852-8c9b-756acc2258d6","shared_excelonlinebusiness":"2429b468-1585-4ada-8148-8e1b15405777","shared_onedriveforbusiness":"e3b10b18-a049-4a64-b81e-c9dc229b9802","shared_filesystem":"8c307f7b-e2e0-4fdd-8634-c53f851a8622","shared_sharepointonline":"11a93981-676c-4606-a07f-edd11d7114a2"}