{"shared_powerplatformforadmins":"12c763ea-a80b-47f8-9a80-8188217a2e6c","shared_flowmanagement":"435d9e2d-cec1-4d8b-b86e-5d7ff2a9efe3","shared_powerappsforadmins":"c814626d-094d-4f65-9e75-e73677415015","shared_office365users":"aa494ef2-d0d9-4e81-a77e-158054d634d4","shared_excelonlinebusiness":"07190d26-a772-4618-a02d-92c40ecb3095","shared_onedriveforbusiness":"676cff67-5185-44f4-8eab-c259fef607d4","shared_filesystem":"f1326e4d-a8d7-4f63-9cd6-96f06e0c1bd8","shared_sharepointonline":"05a0e1a9-4d5f-432a-b68a-13a801b85099"}