{"name":"8c0e333b-7f9f-4d61-8275-411fac869d8e","id":"/providers/Microsoft.Flow/flows/8c0e333b-7f9f-4d61-8275-411fac869d8e","type":"Microsoft.Flow/flows","properties":{"apiId":"/providers/Microsoft.PowerApps/apis/shared_logicflows","displayName":"Lorsqu’un élément est créé -> Lister les lignes présentes dans un t...","definition":{"metadata":{"workflowEntityId":null,"processAdvisorMetadata":null,"flowclientsuspensionreason":"None","flowclientsuspensiontime":null,"creator":{"id":"d883cf26-a52a-4275-8731-1d05bdf0689c","type":"User","tenantId":"fddf0fb0-6be4-4e34-ace1-e795bc64c91f"},"provisioningMethod":"FromDefinition","failureAlertSubscription":true,"clientLastModifiedTime":"2022-01-10T17:02:41.9354546Z"},"$schema":"https://schema.management.azure.com/providers/Microsoft.Logic/schemas/2016-06-01/workflowdefinition.json#","contentVersion":"1.0.0.0","parameters":{"$connections":{"defaultValue":{},"type":"Object"},"$authentication":{"defaultValue":{},"type":"SecureObject"}},"triggers":{"Lorsqu’un_élément_est_créé":{"recurrence":{"frequency":"Minute","interval":1},"splitOn":"@triggerOutputs()?['body/value']","metadata":{"operationMetadataId":"3d78d895-a7c8-408c-a700-dc6fc03740e1"},"type":"OpenApiConnection","inputs":{"host":{"apiId":"/providers/Microsoft.PowerApps/apis/shared_sharepointonline","connectionName":"shared_sharepointonline","operationId":"GetOnNewItems"},"parameters":{"dataset":"https://amspecllc-my.sharepoint.com/personal/znagui_youssef_amspecgroup_com","table":"9fdb7f04-20b8-4345-abeb-d866f790679a"},"authentication":"@parameters('$authentication')"}}},"actions":{"Ajouter_une_ligne_à_un_tableau":{"runAfter":{},"metadata":{"01EX7SA4KB2ZDA4I7LTNB2WIOIU4VK4OJ6":"/Suivi des conso.xlsx","operationMetadataId":"c47e992c-dde9-4c74-a3a4-b05718fb38fa"},"type":"OpenApiConnection","inputs":{"host":{"apiId":"/providers/Microsoft.PowerApps/apis/shared_excelonlinebusiness","connectionName":"shared_excelonlinebusiness","operationId":"AddRowV2"},"parameters":{"source":"me","drive":"b!BtvVXgetNUez_uvTd7Voz2JU6YFVKtdKk7t2HEaI2IQpSNkXdfd5QISuJt865TjE","file":"01EX7SA4KB2ZDA4I7LTNB2WIOIU4VK4OJ6","table":"{23CB2DB9-6BBB-4CC9-9DDB-0B840395A873}","item/Titre":"@triggerOutputs()?['body/Title']","item/Type ":"@triggerOutputs()?['body/Observation/Value']","item/Date":"@triggerOutputs()?['body/Date']","item/Quantité":"@triggerOutputs()?['body/Entr_x00e9_es']","item/Destination":"@triggerOutputs()?['body/Destination']","item/Opération":"@triggerOutputs()?['body/Op_x00e9_ration']","item/Numéro de série":"@triggerOutputs()?['body/Num_x00e9_rodes_x00e9_rie']","item/Observation":"@triggerOutputs()?['body/Observation0']"},"authentication":"@parameters('$authentication')"}}}},"connectionReferences":{"shared_sharepointonline":{"connectionName":"6406096f55fd401fbb02c1650b6cc63c","source":"Embedded","id":"/providers/Microsoft.PowerApps/apis/shared_sharepointonline","tier":"NotSpecified"},"shared_excelonlinebusiness":{"connectionName":"shared-excelonlinebu-4045065f-3ef8-4464-b342-ec02-b70dfcba","source":"Embedded","id":"/providers/Microsoft.PowerApps/apis/shared_excelonlinebusiness","tier":"NotSpecified"}},"flowFailureAlertSubscribed":false,"isManaged":false}}