{"schemaVersion":"1.0","appDefinitionTemplate":{"id":"/providers/Microsoft.PowerApps/apps/","type":"Microsoft.PowerApps/apps","tags":{"primaryDeviceWidth":"640","primaryDeviceHeight":"1136","sienaVersion":"20211130T154515Z-3.21111.36.0","deviceCapabilities":"","supportsPortrait":"true","supportsLandscape":"true","primaryFormFactor":"Phone","publisherVersion":"3.21111.36","minimumRequiredApiVersion":"2.2.0","hasComponent":"false","hasUnlockedComponent":"false","isUnifiedRootApp":"false"},"properties":{"appVersion":"2021-11-30T15:45:15Z","lifeCycleId":"Published","createdByClientVersion":{"major":3,"minor":21111,"build":36,"revision":0,"majorRevision":0,"minorRevision":0},"minClientVersion":{"major":3,"minor":21111,"build":36,"revision":0,"majorRevision":0,"minorRevision":0},"backgroundColor":"rgba(184, 0, 0, 1)","backgroundImageUri":"/16497946983602525863/N4fa97260-73f8-449a-a0a5-ad256e5c1390-logoSmallFile","displayName":"COVID-19 Vaccination Tracker Mobile App","description":"","commitMessage":"","appUris":{"documentUri":{"value":"/16497946983602525863/Ned967907-3c1d-4317-85a1-fa9029d1c11f-document.msapp"},"imageUris":[]},"createdTime":"0001-01-01T00:00:00Z","lastModifiedTime":"0001-01-01T00:00:00Z","sharedGroupsCount":0,"sharedUsersCount":0,"icons":{"smallIconUri":"/16497946983602525863/Ndcf1b198-ffdb-4dca-a3d6-36f0194e7324-small.png","mediumIconUri":"/16497946983602525863/Nd9a4e1b1-d9d0-489b-bea5-f44cba861cce-medium.png","largeIconUri":"/16497946983602525863/N11c97cc1-30ab-41fb-b301-4afa687498ad-large.png","wideIconUri":"/16497946983602525863/N5327db8b-d0da-4421-8d7a-5896c581f679-wide.png"},"connectionReferences":{"7a78bb5d-bddc-43bf-97f9-e6370d8254cb":{"id":"11a93981-676c-4606-a07f-edd11d7114a2","displayName":"SharePoint","iconUri":"https://connectoricons-prod.azureedge.net/releases/v1.0.1533/1.0.1533.2600/sharepointonline/icon.png","dataSources":["employee_COVID19_tests","employee_COVID19_Vaccination","employee_COVID19_VaccineExemption","employees","inf_certificate_categories","inf_certificate_certBodies","inf_certificates","inf_certifyingBodies","inf_countries","inf_locations","RLS_location"],"dependencies":[],"dependents":[],"parameterHints":{},"parameterHintsV2":{},"isOnPremiseConnection":false,"bypassConsent":false,"dataSets":{"https://amspecllc.sharepoint.com/sites/AmSpecDirectory":{"dataSources":{"employee_COVID19_tests":{"tableName":"268ea86c-5723-43b6-aafe-49fb885d5ad5"},"employee_COVID19_Vaccination":{"tableName":"13c5a12f-3924-41fe-8627-820caa1a5f7f"},"employee_COVID19_VaccineExemption":{"tableName":"d0d17289-69ba-46d1-a142-eb196b09f19d"},"employees":{"tableName":"9e5d8603-273d-4a79-b02a-1a8e946557f3"},"inf_certificate_categories":{"tableName":"9bdb80e7-c631-4549-8f8c-1b7afe22f17c"},"inf_certificate_certBodies":{"tableName":"9080f0c1-a43b-4276-8ec6-0eb97d83fc5b"},"inf_certificates":{"tableName":"fb39496c-d2ad-4230-b569-53bb052144fa"},"inf_certifyingBodies":{"tableName":"011ed2ac-b9b2-477f-8215-59e7e113d7f2"},"inf_countries":{"tableName":"84f4dac2-fce9-46b2-8ee8-dced687947aa"},"inf_locations":{"tableName":"376d9929-69b4-4f6d-a72d-714236977a89"},"RLS_location":{"tableName":"7729d8c0-23d1-438e-9c7f-65358770012f"}}}},"apiTier":"Standard","isCustomApiConnection":false,"actions":["providers/PowerPlatform.Governance/Operations/Read"]}},"databaseReferences":{},"almMode":"Environment","performanceOptimizationEnabled":true,"canConsumeAppPass":true,"executionRestrictions":{"isTeamsOnly":false,"dataLossPreventionEvaluationResult":{"status":"Compliant","lastEvaluationDate":"2021-11-27T13:02:04.8687322Z","violations":[],"violationsByPolicy":[],"violationErrorMessage":"The app uses the following connectors: shared_sharepointonline."}}},"appType":"ClassicCanvasApp","appComponents":[]}}