{"schemaVersion":"1.0","appDefinitionTemplate":{"id":"/providers/Microsoft.PowerApps/apps/","type":"Microsoft.PowerApps/apps","tags":{"primaryDeviceWidth":"640","primaryDeviceHeight":"1136","sienaVersion":"89410efd-4556-44fb-b079-f547da7b51a8","deviceCapabilities":"","supportsPortrait":"true","supportsLandscape":"false","primaryFormFactor":"Phone","publisherVersion":"3.21034.27","minimumRequiredApiVersion":"2.2.0","hasComponent":"false","hasUnlockedComponent":"false","isUnifiedRootApp":"false"},"properties":{"appVersion":"2021-04-12T18:27:51Z","lifeCycleId":"Published","createdByClientVersion":{"major":3,"minor":21034,"build":27,"revision":0,"majorRevision":0,"minorRevision":0},"minClientVersion":{"major":3,"minor":21034,"build":27,"revision":0,"majorRevision":0,"minorRevision":0},"backgroundColor":"rgba(37, 62, 143, 1)","backgroundImageUri":"/8784881350035124688/N74d8ca49-d67a-4905-b58e-2ec1d903da05-logoSmallFile","displayName":"HoustonOps","description":"","commitMessage":"","appUris":{"documentUri":{"value":"/8784881350035124688/N82826939-c67d-40bb-893f-3feb7d2aef1b-document.msapp"},"imageUris":[]},"createdTime":"0001-01-01T00:00:00Z","lastModifiedTime":"0001-01-01T00:00:00Z","sharedGroupsCount":0,"sharedUsersCount":0,"icons":{"smallIconUri":"/8784881350035124688/N88aadadf-8ff8-4ee6-b6fe-083b09f9ffe1-small.png","mediumIconUri":"/8784881350035124688/N4198c411-67b8-4c19-818f-c3c14c680d8e-medium.png","largeIconUri":"/8784881350035124688/N899e1260-a718-43d4-8c7a-0666c7e77b86-large.png","wideIconUri":"/8784881350035124688/Nacf9c819-8176-493c-821d-8940875a161e-wide.png"},"connectionReferences":{"058304f5-4336-4d26-82d1-efca7f9c00ab":{"id":"ad36ac11-7b1e-406c-96f8-aa70757bad00","displayName":"SQL Server","iconUri":"https://connectoricons-prod.azureedge.net/releases/v1.0.1457/1.0.1457.2379/sql/icon.png","dataSources":["[dbo].[inf_Houston_coordinators_mapping]"],"dependencies":[],"dependents":[],"parameterHints":{},"isOnPremiseConnection":false,"sharedConnectionId":"27844279-898f-4ac4-ba42-4985cb344c29","dataSets":{"amspecopsql.database.windows.net,AmspecMDM":{"dataSources":{"[dbo].[inf_Houston_coordinators_mapping]":{"tableName":"[dbo].[inf_Houston_coordinators_mapping]"}}}},"apiTier":"Premium","isCustomApiConnection":false,"authenticationType":"sqlAuthentication","endpoints":["amspecopsql.database.windows.net,AmspecMDM"]}},"databaseReferences":{},"almMode":"Environment","performanceOptimizationEnabled":true,"canConsumeAppPass":true,"executionRestrictions":{"isTeamsOnly":false,"dataLossPreventionEvaluationResult":{"status":"Compliant","lastEvaluationDate":"2021-04-12T18:28:01.4128825Z","violationDetails":[]}}},"isAppComponentLibrary":false,"appType":"ClassicCanvasApp","appComponents":[]}}