{"name":"8488f798-6998-4775-bdb9-4f9e004460ad","id":"/providers/Microsoft.Flow/flows/8488f798-6998-4775-bdb9-4f9e004460ad","type":"Microsoft.Flow/flows","properties":{"apiId":"/providers/Microsoft.PowerApps/apis/shared_logicflows","displayName":"PRA Expiration Notification","definition":{"metadata":{"workflowEntityId":null,"processAdvisorMetadata":null,"flowclientsuspensionreason":"None","flowclientsuspensiontime":null,"creator":{"id":"92b54cd9-a569-4d92-bca0-4f330d1ea600","type":"User","tenantId":"fddf0fb0-6be4-4e34-ace1-e795bc64c91f"},"provisioningMethod":"FromDefinition","failureAlertSubscription":true,"clientLastModifiedTime":"2022-04-08T18:46:33.9738609Z"},"$schema":"https://schema.management.azure.com/providers/Microsoft.Logic/schemas/2016-06-01/workflowdefinition.json#","contentVersion":"1.0.0.0","parameters":{"$connections":{"defaultValue":{},"type":"Object"},"$authentication":{"defaultValue":{},"type":"SecureObject"},"sharepoint.site":{"defaultValue":"","type":"String"},"sharepoint.list":{"defaultValue":"","type":"String"},"sharepoint.remindMeIn":{"defaultValue":1,"type":"Int"},"sharepoint.columnName":{"defaultValue":"","type":"String"},"sharepoint.listName":{"defaultValue":"","type":"String"},"sharepoint.emailSubject":{"defaultValue":"","type":"String"},"sharepoint.emailBodyTitle":{"defaultValue":"","type":"String"},"sharepoint.emailFlowLinkTitle":{"defaultValue":"","type":"String"}},"triggers":{"Recurrence":{"recurrence":{"frequency":"Day","interval":1,"timeZone":"Pacific Standard Time","schedule":{"hours":["15"]}},"metadata":{"operationMetadataId":"a1bfa1ee-d515-4254-9f38-e2f4dc55ef70"},"type":"Recurrence"}},"actions":{"Scope_to_get_items_due_in_1_day":{"actions":{"Today_+_x_days":{"runAfter":{},"metadata":{"operationMetadataId":"82857874-32ce-4620-9557-a1f5bc4cf05a"},"type":"Compose","inputs":"@addDays(utcnow(), int(outputs('Days_to_remind_me_in')), 'yyyy-MM-dd')"},"x_Days_+_1":{"runAfter":{"Today_+_x_days":["Succeeded"]},"metadata":{"operationMetadataId":"c0ffb59b-f86b-400e-94ed-3a6fd7fedbcb"},"type":"Compose","inputs":" @{addDays(outputs('Today_+_x_days'),1,'yyyy-MM-dd')}"},"Get_items":{"runAfter":{"Get_list_name_by_HTTP_request":["Succeeded"]},"metadata":{"flowSystemMetadata":{"swaggerOperationId":"GetItems"},"operationMetadataId":"e68f1f5e-b50b-48f3-ada7-39bea9589e91"},"type":"ApiConnection","inputs":{"host":{"connection":{"name":"@parameters('$connections')['shared_sharepointonline']['connectionId']"},"api":{"runtimeUrl":"https://flow-apim-msmanaged-na-northcentralus-01.azure-apim.net/apim/sharepointonline"}},"method":"get","path":"/datasets/@{encodeURIComponent(encodeURIComponent('https://amspecllc.sharepoint.com/sites/PRATeam'))}/tables/@{encodeURIComponent(encodeURIComponent('4f5041c8-d4ec-4a2d-81fc-57566b369862'))}/items","queries":{"$filter":"@{concat(concat('Expiry_x0020_Date',' ge ', '''',outputs('Today_+_x_days')),'''',' and ', concat('Expiry_x0020_Date',' le ','''', outputs('x_Days_+_1'),''''))}"},"authentication":"@parameters('$authentication')"}},"Condition":{"actions":{},"runAfter":{"Get_items":["Succeeded"]},"else":{"actions":{"Send_me_a_reminder_email":{"runAfter":{"Send_an_email_(V2)":["Succeeded"]},"metadata":{"flowSystemMetadata":{"swaggerOperationId":"SendEmailNotification"},"operationMetadataId":"a43a14a2-7b0e-44dd-8201-9443f28261fb"},"type":"ApiConnection","inputs":{"host":{"connection":{"name":"@parameters('$connections')['shared_flowpush']['connectionId']"},"api":{"runtimeUrl":"https://flow-apim-msmanaged-na-eastus2-01.azure-apim.net/apim/flowpush"}},"method":"post","body":{"notificationSubject":"Reminder for PRA Tracking System: @{outputs('Days_to_remind_me_in')} day(s) before Expiry Date","notificationBody":"<!DOCTYPE html PUBLIC \"-//W3C//DTD XHTML 1.0 Transitional//EN\" \"http://www.w3.org/TR/xhtml1/DTD/xhtml1-transitional.dtd\">\n<html xmlns=\"http://www.w3.org/1999/xhtml\">\n\n<head>\n    <meta http-equiv=\"Content-Type\" content=\"text/html; charset=UTF-8\">\n    <meta name=\"viewport\" content=\"width=device-width, initial-scale=1\">\n    <style type=\"text/css\">\n        @font-face {\n            font-family: 'FabricMDL2Icons';\n            src: url('https://appsforoffice.microsoft.com/fabric/fonts/icons/FabricMDL2Icons.woff') format('woff'), url('https://appsforoffice.microsoft.com/fabric/fonts/icons/FabricMDL2Icons.ttf') format('truetype');\n            font-weight: normal;\n            font-style: normal;\n        }\n\n        @font-face {\n            font-family: \"Segoe UI\";\n            src: local(\"Segoe UI Light\"), url(\"https://appsforoffice.microsoft.com/fabric/fonts/SegoeUI-WestEuropean/SegoeUI-Light.woff2\") format(\"woff2\"), url(\"https://appsforoffice.microsoft.com/fabric/fonts/SegoeUI-WestEuropean/SegoeUI-Light.woff\") format(\"woff\"), url(\"https://appsforoffice.microsoft.com/fabric/fonts/SegoeUI-WestEuropean/SegoeUI-Light.ttf\") format(\"truetype\");\n            font-weight: 100;\n            font-style: normal;\n        }\n\n        @font-face {\n            font-family: \"Segoe UI\";\n            src: local(\"Segoe UI\"), url(\"https://appsforoffice.microsoft.com/fabric/fonts/SegoeUI-WestEuropean/SegoeUI-Regular.woff2\") format(\"woff2\"), url(\"https://appsforoffice.microsoft.com/fabric/fonts/SegoeUI-WestEuropean/SegoeUI-Regular.woff\") format(\"woff\"), url(\"https://appsforoffice.microsoft.com/fabric/fonts/SegoeUI-WestEuropean/SegoeUI-Regular.ttf\") format(\"truetype\");\n            font-weight: 400;\n            font-style: normal;\n        }\n\n        @font-face {\n            font-family: \"Segoe UI\";\n            src: local(\"Segoe UI Semibold\"), url(\"https://appsforoffice.microsoft.com/fabric/fonts/SegoeUI-WestEuropean/SegoeUI-Semibold.woff2\") format(\"woff2\"), url(\"https://appsforoffice.microsoft.com/fabric/fonts/SegoeUI-WestEuropean/SegoeUI-Semibold.woff\") format(\"woff\"), url(\"https://appsforoffice.microsoft.com/fabric/fonts/SegoeUI-WestEuropean/SegoeUI-Semibold.ttf\") format(\"truetype\");\n            font-weight: 600;\n            font-style: normal;\n        }\n\n        @font-face {\n            font-family: \"Segoe UI WestEuropean\";\n            src: local(\"Segoe UI Semilight\"), url(\"https://appsforoffice.microsoft.com/fabric/fonts/SegoeUI-WestEuropean/SegoeUI-Semilight.woff2\") format(\"woff2\"), url(\"https://appsforoffice.microsoft.com/fabric/fonts/SegoeUI-WestEuropean/SegoeUI-Semilight.woff\") format(\"woff\"), url(\"https://appsforoffice.microsoft.com/fabric/fonts/SegoeUI-WestEuropean/SegoeUI-Semilight.ttf\") format(\"truetype\");\n            font-weight: 200;\n            font-style: normal;\n        }\n\n        < !--[if gte mso 9]>body {\n            mso-line-height-rule: exactly;\n        }\n\n        table {\n            mso-table-lspace: 0pt;\n            mso-table-rspace: 0pt;\n        }\n\n        tr {\n            mso-line-height-rule: exactly;\n        }\n\n        td {\n            mso-line-height-rule: exactly;\n        }\n\n        < !--< ![endif]-->< !--[if gte mso 15]>body {\n            line-height: 0;\n            mso-line-height-rule: exactly;\n        }\n\n        table {\n            mso-table-lspace: 0pt;\n            mso-table-rspace: 0pt;\n        }\n\n        tr {\n            mso-line-height-alt: 0px;\n            mso-margin-top-alt: 0px;\n            mso-line-height-rule: exactly;\n        }\n\n        td {\n            mso-line-height-rule: exactly;\n        }\n\n        < !--< ![endif]-->\n    </style>\n\n    <style type=\"text/css\">\n        @media only screen and (max-width: 660px) {\n            /* Mobile only styles, using important to overpower the inlined styles */\n            .OuterTable,\n            .OuterContainer {\n                width: 100% !important;\n            }\n        }\n    </style>\n\n\n\n</head>\n\n<body style=\"-webkit-text-size-adjust: 100%; -ms-text-size-adjust: 100%; margin: 0; padding: 0; background-color: #f2f2f2\">\n    <!--[if mso]>\n\t<center>\n\t<table><tr><td width=\"640\">\n<![endif]-->\n\n    <div class=\"OuterContainer\" width=\"640\" style=\"padding: 0; margin: 0 auto; width: 640px; background-color: #f2f2f2;\">\n        <table class=\"OuterTable\" border=\"0\" cellpadding=\"0\" cellspacing=\"0\" style=\"border-collapse: collapse; font-family: 'Segoe UI', -apple-system, BlinkMacSystemFont, 'Roboto', 'Helvetica Neue', sans-serif; border: 0; width: 640px; padding: 0; margin: 0 auto;\">\n\n\n            <style type=\"text/css\">\n                @media only screen and (max-width: 660px) {\n                    .HeaderCell {\n                        background: #ffffff !important;\n                    }\n                }\n            </style>\n\n            <tr style=\"font-family: 'Segoe UI', -apple-system, BlinkMacSystemFont, 'Roboto', 'Helvetica Neue', sans-serif;\">\n                <td class=\"HeaderCell\" style=\"font-family: 'Segoe UI', -apple-system, BlinkMacSystemFont, 'Roboto', 'Helvetica Neue', sans-serif; padding: 15px 20px;\">\n                    <img width=\"90\" height=\"17\" src=\"https://odsp-ext.azurewebsites.net/mention-email/sharepoint-logo.png\">\n                </td>\n            </tr>\n\n\n            <style type=\"text/css\">\n                @media only screen and (max-width: 660px) {\n                    .GreetingParagraph {\n                        font-size: 21px !important;\n                        line-height: 28px !important;\n                    }\n                }\n            </style>\n\n            <tr style=\"font-family: 'Segoe UI', -apple-system, BlinkMacSystemFont, 'Roboto', 'Helvetica Neue', sans-serif;\">\n                <td class=\"ContentCell\" style=\"font-family: 'Segoe UI', -apple-system, BlinkMacSystemFont, 'Roboto', 'Helvetica Neue', sans-serif;\">\n                    <table class=\"ContentTable\" bgcolor=\"#FFFFFF\" align=\"center\" border=\"0\" cellpadding=\"0\" cellspacing=\"0\" width=\"100%\" style=\"border-collapse: collapse; font-family: 'Segoe UI', -apple-system, BlinkMacSystemFont, 'Roboto', 'Helvetica Neue', sans-serif; border: 1px solid #dedede; width: 100%; padding: 0;\">\n\n                        <!-- greeting row -->\n                        <tr style=\"font-family: 'Segoe UI', -apple-system, BlinkMacSystemFont, 'Roboto', 'Helvetica Neue', sans-serif;\">\n                            <td class=\"InnerHeaderCell\" style=\"font-family: 'Segoe UI', -apple-system, BlinkMacSystemFont, 'Roboto', 'Helvetica Neue', sans-serif; padding: 36px; text-align: center;\">\n                                <img class=\"GreetingImage\" width=\"34\" height=\"34\" src=\"https://odsp-ext.azurewebsites.net/email/templates/flow-remind-me/icon-reminder.png\">\n                                <p class=\"GreetingParagraph\" style=\"font-family: 'Segoe UI', -apple-system, BlinkMacSystemFont, 'Roboto', 'Helvetica Neue', sans-serif; padding: 0; margin: 20px auto 0 auto; color: #222222; font-size: 24px; font-weight: 600; line-height: 32px; max-width: 320px; text-align: center;\">@{body('Get_my_profile_(V2)')?['displayName']}, you asked to be reminded @{outputs('Days_to_remind_me_in')} day(s) before Expiry Date for the following items:</p>\n                            </td>\n                        </tr>\n\n                        <!-- content row -->\n                        <tr style=\"font-family: 'Segoe UI', -apple-system, BlinkMacSystemFont, 'Roboto', 'Helvetica Neue', sans-serif;\">\n                            <td class=\"InnerContentCell\" style=\"font-family: 'Segoe UI', -apple-system, BlinkMacSystemFont, 'Roboto', 'Helvetica Neue', sans-serif; padding: 30px; background-color: #f8f8f8; border-top: 1px solid #dedede;\">\n                                 <table class=\"FileList\" style=\"border: 0; border-collapse: collapse; font-family: 'Segoe UI', -apple-system, BlinkMacSystemFont, 'Roboto', 'Helvetica Neue', sans-serif; background: #fff; border-spacing: 0; width: 100%;\">\n                                    @{variables('TableRows')}\n                                </table>\n                            </td>\n                        </tr>\n                    </table>\n                </td>\n            </tr>\n        </table>\n    </div>\n\n    <!--[if mso]>\n</td></tr></table>\n</center>\n<![endif]-->\n</body>\n\n</html>"},"path":"/sendEmailNotification","authentication":"@parameters('$authentication')"}},"Apply_to_each":{"foreach":"@body('Get_items')?['value']","actions":{"Append_to_string_variable":{"runAfter":{},"metadata":{"operationMetadataId":"eae912e0-ed44-4f89-8d6a-a6b49f451ffe"},"type":"AppendToStringVariable","inputs":{"name":"TableRows","value":"<tr style=\"font-family: 'Segoe UI', -apple-system, BlinkMacSystemFont, 'Roboto', 'Helvetica Neue', sans-serif;\"><td class=\"FileList-iconCell FileList-iconCell--last\" style=\"font-family: 'Segoe UI', -apple-system, BlinkMacSystemFont, 'Roboto', 'Helvetica Neue', sans-serif; border-bottom: 2px solid #eaeaea; padding: 20px 12px 20px 32px; white-space: nowrap;\"><img src=\"https://odsp-ext.azurewebsites.net/email/components/FileList/icon-task.png\" width=\"22\" height=\"22\"></td><td class=\"FileList-linkCell FileList-linkCell--last\" style=\"font-family: 'Segoe UI', -apple-system, BlinkMacSystemFont, 'Roboto', 'Helvetica Neue', sans-serif; border-bottom: 2px solid #eaeaea; padding-bottom: 4px; width: 100%;\"><a href=\"@{items('Apply_to_each')?['{Link}']}\" style=\"padding: 0; margin: 0; color: #0078d7; font-size: 17px; text-decoration: none;\">@{items('Apply_to_each')?['PRA_x0020_Number']} |  Customer:@{items('Apply_to_each')?['Customer']}  |  Location:@{items('Apply_to_each')?['Location_x0028_s_x0029__x0020_Co']} | Exp. @{items('Apply_to_each')?['Expiry_x0020_Date']}</a></td></tr>"}}},"runAfter":{},"metadata":{"operationMetadataId":"ea0bf4c4-4ebf-4d79-9b04-204810a34f18"},"type":"Foreach"},"Send_an_email_(V2)":{"runAfter":{"Apply_to_each":["Succeeded"]},"metadata":{"flowSystemMetadata":{"swaggerOperationId":"SendEmailV2"},"operationMetadataId":"723a7d77-d7bc-4a95-8c27-31ffff91d5e9"},"type":"ApiConnection","inputs":{"host":{"connection":{"name":"@parameters('$connections')['shared_office365']['connectionId']"},"api":{"runtimeUrl":"https://flow-apim-msmanaged-na-centralus-01.azure-apim.net/apim/office365"}},"method":"post","body":{"To":"Sarah.Ulm@amspecgroup.com;Dawn.Bourgeois@amspecgroup.com;Affaf.Nabi@amspecgroup.com","Subject":"Reminder for PRA Tracking System: @{outputs('Days_to_remind_me_in')} day(s) before Expiry Date - Email Message","Body":"<!DOCTYPE html PUBLIC \"-//W3C//DTD XHTML 1.0 Transitional//EN\" \"http://www.w3.org/TR/xhtml1/DTD/xhtml1-transitional.dtd\">\n<html xmlns=\"http://www.w3.org/1999/xhtml\">\n\n<head>\n    <meta http-equiv=\"Content-Type\" content=\"text/html; charset=UTF-8\">\n    <meta name=\"viewport\" content=\"width=device-width, initial-scale=1\">\n    <style type=\"text/css\">\n        @font-face {\n            font-family: 'FabricMDL2Icons';\n            src: url('https://appsforoffice.microsoft.com/fabric/fonts/icons/FabricMDL2Icons.woff') format('woff'), url('https://appsforoffice.microsoft.com/fabric/fonts/icons/FabricMDL2Icons.ttf') format('truetype');\n            font-weight: normal;\n            font-style: normal;\n        }\n\n        @font-face {\n            font-family: \"Segoe UI\";\n            src: local(\"Segoe UI Light\"), url(\"https://appsforoffice.microsoft.com/fabric/fonts/SegoeUI-WestEuropean/SegoeUI-Light.woff2\") format(\"woff2\"), url(\"https://appsforoffice.microsoft.com/fabric/fonts/SegoeUI-WestEuropean/SegoeUI-Light.woff\") format(\"woff\"), url(\"https://appsforoffice.microsoft.com/fabric/fonts/SegoeUI-WestEuropean/SegoeUI-Light.ttf\") format(\"truetype\");\n            font-weight: 100;\n            font-style: normal;\n        }\n\n        @font-face {\n            font-family: \"Segoe UI\";\n            src: local(\"Segoe UI\"), url(\"https://appsforoffice.microsoft.com/fabric/fonts/SegoeUI-WestEuropean/SegoeUI-Regular.woff2\") format(\"woff2\"), url(\"https://appsforoffice.microsoft.com/fabric/fonts/SegoeUI-WestEuropean/SegoeUI-Regular.woff\") format(\"woff\"), url(\"https://appsforoffice.microsoft.com/fabric/fonts/SegoeUI-WestEuropean/SegoeUI-Regular.ttf\") format(\"truetype\");\n            font-weight: 400;\n            font-style: normal;\n        }\n\n        @font-face {\n            font-family: \"Segoe UI\";\n            src: local(\"Segoe UI Semibold\"), url(\"https://appsforoffice.microsoft.com/fabric/fonts/SegoeUI-WestEuropean/SegoeUI-Semibold.woff2\") format(\"woff2\"), url(\"https://appsforoffice.microsoft.com/fabric/fonts/SegoeUI-WestEuropean/SegoeUI-Semibold.woff\") format(\"woff\"), url(\"https://appsforoffice.microsoft.com/fabric/fonts/SegoeUI-WestEuropean/SegoeUI-Semibold.ttf\") format(\"truetype\");\n            font-weight: 600;\n            font-style: normal;\n        }\n\n        @font-face {\n            font-family: \"Segoe UI WestEuropean\";\n            src: local(\"Segoe UI Semilight\"), url(\"https://appsforoffice.microsoft.com/fabric/fonts/SegoeUI-WestEuropean/SegoeUI-Semilight.woff2\") format(\"woff2\"), url(\"https://appsforoffice.microsoft.com/fabric/fonts/SegoeUI-WestEuropean/SegoeUI-Semilight.woff\") format(\"woff\"), url(\"https://appsforoffice.microsoft.com/fabric/fonts/SegoeUI-WestEuropean/SegoeUI-Semilight.ttf\") format(\"truetype\");\n            font-weight: 200;\n            font-style: normal;\n        }\n\n        < !--[if gte mso 9]>body {\n            mso-line-height-rule: exactly;\n        }\n\n        table {\n            mso-table-lspace: 0pt;\n            mso-table-rspace: 0pt;\n        }\n\n        tr {\n            mso-line-height-rule: exactly;\n        }\n\n        td {\n            mso-line-height-rule: exactly;\n        }\n\n        < !--< ![endif]-->< !--[if gte mso 15]>body {\n            line-height: 0;\n            mso-line-height-rule: exactly;\n        }\n\n        table {\n            mso-table-lspace: 0pt;\n            mso-table-rspace: 0pt;\n        }\n\n        tr {\n            mso-line-height-alt: 0px;\n            mso-margin-top-alt: 0px;\n            mso-line-height-rule: exactly;\n        }\n\n        td {\n            mso-line-height-rule: exactly;\n        }\n\n        < !--< ![endif]-->\n    </style>\n\n    <style type=\"text/css\">\n        @media only screen and (max-width: 660px) {\n            /* Mobile only styles, using important to overpower the inlined styles */\n            .OuterTable,\n            .OuterContainer {\n                width: 100% !important;\n            }\n        }\n    </style>\n\n\n\n</head>\n\n<body style=\"-webkit-text-size-adjust: 100%; -ms-text-size-adjust: 100%; margin: 0; padding: 0; background-color: #f2f2f2\">\n    <!--[if mso]>\n\t<center>\n\t<table><tr><td width=\"640\">\n<![endif]-->\n\n    <div class=\"OuterContainer\" width=\"640\" style=\"padding: 0; margin: 0 auto; width: 640px; background-color: #f2f2f2;\">\n        <table class=\"OuterTable\" border=\"0\" cellpadding=\"0\" cellspacing=\"0\" style=\"border-collapse: collapse; font-family: 'Segoe UI', -apple-system, BlinkMacSystemFont, 'Roboto', 'Helvetica Neue', sans-serif; border: 0; width: 640px; padding: 0; margin: 0 auto;\">\n\n\n            <style type=\"text/css\">\n                @media only screen and (max-width: 660px) {\n                    .HeaderCell {\n                        background: #ffffff !important;\n                    }\n                }\n            </style>\n\n            <tr style=\"font-family: 'Segoe UI', -apple-system, BlinkMacSystemFont, 'Roboto', 'Helvetica Neue', sans-serif;\">\n                <td class=\"HeaderCell\" style=\"font-family: 'Segoe UI', -apple-system, BlinkMacSystemFont, 'Roboto', 'Helvetica Neue', sans-serif; padding: 15px 20px;\">\n                    <img width=\"90\" height=\"17\" src=\"https://odsp-ext.azurewebsites.net/mention-email/sharepoint-logo.png\">\n                </td>\n            </tr>\n\n\n            <style type=\"text/css\">\n                @media only screen and (max-width: 660px) {\n                    .GreetingParagraph {\n                        font-size: 21px !important;\n                        line-height: 28px !important;\n                    }\n                }\n            </style>\n\n            <tr style=\"font-family: 'Segoe UI', -apple-system, BlinkMacSystemFont, 'Roboto', 'Helvetica Neue', sans-serif;\">\n                <td class=\"ContentCell\" style=\"font-family: 'Segoe UI', -apple-system, BlinkMacSystemFont, 'Roboto', 'Helvetica Neue', sans-serif;\">\n                    <table class=\"ContentTable\" bgcolor=\"#FFFFFF\" align=\"center\" border=\"0\" cellpadding=\"0\" cellspacing=\"0\" width=\"100%\" style=\"border-collapse: collapse; font-family: 'Segoe UI', -apple-system, BlinkMacSystemFont, 'Roboto', 'Helvetica Neue', sans-serif; border: 1px solid #dedede; width: 100%; padding: 0;\">\n\n                        <!-- greeting row -->\n                        <tr style=\"font-family: 'Segoe UI', -apple-system, BlinkMacSystemFont, 'Roboto', 'Helvetica Neue', sans-serif;\">\n                            <td class=\"InnerHeaderCell\" style=\"font-family: 'Segoe UI', -apple-system, BlinkMacSystemFont, 'Roboto', 'Helvetica Neue', sans-serif; padding: 36px; text-align: center;\">\n                                <img class=\"GreetingImage\" width=\"34\" height=\"34\" src=\"https://odsp-ext.azurewebsites.net/email/templates/flow-remind-me/icon-reminder.png\">\n             You asked to be reminded @{outputs('Days_to_remind_me_in')} day(s) before Expiry Date for the following items:</p>\n                            </td>\n                        </tr>\n\n                        <!-- content row -->\n                        <tr style=\"font-family: 'Segoe UI', -apple-system, BlinkMacSystemFont, 'Roboto', 'Helvetica Neue', sans-serif;\">\n                            <td class=\"InnerContentCell\" style=\"font-family: 'Segoe UI', -apple-system, BlinkMacSystemFont, 'Roboto', 'Helvetica Neue', sans-serif; padding: 30px; background-color: #f8f8f8; border-top: 1px solid #dedede;\">\n                                 <table class=\"FileList\" style=\"border: 0; border-collapse: collapse; font-family: 'Segoe UI', -apple-system, BlinkMacSystemFont, 'Roboto', 'Helvetica Neue', sans-serif; background: #fff; border-spacing: 0; width: 100%;\">\n                                    @{variables('TableRows')}\n                                </table>\n                            </td>\n                        </tr>\n                    </table>\n                </td>\n            </tr>\n        </table>\n    </div>\n\n    <!--[if mso]>\n</td></tr></table>\n</center>\n<![endif]-->\n</body>\n\n</html>\n","From":"notification@amspecgroup.net","Cc":"Amr.Guenena@amspecgroup.com"},"path":"/v2/Mail","authentication":"@parameters('$authentication')"}}}},"expression":"@empty(body('Get_items')?['value'])","metadata":{"operationMetadataId":"e2250c82-ba37-4f07-9ea0-5734f95668da"},"type":"If"},"Get_list_name_by_HTTP_request":{"runAfter":{"x_Days_+_1":["Succeeded"]},"metadata":{"flowSystemMetadata":{"swaggerOperationId":"HttpRequest"},"operationMetadataId":"2f64a5f0-7dbe-4482-819d-557a855aacee"},"type":"ApiConnection","inputs":{"host":{"connection":{"name":"@parameters('$connections')['shared_sharepointonline']['connectionId']"},"api":{"runtimeUrl":"https://flow-apim-msmanaged-na-northcentralus-01.azure-apim.net/apim/sharepointonline"}},"method":"post","body":{"method":"GET","uri":"_api/web/lists/getById('@{encodeURIComponent(encodeURIComponent('4f5041c8-d4ec-4a2d-81fc-57566b369862'))}')?$select=Title","headers":{"Accept":"application/json;odata=nometadata"}},"path":"/datasets/@{encodeURIComponent(encodeURIComponent('https://amspecllc.sharepoint.com/sites/PRATeam'))}/httprequest","authentication":"@parameters('$authentication')"}}},"runAfter":{"Get_my_profile_(V2)":["Succeeded"]},"metadata":{"operationMetadataId":"6ddbf519-0e1f-4519-a754-07e6580d9200"},"type":"Scope"},"Couldn't_send_a_reminder":{"runAfter":{"Scope_to_get_items_due_in_1_day":["Failed","TimedOut"]},"metadata":{"flowSystemMetadata":{"swaggerOperationId":"SendEmailNotification"},"operationMetadataId":"918adc91-3069-416d-8092-09ae7d079611"},"type":"ApiConnection","inputs":{"host":{"connection":{"name":"@parameters('$connections')['shared_flowpush']['connectionId']"},"api":{"runtimeUrl":"https://flow-apim-msmanaged-na-eastus2-01.azure-apim.net/apim/flowpush"}},"method":"post","body":{"notificationSubject":"Sending reminder: Something failed","notificationBody":"Sending reminder: Something failed"},"path":"/sendEmailNotification","authentication":"@parameters('$authentication')"}},"Days_to_remind_me_in":{"runAfter":{"Build_Table_Rows":["Succeeded"]},"metadata":{"operationMetadataId":"ee045873-38ad-49c9-a187-f7cab9c9ea18"},"type":"Compose","inputs":"@'30'"},"Get_my_profile_(V2)":{"runAfter":{"Days_to_remind_me_in":["Succeeded"]},"metadata":{"flowSystemMetadata":{"swaggerOperationId":"MyProfile_V2"},"operationMetadataId":"5c3612ac-83a6-4290-a909-a883888b108b"},"type":"ApiConnection","inputs":{"host":{"connection":{"name":"@parameters('$connections')['shared_office365users']['connectionId']"},"api":{"runtimeUrl":"https://flow-apim-msmanaged-na-eastus2-01.azure-apim.net/apim/office365users"}},"method":"get","path":"/codeless/v1.0/me","authentication":"@parameters('$authentication')"}},"Build_Table_Rows":{"runAfter":{},"metadata":{"operationMetadataId":"c4485a81-4611-487c-aa0c-51e4fd68ce50"},"type":"InitializeVariable","inputs":{"variables":[{"name":"TableRows","type":"String"}]}}},"outputs":{},"description":"Remind me a number of days in advance of the date in the column"},"connectionReferences":{"shared_sharepointonline":{"connectionName":"a4ec9f1c9440458e811068e4ca62ebb8","source":"Embedded","id":"/providers/Microsoft.PowerApps/apis/shared_sharepointonline","tier":"NotSpecified"},"shared_flowpush":{"connectionName":"shared-flowpush-eef3605f-404b-49cb-8db8-96f3-451ed01a","source":"Embedded","id":"/providers/Microsoft.PowerApps/apis/shared_flowpush","tier":"NotSpecified"},"shared_office365":{"connectionName":"shared-office365-3d4ee488-32bb-4dae-92b4-872f-9867154d","source":"Embedded","id":"/providers/Microsoft.PowerApps/apis/shared_office365","tier":"NotSpecified"},"shared_office365users":{"connectionName":"shared-office365user-7f0febe8-5182-4ac0-8fd4-d20f-e359963e","source":"Embedded","id":"/providers/Microsoft.PowerApps/apis/shared_office365users","tier":"NotSpecified"}},"flowFailureAlertSubscribed":false,"isManaged":false}}