{"name":"432f6287-0952-41d0-9570-44018e8e5358","id":"/providers/Microsoft.Flow/flows/432f6287-0952-41d0-9570-44018e8e5358","type":"Microsoft.Flow/flows","properties":{"apiId":"/providers/Microsoft.PowerApps/apis/shared_logicflows","displayName":"AOBR_eSocial_S-2240_Get_Colab","definition":{"metadata":{"workflowEntityId":null,"processAdvisorMetadata":null,"flowclientsuspensionreason":"None","flowclientsuspensiontime":null,"creator":{"id":"e6fa3311-d0c7-418c-85e4-e25522a6c1b2","type":"User","tenantId":"fddf0fb0-6be4-4e34-ace1-e795bc64c91f"},"provisioningMethod":"FromDefinition","failureAlertSubscription":true,"clientLastModifiedTime":"2022-02-14T15:29:55.8497109Z"},"$schema":"https://schema.management.azure.com/providers/Microsoft.Logic/schemas/2016-06-01/workflowdefinition.json#","contentVersion":"1.0.0.0","parameters":{"$connections":{"defaultValue":{},"type":"Object"},"$authentication":{"defaultValue":{},"type":"SecureObject"}},"triggers":{"manual":{"metadata":{"operationMetadataId":"3bc7e520-cfc6-4ef8-8bb9-5bd2c1f3c111"},"type":"Request","kind":"Button","inputs":{"schema":{"type":"object","properties":{},"required":[]}}}},"actions":{"HTTP":{"runAfter":{},"metadata":{"operationMetadataId":"c10dcb93-5d84-4625-9c71-8006a32d952f"},"type":"Http","inputs":{"method":"POST","uri":"https://esocial.grupobrmed.com.br/o/token/","queries":{"username":"amspec","password":"-!gc%Z!5wN$S8=5R","grant_type":"password"},"authentication":{"type":"Basic","username":"YQ6TMRGm8bjCZ4PfqFAQM7JFMKv0z56n6MTeVLTH","password":"KWn5OrDbHoM2Fu5KEkPlSFOazOCh4BieM3jaF3ayQ8uBotVqU31bC2RJIUQoiMqMxE5qpH1CssDi8Z6VghjF6niHFuOAOpMiMawQtG501t7ms7yoNRTJHoCLduj9MBth"}}},"HTTP_2":{"runAfter":{"HTTP":["Succeeded"]},"metadata":{"operationMetadataId":"f9161a5c-90a2-4893-a17e-6c5347ba72a1"},"type":"Http","inputs":{"method":"GET","uri":"https://esocial.grupobrmed.com.br/events/S-2240/?format=json&release_date=2021-01-06T09:42:00","queries":"@body('HTTP')"}},"Analisar_JSON":{"runAfter":{"HTTP_2":["Succeeded"]},"metadata":{"operationMetadataId":"8ef0b28e-9ba5-4f83-b1bf-6d6c29ee16a2"},"type":"ParseJson","inputs":{"content":"@body('HTTP_2')","schema":{"type":"array","items":{"type":"object","properties":{"evtExpRisco":{"type":"object","properties":{"Id":{"type":"string"},"IdeEvento":{"type":"object","properties":{"indRetif":{"type":"string"},"nrRecibo":{"type":"string"},"tpAmb":{"type":"string"},"procEmi":{"type":"string"},"verProc":{"type":"string"}}},"ideEmpregador":{"type":"object","properties":{"tpInsc":{"type":"string"},"nrInsc":{"type":"string"}}},"ideVinculo":{"type":"object","properties":{"cpfTrab":{"type":"string"},"matricula":{"type":"string"},"codCateg":{"type":"string"}}},"infoExpRisco":{"type":"object","properties":{"dtIniCondicao":{"type":"string"},"infoAmb":{"type":"object","properties":{"localAmb":{},"dscSetor":{"type":"string"},"tpInsc":{"type":"string"},"nrInsc":{"type":"string"}}},"infoAtiv":{"type":"object","properties":{"dscAtivDes":{"type":"string"},"ativPericInsal":{"type":"object","properties":{"codAtiv":{"type":"string"}}}}},"agNoc":{"type":"array","items":{"type":"object","properties":{"unMed":{},"epcEpi":{"type":"object","properties":{"epi":{"type":"array"},"eficEpc":{},"epiCompl":{"type":"object","properties":{"przValid":{"type":"string"},"usoInint":{"type":"string"},"condFuncto":{"type":"string"},"medProtecao":{"type":"string"},"higienizacao":{"type":"string"},"periodicTroca":{"type":"string"}}},"utilizEPC":{"type":"integer"},"utilizEPI":{"type":"integer"}}},"limTol":{},"tpAval":{},"intConc":{},"codAgNoc":{},"dscAgNoc":{},"aposentEsp":{"type":"string"},"tecMedicao":{},"insalubridade":{"type":"string"},"periculosidade":{"type":"string"}},"required":["unMed","epcEpi","limTol","tpAval","intConc","codAgNoc","dscAgNoc","aposentEsp","tecMedicao","insalubridade","periculosidade"]}},"respReg":{"type":"object","properties":{"nrOC":{},"ufOC":{},"dscOC":{},"ideOC":{},"cpfResp":{}}},"obs":{}}}}}},"required":["evtExpRisco"]}}}},"Aplicar_a_cada":{"foreach":"@body('Analisar_JSON')","actions":{"Aplicar_a_cada_2":{"foreach":"@items('Aplicar_a_cada')['evtExpRisco']['infoExpRisco']['agNoc']","actions":{"Acrescentar_à_variável_de_cadeia":{"runAfter":{},"metadata":{"operationMetadataId":"11ba21e4-f855-48ce-87ee-721320655b4b"},"type":"AppendToStringVariable","inputs":{"name":"varXML","value":"\n  <evtExpRisco Id=\"@{items('Aplicar_a_cada')?['evtExpRisco']?['Id']}\">\n    <ideEvento>\n      <indRetif>1</indRetif>\n      <tpAmb>1</tpAmb>\n      <procEmi>1</procEmi>\n      <verProc>5.1.0.30</verProc>\n    </ideEvento>\n    <ideEmpregador>\n      <tpInsc>1</tpInsc>\n      <nrInsc>03403794</nrInsc>\n    </ideEmpregador>\n    <ideVinculo>\n      <cpfTrab>@{items('Aplicar_a_cada')?['evtExpRisco']?['ideVinculo']?['cpfTrab']}</cpfTrab>\n    </ideVinculo>\n    <infoExpRisco>\n      <dtIniCondicao>@{items('Aplicar_a_cada')?['evtExpRisco']?['infoExpRisco']?['dtIniCondicao']}</dtIniCondicao>\n      <infoAmb>\n        <localAmb>1</localAmb>\n        <dscSetor>@{items('Aplicar_a_cada')?['evtExpRisco']?['infoExpRisco']?['infoAmb']?['dscSetor']}</dscSetor>\n        <tpInsc>1</tpInsc>\n        <nrInsc>03403794000122</nrInsc>\n      </infoAmb>\n      <infoAtiv>\n        <dscAtivDes>@{items('Aplicar_a_cada')?['evtExpRisco']?['infoExpRisco']?['infoAtiv']?['dscAtivDes']}</dscAtivDes>\n      </infoAtiv>\n      <agNoc>\n        <codAgNoc>@{items('Aplicar_a_cada_2')?['codAgNoc']}</codAgNoc>\n        <dscAgNoc>@{items('Aplicar_a_cada_2')?['dscAgNoc']}</dscAgNoc>\n        <tpAval>@{items('Aplicar_a_cada_2')?['tpAval']}</tpAval>\n        <intConc>@{items('Aplicar_a_cada_2')?['intConc']}</intConc>\n        <unMed>@{items('Aplicar_a_cada_2')?['unMed']}</unMed>\n        <tecMedicao>@{items('Aplicar_a_cada_2')?['tecMedicao']}</tecMedicao>\n        <epcEpi>\n          <utilizEPC>0</utilizEPC>\n          <utilizEPI>2</utilizEPI>\n          <eficEpi>S</eficEpi>\n          <epi>\n            <docAval>14235</docAval>\n          </epi>\n          <epiCompl>\n            <medProtecao>S</medProtecao>\n            <condFuncto>S</condFuncto>\n            <usoInint>S</usoInint>\n            <przValid>S</przValid>\n            <periodicTroca>S</periodicTroca>\n            <higienizacao>S</higienizacao>\n          </epiCompl>\n        </epcEpi>\n      </agNoc>\n      <respReg>\n        <cpfResp>06856012500</cpfResp>\n        <ideOC>4</ideOC>\n        <nrOC>3593</nrOC>\n        <ufOC>SE</ufOC>\n      </respReg>\n    </infoExpRisco>\n  </evtExpRisco>"}}},"runAfter":{},"metadata":{"operationMetadataId":"751b21f3-9fa3-4e59-b3a1-255926dcf090"},"type":"Foreach"}},"runAfter":{"Inicializar_variável":["Succeeded"]},"metadata":{"operationMetadataId":"f1033d5d-3394-4487-87ef-f07ef65d1269"},"type":"Foreach"},"Enviar_um_email_(V2)":{"runAfter":{"Aplicar_a_cada":["Succeeded"]},"metadata":{"operationMetadataId":"be5b1c3f-e8ab-422d-8a23-13790373564c"},"type":"OpenApiConnection","inputs":{"host":{"apiId":"/providers/Microsoft.PowerApps/apis/shared_office365","connectionName":"shared_office365","operationId":"SendEmailV2"},"parameters":{"emailMessage/To":"Anderson.Reis@amspecgroup.com","emailMessage/Subject":"XML ESOCIAL DATA - S-2240","emailMessage/Body":"<p>arquivo xml</p>","emailMessage/Attachments":[{"Name":"202202_01178071000000_2240-esocial-evt.xml","ContentBytes":"<?xml version=\"1.0\" encoding=\"utf-8\"?>\n<eSocial xmlns=\"http://www.esocial.gov.br/schema/evt/evtExpRisco/v_S_01_00_00\">\n@{variables('varXML')}\n</eSocial>"},{"Name":"tabela.csv","ContentBytes":"@body('Criar_Tabela_CSV')"}]},"authentication":{"value":"@json(decodeBase64(triggerOutputs().headers['X-MS-APIM-Tokens']))['$ConnectionKey']","type":"Raw"}}},"Inicializar_variável":{"runAfter":{"Criar_Tabela_CSV":["Succeeded"]},"metadata":{"operationMetadataId":"8fd37fbc-84e8-45e1-970d-56f7ba36b267"},"type":"InitializeVariable","inputs":{"variables":[{"name":"varXML","type":"string"}]}},"Criar_Tabela_CSV":{"runAfter":{"Analisar_JSON":["Succeeded"]},"metadata":{"operationMetadataId":"dbbd30ca-ea66-41aa-af7c-396008a79fe3"},"type":"Table","inputs":{"from":"@body('Analisar_JSON')","format":"CSV","columns":[{"header":"cpfTrab","value":"@item()?['evtExpRisco']?['ideVinculo']?['cpfTrab']"}]}}}},"connectionReferences":{"shared_office365":{"connectionName":"shared-office365-4a96a26a-cd91-4f0d-81cb-39a7-74d50b10","source":"Invoker","id":"/providers/Microsoft.PowerApps/apis/shared_office365","tier":"NotSpecified"}},"flowFailureAlertSubscribed":false,"isManaged":false}}