{"schemaVersion":"1.0","appDefinitionTemplate":{"id":"/providers/Microsoft.PowerApps/apps/","type":"Microsoft.PowerApps/apps","tags":{"primaryDeviceWidth":"500","primaryDeviceHeight":"700","sienaVersion":"20210827T070023Z-3.21082.34.0","deviceCapabilities":"","supportsPortrait":"true","supportsLandscape":"false","primaryFormFactor":"Web","publisherVersion":"3.21082.34","minimumRequiredApiVersion":"2.2.0","hasComponent":"false","hasUnlockedComponent":"false","isUnifiedRootApp":"false"},"properties":{"appVersion":"2021-08-27T07:00:23Z","lifeCycleId":"Published","createdByClientVersion":{"major":3,"minor":21082,"build":34,"revision":0,"majorRevision":0,"minorRevision":0},"minClientVersion":{"major":3,"minor":21082,"build":34,"revision":0,"majorRevision":0,"minorRevision":0},"backgroundColor":"rgba(0, 176, 240, 1)","backgroundImageUri":"/13420073181455943811/Ne06478a1-210c-4675-9daf-a79b419b0ae6-logoSmallFile","displayName":"App Manager on EDocDev6","description":"","commitMessage":"","appUris":{"documentUri":{"value":"/13420073181455943811/Ne61c1ba8-b725-49ee-8cd9-9813d61c4ca7-document.msapp"},"imageUris":[]},"createdTime":"0001-01-01T00:00:00Z","lastModifiedTime":"0001-01-01T00:00:00Z","sharedGroupsCount":0,"sharedUsersCount":0,"icons":{"smallIconUri":"/13420073181455943811/N02cfb3fd-9a7e-4b1d-b47e-0cd61d73dad6-small.png","mediumIconUri":"/13420073181455943811/N7dcfef1a-24f5-4f17-8ecd-735b1df0ffff-medium.png","largeIconUri":"/13420073181455943811/Nc9f161a7-266d-4051-8107-fd6e9ddcf346-large.png","wideIconUri":"/13420073181455943811/N2951bc20-a510-40df-8521-4dde30001f53-wide.png"},"connectionReferences":{"43dc3a2b-14b5-4c97-a191-d3b82a279914":{"id":"11a93981-676c-4606-a07f-edd11d7114a2","displayName":"SharePoint","iconUri":"https://connectoricons-prod.azureedge.net/releases/v1.0.1505/1.0.1505.2520/sharepointonline/icon.png","dataSources":["App Manager"],"dependencies":[],"dependents":[],"parameterHints":{},"parameterHintsV2":{},"isOnPremiseConnection":false,"bypassConsent":true,"dataSets":{"https://amspecllc.sharepoint.com/sites/EDocDev6":{"datasetOverride":{"name":"https://amspecllc.sharepoint.com/sites/E-DocPreview","description":"The SharePoint URL has been renamed from 'https://amspecllc.sharepoint.com/sites/EDocDev6' to 'https://amspecllc.sharepoint.com/sites/E-DocPreview'"},"dataSources":{"App Manager":{"tableName":"2e892110-ef11-418c-950a-db56ececf5d9"}}}},"apiTier":"Standard","isCustomApiConnection":false,"actions":["providers/PowerPlatform.Governance/Operations/Read","providers/PowerPlatform.Governance/Operations/Write"]}},"databaseReferences":{},"embeddedApp":{"siteId":"https://amspecllc.sharepoint.com/sites/E-DocPreview","listId":"2E892110-EF11-418C-950A-DB56ECECF5D9","listUrl":"https://amspecllc.sharepoint.com/sites/E-DocPreview/Lists/kcsAppManager/AllItems.aspx","type":"SharepointFormApp","screenWidth":500,"screenHeight":700},"almMode":"Environment","performanceOptimizationEnabled":true,"canConsumeAppPass":true,"executionRestrictions":{"isTeamsOnly":false,"dataLossPreventionEvaluationResult":{"status":"Compliant","lastEvaluationDate":"2021-06-11T04:09:27.9305015Z","violations":[],"violationsByPolicy":[],"violationErrorMessage":"The app uses the following connectors: shared_sharepointonline."}}},"appType":"ClassicCanvasApp","appComponents":[]}}