{"name":"74ee37a7-5621-4951-9690-6ecb094689d3","id":"/providers/Microsoft.Flow/flows/74ee37a7-5621-4951-9690-6ecb094689d3","type":"Microsoft.Flow/flows","properties":{"apiId":"/providers/Microsoft.PowerApps/apis/shared_logicflows","displayName":"Notificar ECFTO","definition":{"metadata":{"workflowEntityId":null,"processAdvisorMetadata":null,"flowclientsuspensionreason":"AllActionsFailingDetected","flowclientsuspensiontime":"2022-05-11T15:12:39.1377858Z","creator":{"id":"e6fa3311-d0c7-418c-85e4-e25522a6c1b2","type":"User","tenantId":"fddf0fb0-6be4-4e34-ace1-e795bc64c91f"},"provisioningMethod":"FromDefinition","failureAlertSubscription":true,"clientLastModifiedTime":"2022-05-11T15:12:39.1377858Z"},"$schema":"https://schema.management.azure.com/providers/Microsoft.Logic/schemas/2016-06-01/workflowdefinition.json#","contentVersion":"1.0.0.0","parameters":{"$connections":{"defaultValue":{},"type":"Object"},"$authentication":{"defaultValue":{},"type":"SecureObject"}},"triggers":{"Quando_um_item_é_criado_ou_modificado":{"recurrence":{"frequency":"Minute","interval":1},"splitOn":"@triggerOutputs()?['body/value']","metadata":{"operationMetadataId":"020f55b6-7030-44af-9b91-88f7ee29a0a8"},"type":"OpenApiConnection","inputs":{"host":{"apiId":"/providers/Microsoft.PowerApps/apis/shared_sharepointonline","connectionName":"shared_sharepointonline_1","operationId":"GetOnUpdatedItems"},"parameters":{"dataset":"https://amspecllc.sharepoint.com/sites/AgriBrasil/ECFTO","table":"3f1d3b1a-2aa7-4e83-a983-32bbf27c8201"},"authentication":"@parameters('$authentication')"}}},"actions":{"Obter_item":{"runAfter":{},"metadata":{"operationMetadataId":"28fd7c67-b2e4-49b1-8c1f-97cc9f093cc3"},"type":"OpenApiConnection","inputs":{"host":{"apiId":"/providers/Microsoft.PowerApps/apis/shared_sharepointonline","connectionName":"shared_sharepointonline_1","operationId":"GetItem"},"parameters":{"dataset":"https://amspecllc.sharepoint.com/sites/AgriBrasil/ECFTO","table":"3f1d3b1a-2aa7-4e83-a983-32bbf27c8201","id":"@triggerOutputs()?['body/ID']"},"authentication":"@parameters('$authentication')"}},"Condição":{"actions":{"Atualizar_item":{"runAfter":{"Enviar_um_email_(V2)":["Succeeded"]},"metadata":{"operationMetadataId":"8f869954-b7b4-4851-80ad-aad677c1e38e"},"type":"OpenApiConnection","inputs":{"host":{"apiId":"/providers/Microsoft.PowerApps/apis/shared_sharepointonline","connectionName":"shared_sharepointonline_1","operationId":"PatchItem"},"parameters":{"dataset":"https://amspecllc.sharepoint.com/sites/AgriBrasil/ECFTO","table":"3f1d3b1a-2aa7-4e83-a983-32bbf27c8201","id":"@outputs('Obter_item')?['body/ID']","item/N_x00b0_doUpdate":"@outputs('Obter_item')?['body/N_x00b0_doUpdate']","item/Data":"@outputs('Obter_item')?['body/Data']","item/Terminal":"@outputs('Obter_item')?['body/Terminal']","item/NotificarCliente/Value":"Notificado"},"authentication":"@parameters('$authentication')"}},"Enviar_um_email_(V2)":{"runAfter":{},"metadata":{"operationMetadataId":"c2564119-da15-4932-bd2f-1973a7699f53"},"type":"OpenApiConnection","inputs":{"host":{"apiId":"/providers/Microsoft.PowerApps/apis/shared_office365","connectionName":"shared_office365","operationId":"SendEmailV2"},"parameters":{"emailMessage/To":"@replace(replace(replace(replace(replace(string(union(split(outputs('Compor'),','),split(outputs('Compor'),','))),'\"[',''),']\"',''),'[',''),']',''),',',';')","emailMessage/Subject":"UPDATE @{outputs('Obter_item')?['body/N_x00b0_doUpdate']} | @{outputs('Obter_item')?['body/Navio_x003a_Navio/Value']} | Supervisão de Descarga | @{outputs('Obter_item')?['body/Terminal']}, @{outputs('Obter_item')?['body/Navio_x003a_Porto_x002d_Update/Value']} | AmSpec Order: @{outputs('Obter_item')?['body/Navio_x003a_AmSpec_x0020_OS/Value']}","emailMessage/Body":"<table id=\"i6kx\" width=\"100%\" height=\"120\" bgcolor=\"#ae1e1e\" align=\"center\" valign=\"middle\" style=\"box-sizing: border-box; height: 120px; margin: 0 auto 10px auto; padding: 5px 5px 5px 5px; width: 100%; background-color: #ae1e1e; text-align: center; vertical-align: middle;\">\n  <tbody id=\"i84l\" style=\"box-sizing: border-box;\">\n    <tr id=\"iyjl\" style=\"box-sizing: border-box;\">\n      <td id=\"inqi\" valign=\"middle\" style=\"box-sizing: border-box; font-size: 12px; font-weight: 300; vertical-align: middle; color: rgb(111, 119, 125); margin: 0; padding: 20px 0 0 0;\">\n        <img id=\"i1mi\" src=\"https://www.amspecgroup.com/wp-content/uploads/2020/03/AmSpec_logo_outline.png\" width=\"160\" style=\"box-sizing: border-box; color: black; width: 160px;\">\n        <table id=\"ih6ac\" width=\"100%\" height=\"10\" style=\"box-sizing: border-box; height: 10px; margin: 0 auto 10px auto; padding: 5px 5px 5px 5px; width: 100%;\">\n          <tbody id=\"i60j\" style=\"box-sizing: border-box;\">\n            <tr id=\"i43b\" style=\"box-sizing: border-box;\">\n              <td id=\"is0n3\" height=\"10\" valign=\"top\" style=\"box-sizing: border-box; font-size: 12px; font-weight: 300; vertical-align: top; color: rgb(111, 119, 125); margin: 0; padding: 0; height: 10px;\">\n              </td>\n            </tr>\n          </tbody>\n        </table>\n        <div id=\"iq7m\" style=\"box-sizing: border-box; padding: 10px 10px 10px 10px; font-size: 28px; font-weight: 700; color: white;\">UPDATE @{outputs('Obter_item')?['body/N_x00b0_doUpdate']} - OPERAÇÕES DE NAVIOS/DESCARGAS\n        </div>\n        <table id=\"impzy\" width=\"100%\" height=\"10\" style=\"box-sizing: border-box; height: 10px; margin: 0 auto 10px auto; padding: 5px 5px 5px 5px; width: 100%;\">\n          <tbody id=\"iesan\" style=\"box-sizing: border-box;\">\n            <tr id=\"i9uky\" style=\"box-sizing: border-box;\">\n              <td id=\"ioboj\" height=\"10\" valign=\"top\" style=\"box-sizing: border-box; font-size: 12px; font-weight: 300; vertical-align: top; color: rgb(111, 119, 125); margin: 0; padding: 0; height: 10px;\">\n              </td>\n            </tr>\n          </tbody>\n        </table>\n      </td>\n    </tr>\n  </tbody>\n</table>\n<table id=\"idxni\" width=\"100%\" height=\"20\" style=\"box-sizing: border-box; height: 20px; margin: 0 auto 10px auto; padding: 5px 5px 5px 5px; width: 100%;\">\n  <tbody id=\"ihout\" style=\"box-sizing: border-box;\">\n    <tr id=\"i1bew\" style=\"box-sizing: border-box;\">\n      <td id=\"if9m4\" height=\"20\" valign=\"top\" style=\"box-sizing: border-box; font-size: 12px; font-weight: 300; vertical-align: top; color: rgb(111, 119, 125); margin: 0; padding: 0; height: 20px;\">\n      </td>\n    </tr>\n  </tbody>\n</table>\n<div id=\"ih6lc\" style=\"box-sizing: border-box; padding: 10px 10px 10px 10px; text-align: center; font-weight: 700; font-size: 22px;\">MV @{outputs('Obter_item')?['body/Navio_x003a_Navio/Value']} - @{outputs('Obter_item')?['body/Navio_x003a_Porto_x002d_Update/Value']} - @{outputs('Obter_item')?['body/Navio_x003a_AmSpec_x0020_OS/Value']}\n</div>\n<table id=\"ios31\" width=\"100%\" height=\"20\" style=\"box-sizing: border-box; height: 20px; margin: 0 auto 10px auto; padding: 5px 5px 5px 5px; width: 100%;\">\n  <tbody id=\"iiobn\" style=\"box-sizing: border-box;\">\n    <tr id=\"isw6b\" style=\"box-sizing: border-box;\">\n      <td id=\"invgz\" height=\"20\" valign=\"top\" style=\"box-sizing: border-box; font-size: 12px; font-weight: 300; vertical-align: top; color: rgb(111, 119, 125); margin: 0; padding: 0; height: 20px;\">\n      </td>\n    </tr>\n  </tbody>\n</table>\n<table id=\"i1d0ol\" width=\"100%\" height=\"150\" style=\"box-sizing: border-box; height: 150px; margin: 0 auto 10px auto; padding: 5px 5px 5px 5px; width: 100%;\">\n  <tbody id=\"ibx27\" style=\"box-sizing: border-box;\">\n    <tr id=\"ilwxu\" style=\"box-sizing: border-box;\">\n      <td id=\"ihgy3x\" width=\"10%\" valign=\"top\" style=\"box-sizing: border-box; font-size: 12px; font-weight: 300; vertical-align: top; color: rgb(111, 119, 125); margin: 0; padding: 0; width: 10%;\">\n      </td>\n      <td id=\"iunn2f\" width=\"60%\" valign=\"top\" style=\"box-sizing: border-box; font-size: 12px; font-weight: 300; vertical-align: top; color: rgb(111, 119, 125); margin: 0; padding: 0; width: 60%;\">\n        <table id=\"iimu\" width=\"100%\" height=\"150\" style=\"box-sizing: border-box; height: 150px; margin: 0 auto 10px auto; padding: 5px 5px 5px 5px; width: 100%;\">\n          <tbody id=\"i8xee\" style=\"box-sizing: border-box;\">\n            <tr id=\"isk1\" style=\"box-sizing: border-box;\">\n              <td id=\"iwqph\" width=\"30%\" valign=\"top\" style=\"box-sizing: border-box; font-size: 12px; font-weight: 300; vertical-align: top; color: rgb(111, 119, 125); margin: 0; padding: 0; width: 30%;\">\n                <div id=\"ic8yz\" style=\"box-sizing: border-box; padding: 0 10px 0 10px; text-align: left; font-weight: 700; font-size: 18px; color: #000000;\">DATA:\n                </div>\n                <table id=\"itb63\" width=\"100%\" height=\"5\" style=\"box-sizing: border-box; height: 5px; margin: 0 auto 10px auto; padding: 5px 5px 5px 5px; width: 100%;\">\n                  <tbody id=\"icoac\" style=\"box-sizing: border-box;\">\n                    <tr id=\"in25h\" style=\"box-sizing: border-box;\">\n                      <td id=\"izt3x\" height=\"5\" valign=\"top\" style=\"box-sizing: border-box; font-size: 12px; font-weight: 300; vertical-align: top; color: rgb(111, 119, 125); margin: 0; padding: 0; height: 5px;\">\n                      </td>\n                    </tr>\n                  </tbody>\n                </table>\n                <div id=\"i8bpu\" style=\"box-sizing: border-box; padding: 0 10px 0 10px; text-align: left; font-weight: 700; font-size: 18px; color: #000000;\">PERÍODO:\n                </div>\n                <table width=\"100%\" height=\"5\" id=\"ifgihs\" style=\"box-sizing: border-box; height: 5px; margin: 0 auto 10px auto; padding: 5px 5px 5px 5px; width: 100%;\">\n                  <tbody id=\"i5o1al\" style=\"box-sizing: border-box;\">\n                    <tr id=\"iuhngh\" style=\"box-sizing: border-box;\">\n                      <td height=\"5\" valign=\"top\" id=\"idhnah\" style=\"box-sizing: border-box; font-size: 12px; font-weight: 300; vertical-align: top; color: rgb(111, 119, 125); margin: 0; padding: 0; height: 5px;\">\n                      </td>\n                    </tr>\n                  </tbody>\n                </table>\n                <div id=\"iznlfq\" style=\"box-sizing: border-box; padding: 0 10px 0 10px; text-align: left; font-weight: 700; font-size: 18px; color: #000000;\">CONDIÇÕES DO PRODUTO:\n                </div>\n                <table width=\"100%\" height=\"20\" id=\"ih50bk\" style=\"box-sizing: border-box; height: 20px; margin: 0 auto 10px auto; padding: 5px 5px 5px 5px; width: 100%;\">\n                  <tbody id=\"ifcrb9\" style=\"box-sizing: border-box;\">\n                    <tr id=\"ivjaac\" style=\"box-sizing: border-box;\">\n                      <td height=\"5\" valign=\"top\" id=\"idofbl\" style=\"box-sizing: border-box; font-size: 12px; font-weight: 300; vertical-align: top; color: rgb(111, 119, 125); margin: 0; padding: 0; height: 5px;\">\n                      </td>\n                    </tr>\n                  </tbody>\n                </table>\n                <div id=\"igekb\" style=\"box-sizing: border-box; padding: 0 10px 0 10px; text-align: left; font-weight: 700; font-size: 18px; color: #000000;\">TOTAL DESCARREGADO:\n                </div>\n                <table width=\"100%\" height=\"20\" id=\"ieda6s\" style=\"box-sizing: border-box; height: 20px; margin: 0 auto 10px auto; padding: 5px 5px 5px 5px; width: 100%;\">\n                  <tbody id=\"igm8pa\" style=\"box-sizing: border-box;\">\n                    <tr id=\"i5ye99\" style=\"box-sizing: border-box;\">\n                      <td height=\"5\" valign=\"top\" id=\"iynday\" style=\"box-sizing: border-box; font-size: 12px; font-weight: 300; vertical-align: top; color: rgb(111, 119, 125); margin: 0; padding: 0; height: 5px;\">\n                      </td>\n                    </tr>\n                  </tbody>\n                </table>\n                <div id=\"i8rdgf\" style=\"box-sizing: border-box; padding: 0 10px 0 10px; text-align: left; font-weight: 700; font-size: 18px; color: #000000;\">LOCAL DA OPERAÇÃO:\n                </div>\n                <table width=\"100%\" height=\"20\" id=\"iv0abz\" style=\"box-sizing: border-box; height: 20px; margin: 0 auto 10px auto; padding: 5px 5px 5px 5px; width: 100%;\">\n                  <tbody id=\"i4htq1\" style=\"box-sizing: border-box;\">\n                    <tr id=\"iqhozr\" style=\"box-sizing: border-box;\">\n                      <td height=\"5\" valign=\"top\" id=\"i5zvyg\" style=\"box-sizing: border-box; font-size: 12px; font-weight: 300; vertical-align: top; color: rgb(111, 119, 125); margin: 0; padding: 0; height: 5px;\">\n                      </td>\n                    </tr>\n                  </tbody>\n                </table>\n                <div id=\"ig5bp3\" style=\"box-sizing: border-box; padding: 0 10px 0 10px; text-align: left; font-weight: 700; font-size: 18px; color: #000000;\">INÍCIO DA OPERAÇÃO:\n                </div>\n                <table id=\"i6e26\" width=\"100%\" height=\"20\" style=\"box-sizing: border-box; height: 20px; margin: 0 auto 10px auto; padding: 5px 5px 5px 5px; width: 100%;\">\n                  <tbody id=\"id8jo\" style=\"box-sizing: border-box;\">\n                    <tr id=\"iswsl\" style=\"box-sizing: border-box;\">\n                      <td id=\"innlg\" height=\"5\" valign=\"top\" style=\"box-sizing: border-box; font-size: 12px; font-weight: 300; vertical-align: top; color: rgb(111, 119, 125); margin: 0; padding: 0; height: 5px;\">\n                      </td>\n                    </tr>\n                  </tbody>\n                </table>\n                <div id=\"ion7tb\" style=\"box-sizing: border-box; padding: 0 10px 0 10px; text-align: left; font-weight: 700; font-size: 18px; color: #000000;\">TÉRMINO DA OPERAÇÃO:\n                </div>\n              </td>\n              <td id=\"irqaf\" width=\"50%\" valign=\"top\" style=\"box-sizing: border-box; font-size: 12px; font-weight: 300; vertical-align: top; color: rgb(111, 119, 125); margin: 0; padding: 0; width: 50%;\">\n                <div id=\"i0evq\" style=\"box-sizing: border-box; padding: 0 10px 0 10px; font-size: 18px; color: #000000;\">@{formatDateTime(outputs('Obter_item')?['body/Data'],'dd/MM/yyyy')}\n                </div>\n                <table id=\"in7xj\" width=\"100%\" height=\"20\" style=\"box-sizing: border-box; height: 20px; margin: 0 auto 10px auto; padding: 5px 5px 5px 5px; width: 100%;\">\n                  <tbody id=\"iyhpu\" style=\"box-sizing: border-box;\">\n                    <tr id=\"iq3kq\" style=\"box-sizing: border-box;\">\n                      <td id=\"i25ox\" height=\"5\" valign=\"top\" style=\"box-sizing: border-box; font-size: 12px; font-weight: 300; vertical-align: top; color: rgb(111, 119, 125); margin: 0; padding: 0; height: 5px;\">\n                      </td>\n                    </tr>\n                  </tbody>\n                </table>\n                <div id=\"ipvyck\" style=\"box-sizing: border-box; padding: 0 10px 0 10px; font-size: 18px; color: #000000;\">Update @{outputs('Obter_item')?['body/Tipo_x0020_de_x0020_Update/Value']} @{outputs('Obter_item')?['body/Per_x00ed_odo/Value']}\n                  <br style=\"box-sizing: border-box;\">\n                </div>\n                <table width=\"100%\" height=\"20\" id=\"i77up3\" style=\"box-sizing: border-box; height: 20px; margin: 0 auto 10px auto; padding: 5px 5px 5px 5px; width: 100%;\">\n                  <tbody id=\"iqlojo\" style=\"box-sizing: border-box;\">\n                    <tr id=\"i5rdxv\" style=\"box-sizing: border-box;\">\n                      <td height=\"5\" valign=\"top\" id=\"iz2lu5\" style=\"box-sizing: border-box; font-size: 12px; font-weight: 300; vertical-align: top; color: rgb(111, 119, 125); margin: 0; padding: 0; height: 5px;\">\n                      </td>\n                    </tr>\n                  </tbody>\n                </table>\n                <div id=\"igxl7\" style=\"box-sizing: border-box; padding: 0 10px 0 10px; font-size: 18px; color: #000000;\">@{outputs('Obter_item')?['body/Condi_x00e7__x00f5_es_x0020_do_x/Value']}\n                </div>\n                <table width=\"100%\" height=\"20\" id=\"itqu3t\" style=\"box-sizing: border-box; height: 20px; margin: 0 auto 10px auto; padding: 5px 5px 5px 5px; width: 100%;\">\n                  <tbody id=\"ihkwj8\" style=\"box-sizing: border-box;\">\n                    <tr id=\"iqqzyw\" style=\"box-sizing: border-box;\">\n                      <td height=\"5\" valign=\"top\" id=\"iex59l\" style=\"box-sizing: border-box; font-size: 12px; font-weight: 300; vertical-align: top; color: rgb(111, 119, 125); margin: 0; padding: 0; height: 5px;\">\n                      </td>\n                    </tr>\n                  </tbody>\n                </table>\n                <div id=\"iloq1g\" style=\"box-sizing: border-box; padding: 0 10px 0 10px; font-size: 18px; color: #000000;\">@{if(empty(formatNumber(outputs('Obter_item')?['body/TotalDescarregado'], '#,###.000', 'pt-BR')),'0',if(equals(formatNumber(outputs('Obter_item')?['body/TotalDescarregado'], '#,###.000', 'pt-BR'),',000'),'0',formatNumber(outputs('Obter_item')?['body/TotalDescarregado'], '#,###.000', 'pt-BR')))}\n                </div>\n                <table width=\"100%\" height=\"20\" id=\"iniyli\" style=\"box-sizing: border-box; height: 20px; margin: 0 auto 10px auto; padding: 5px 5px 5px 5px; width: 100%;\">\n                  <tbody id=\"i9jptd\" style=\"box-sizing: border-box;\">\n                    <tr id=\"icho0z\" style=\"box-sizing: border-box;\">\n                      <td height=\"5\" valign=\"top\" id=\"ikn7qr\" style=\"box-sizing: border-box; font-size: 12px; font-weight: 300; vertical-align: top; color: rgb(111, 119, 125); margin: 0; padding: 0; height: 5px;\">\n                      </td>\n                    </tr>\n                  </tbody>\n                </table>\n                <div id=\"iwuuxs\" style=\"box-sizing: border-box; padding: 0 10px 0 10px; font-size: 18px; color: #000000;\">@{outputs('Obter_item')?['body/Terminal']}, @{outputs('Obter_item')?['body/Navio_x003a_Porto_x002d_Update/Value']}, BRASIL\n                </div>\n                <table width=\"100%\" height=\"20\" id=\"ia9v6j\" style=\"box-sizing: border-box; height: 20px; margin: 0 auto 10px auto; padding: 5px 5px 5px 5px; width: 100%;\">\n                  <tbody id=\"isruw4\" style=\"box-sizing: border-box;\">\n                    <tr id=\"i77off\" style=\"box-sizing: border-box;\">\n                      <td height=\"5\" valign=\"top\" id=\"iul15r\" style=\"box-sizing: border-box; font-size: 12px; font-weight: 300; vertical-align: top; color: rgb(111, 119, 125); margin: 0; padding: 0; height: 5px;\">\n                      </td>\n                    </tr>\n                  </tbody>\n                </table>\n                <div id=\"ij54zd\" style=\"box-sizing: border-box; padding: 0 10px 0 10px; font-size: 18px; color: #000000;\">@{if(empty(outputs('Obter_item')?['body/Navio_x003a_In_x00ed_cio_x0020_d/Value']),'---',convertTimeZone(outputs('Obter_item')?['body/Navio_x003a_In_x00ed_cio_x0020_d/Value'],'UTC','E. South America Standard Time', 'dd/MM/yyyy HH:mm'))}\n                </div>\n                <table id=\"isfy8\" width=\"100%\" height=\"20\" style=\"box-sizing: border-box; height: 20px; margin: 0 auto 10px auto; padding: 5px 5px 5px 5px; width: 100%;\">\n                  <tbody id=\"ih8bg\" style=\"box-sizing: border-box;\">\n                    <tr id=\"ip636\" style=\"box-sizing: border-box;\">\n                      <td id=\"i11bv\" height=\"5\" valign=\"top\" style=\"box-sizing: border-box; font-size: 12px; font-weight: 300; vertical-align: top; color: rgb(111, 119, 125); margin: 0; padding: 0; height: 5px;\">\n                      </td>\n                    </tr>\n                  </tbody>\n                </table>\n                <div id=\"ibill\" style=\"box-sizing: border-box; padding: 0 10px 0 10px; font-size: 18px; color: #000000;\">@{if(empty(outputs('Obter_item')?['body/Navio_x003a_T_x00e9_rmino_x0020_/Value']),'---',convertTimeZone(outputs('Obter_item')?['body/Navio_x003a_In_x00ed_cio_x0020_d/Value'],'UTC','E. South America Standard Time', 'dd/MM/yyyy HH:mm'))}\n                </div>\n              </td>\n            </tr>\n          </tbody>\n        </table>\n      </td>\n      <td id=\"iggyru\" width=\"10%\" valign=\"top\" style=\"box-sizing: border-box; font-size: 12px; font-weight: 300; vertical-align: top; color: rgb(111, 119, 125); margin: 0; padding: 0; width: 10%;\">\n      </td>\n    </tr>\n  </tbody>\n</table>\n<table id=\"imt34\" width=\"100%\" height=\"60\" style=\"box-sizing: border-box; height: 60px; margin: 0 auto 10px auto; padding: 5px 5px 5px 5px; width: 100%;\">\n  <tbody id=\"ilnmz\" style=\"box-sizing: border-box;\">\n    <tr id=\"iqvd6\" style=\"box-sizing: border-box;\">\n      <td id=\"i035k\" height=\"40\" valign=\"top\" style=\"box-sizing: border-box; font-size: 12px; font-weight: 300; vertical-align: top; color: rgb(111, 119, 125); margin: 0; padding: 0; height: 40px;\">\n      </td>\n    </tr>\n  </tbody>\n</table>\n<table id=\"iihl7i\" width=\"100%\" height=\"40\" style=\"box-sizing: border-box; height: 40px; margin: 0 auto 10px auto; padding: 5px 5px 5px 5px; width: 100%;\">\n  <tbody id=\"iyfc93\" style=\"box-sizing: border-box;\">\n    <tr id=\"iea0pa\" style=\"box-sizing: border-box;\">\n      <td id=\"i67nbh\" width=\"40%\" valign=\"top\" style=\"box-sizing: border-box; font-size: 12px; font-weight: 300; vertical-align: top; color: rgb(111, 119, 125); margin: 0; padding: 0; width: 40%;\">\n      </td>\n      <td id=\"iu7sdu\" width=\"10%\" valign=\"middle\" align=\"center\" bgcolor=\"#9c3434\" style=\"box-sizing: border-box; font-size: 12px; font-weight: 300; vertical-align: middle; color: #ffffff; margin: 0; padding: 0; width: 10%; text-align: center; background-color: #9c3434;\">\n        <a href=\"@{outputs('Obter_item')?['body/{Link}']}\" title=\"Plataforma ECFTO\" id=\"i6m9sx\" style=\"box-sizing: border-box; color: #ffffff;\">Acessar Plataforma ECFTO</a>\n      </td>\n      <td id=\"i2npw2\" width=\"40%\" valign=\"top\" style=\"box-sizing: border-box; font-size: 12px; font-weight: 300; vertical-align: top; color: rgb(111, 119, 125); margin: 0; padding: 0; width: 40%;\">\n      </td>\n    </tr>\n  </tbody>\n</table>\n<table width=\"100%\" height=\"60\" id=\"ir78uy\" style=\"box-sizing: border-box; height: 60px; margin: 0 auto 10px auto; padding: 5px 5px 5px 5px; width: 100%;\">\n  <tbody id=\"ilm0gl\" style=\"box-sizing: border-box;\">\n    <tr id=\"inocrl\" style=\"box-sizing: border-box;\">\n      <td height=\"40\" valign=\"top\" id=\"ip7no2\" style=\"box-sizing: border-box; font-size: 12px; font-weight: 300; vertical-align: top; color: rgb(111, 119, 125); margin: 0; padding: 0; height: 40px;\">\n      </td>\n    </tr>\n  </tbody>\n</table>\n<table id=\"inakk\" width=\"100%\" height=\"150\" style=\"box-sizing: border-box; height: 150px; margin: 0 auto 0 auto; padding: 0 5px 5px 5px; width: 100%;\">\n  <tbody id=\"ivw68\" style=\"box-sizing: border-box;\">\n    <tr id=\"i2bg8\" style=\"box-sizing: border-box;\">\n      <td id=\"iezak\" width=\"10%\" valign=\"top\" style=\"box-sizing: border-box; font-size: 12px; font-weight: 300; vertical-align: top; color: rgb(111, 119, 125); margin: 0; padding: 0; width: 10%;\">\n      </td>\n      <td id=\"ip0oi\" width=\"60%\" valign=\"top\" style=\"box-sizing: border-box; font-size: 12px; font-weight: 300; vertical-align: top; color: rgb(111, 119, 125); margin: 0; padding: 0; width: 60%;\">\n        <div id=\"ivs42\" style=\"box-sizing: border-box; padding: 10px; text-align: center;\">\n          <b id=\"izoa2\" style=\"box-sizing: border-box;\">\n          </b>\n          <p id=\"i3r8c\" style=\"box-sizing: border-box; text-align: justify;\">\n            <b id=\"ibfck\" style=\"box-sizing: border-box;\">\n              <span lang=\"EN-GB\" id=\"i8qnz\" style=\"box-sizing: border-box; font-size: 7.0pt;\"><span id=\"ispz5\" style=\"box-sizing: border-box; color: #cc0000;\">Am</span></span>\n            </b>\n            <b id=\"ir7zq\" style=\"box-sizing: border-box;\">\n              <span lang=\"EN-GB\" id=\"ihyxj\" style=\"box-sizing: border-box; font-size: 7.0pt;\"><span id=\"ibjue\" style=\"box-sizing: border-box; color: black;\">Spec DISCLAIMER</span></span>\n            </b>\n            <b id=\"ixuev\" style=\"box-sizing: border-box;\">\n              <span lang=\"EN-GB\" id=\"icg4v\" style=\"box-sizing: border-box; font-size: 7.0pt;\"><span id=\"itl5m\" style=\"box-sizing: border-box; color: black;\">: </span></span>\n            </b>\n            <span lang=\"EN-GB\" id=\"it5lc\" style=\"box-sizing: border-box; font-size: 7.0pt;\"><span id=\"ibi3w\" style=\"box-sizing: border-box; color: black;\">This e-mail message, including any attachments, is for the sole use of the addressee(s) to whom it has been sent, and may contain information that is confidential or legally protected. If you are not the intended recipient or have received this message in error, you are not authorized to copy, distribute, or otherwise use this message or its attachments. Please notify the sender immediately by return e-mail and permanently delete this message and any attachments. </span></span>\n            <b id=\"iqsdt\" style=\"box-sizing: border-box;\">\n              <span lang=\"EN-GB\" id=\"iqr3z\" style=\"box-sizing: border-box; font-size: 7.0pt;\"><span id=\"i4aua\" style=\"box-sizing: border-box; color: red;\">Am</span></span>\n            </b>\n            <b id=\"i9a2b8\" style=\"box-sizing: border-box;\">\n              <span lang=\"EN-GB\" id=\"ih6nx6\" style=\"box-sizing: border-box; font-size: 7.0pt;\"><span id=\"i79n3c\" style=\"box-sizing: border-box; color: black;\">Spec Group </span></span>\n            </b>\n            <span lang=\"EN-GB\" id=\"io8whz\" style=\"box-sizing: border-box; font-size: 7.0pt;\"><span id=\"iwd5s7\" style=\"box-sizing: border-box; color: black;\">makes no warranty that this e-mail is error or virus free. </span></span>​​​​​​​\n          </p>\n        </div>\n        <div id=\"icibi\" style=\"box-sizing: border-box; padding: 10px; text-align: center;\">\n          <p id=\"isyh7u\" style=\"box-sizing: border-box;\">\n            <span lang=\"EN-GB\" id=\"iotuxf\" style=\"box-sizing: border-box; font-size: 7.0pt;\"><span id=\"irwj6o\" style=\"box-sizing: border-box; color: black;\">All services are rendered in accordance with the General Terms and Conditions of AmSpec company available on website: <a data-cke-saved-href=\"http://www.amspecgroup.com/terms-conditions/\" href=\"http://www.amspecgroup.com/terms-conditions/\" id=\"iameu5\" style=\"box-sizing: border-box;\">http://www.amspecgroup.com/terms-conditions/</a></span></span>\n          </p>\n          <p id=\"ik9ich\" style=\"box-sizing: border-box;\">\n            <span lang=\"EN-GB\" id=\"i7n8jn\" style=\"box-sizing: border-box; font-size: 7.0pt;\"><span id=\"ixp5cg\" style=\"box-sizing: border-box; color: black;\">If you are not satisfied with our services, please contact us immediately at </span></span>\n            <span lang=\"FR-CH\" id=\"iqzexk\" style=\"box-sizing: border-box; color: black;\"><a data-cke-saved-href=\"mailto:compliance@amspecllc.com\" href=\"mailto:compliance@amspecllc.com\" id=\"i1vzqr\" style=\"box-sizing: border-box;\"><span lang=\"EN-GB\" id=\"irz97x\" style=\"box-sizing: border-box; font-size: 7.0pt;\">compliance@amspecgroup.com</span></a></span>\n          </p>\n        </div>\n      </td>\n      <td id=\"in2kv\" width=\"10%\" valign=\"top\" style=\"box-sizing: border-box; font-size: 12px; font-weight: 300; vertical-align: top; color: rgb(111, 119, 125); margin: 0; padding: 0; width: 10%;\">\n      </td>\n    </tr>\n  </tbody>\n</table>","emailMessage/From":"@variables('NoReply-Mailvar')","emailMessage/Importance":"Normal"},"authentication":"@parameters('$authentication')"}}},"runAfter":{"Inicializar_variável":["Succeeded"]},"expression":{"equals":["@outputs('Obter_item')?['body/NotificarCliente/Value']","Sim"]},"metadata":{"operationMetadataId":"14ccf1fd-9bf8-414c-9423-a94a88ca5e0d"},"type":"If"},"Inicializar_variável":{"runAfter":{"Compor":["Succeeded"]},"metadata":{"operationMetadataId":"566ca6ef-1798-4911-91d7-b32622177551"},"type":"InitializeVariable","inputs":{"variables":[{"name":"NoReply-Mailvar","type":"string","value":"AmSpec Brasil - Plataforma ECFTO <noreply.br@amspecgroup.net>"}]}},"Aplicar_a_cada":{"foreach":"@outputs('Obter_item')?['body/ContatosUpdates']","actions":{"Obter_item_2":{"runAfter":{},"metadata":{"operationMetadataId":"cc3b6cf1-e4ba-4228-baa4-4f8b59c03ace"},"type":"OpenApiConnection","inputs":{"host":{"apiId":"/providers/Microsoft.PowerApps/apis/shared_sharepointonline","connectionName":"shared_sharepointonline_1","operationId":"GetItem"},"parameters":{"dataset":"https://amspecllc.sharepoint.com/sites/AgriBrasil/ECFTO","table":"5175b9f1-3e8c-4cf3-be87-2305948fe3f6","id":"@items('Aplicar_a_cada')?['Id']"},"authentication":"@parameters('$authentication')"}},"Acrescentar_à_variável_de_matriz":{"runAfter":{"Obter_item_2":["Succeeded"]},"metadata":{"operationMetadataId":"f358f683-61ec-4260-a044-106a80629d3a"},"type":"AppendToArrayVariable","inputs":{"name":"varCTUpdates","value":"@replace(outputs('Obter_item_2')?['body/Endere_x00e7_osdeE_x002d_mails'],';',',')"}}},"runAfter":{"Inicializar_variável_2":["Succeeded"]},"metadata":{"operationMetadataId":"40e427a8-02eb-48e3-88bd-c0bab4e2666e"},"type":"Foreach"},"Inicializar_variável_2":{"runAfter":{"Obter_item":["Succeeded"]},"metadata":{"operationMetadataId":"5b05dcca-7371-414c-a155-c66e21d7dae0"},"type":"InitializeVariable","inputs":{"variables":[{"name":"varCTUpdates","type":"array"}]}},"Compor":{"runAfter":{"Aplicar_a_cada":["Succeeded"]},"metadata":{"operationMetadataId":"932dce76-228c-4a57-8fe5-542084c5bd42"},"type":"Compose","inputs":"@replace(replace(replace(replace(string(variables('varCTUpdates')),',','\"],[\"'),' ',''),'\"\"],[\"\"','\"],[\"'),'\"','')"}},"outputs":{}},"connectionReferences":{"shared_sharepointonline_1":{"connectionName":"shared-sharepointonl-caf5b57e-5da1-43b7-8bae-d0af-14baa912","source":"Embedded","id":"/providers/Microsoft.PowerApps/apis/shared_sharepointonline","tier":"NotSpecified"},"shared_office365":{"connectionName":"shared-office365-4a96a26a-cd91-4f0d-81cb-39a7-74d50b10","source":"Embedded","id":"/providers/Microsoft.PowerApps/apis/shared_office365","tier":"NotSpecified"}},"flowFailureAlertSubscribed":false,"isManaged":false}}