{"schemaVersion":"1.0","appDefinitionTemplate":{"id":"/providers/Microsoft.PowerApps/apps/","type":"Microsoft.PowerApps/apps","tags":{"primaryDeviceWidth":"640","primaryDeviceHeight":"1136","sienaVersion":"20211229T075907Z-3.21115.37.0","deviceCapabilities":"","supportsPortrait":"true","supportsLandscape":"true","primaryFormFactor":"Phone","publisherVersion":"3.21115.37","minimumRequiredApiVersion":"2.2.0","hasComponent":"false","hasUnlockedComponent":"false","isUnifiedRootApp":"false"},"properties":{"appVersion":"2021-12-29T07:59:07Z","lifeCycleId":"Published","createdByClientVersion":{"major":3,"minor":21115,"build":37,"revision":0,"majorRevision":0,"minorRevision":0},"minClientVersion":{"major":3,"minor":21115,"build":37,"revision":0,"majorRevision":0,"minorRevision":0},"backgroundColor":"rgba(184, 0, 0, 1)","backgroundImageUri":"/7146357580927585869/N0e44d28b-f29c-40c7-a645-a350734b824a-logoSmallFile","displayName":"COVID-19 Pass","description":"","commitMessage":"Several enhancements: Fix Vaccination Status. Improve Positive tested","appUris":{"documentUri":{"value":"/7146357580927585869/Nd397386d-3fd6-44cf-9699-afa85170612a-document.msapp"},"imageUris":[]},"createdTime":"0001-01-01T00:00:00Z","lastModifiedTime":"0001-01-01T00:00:00Z","sharedGroupsCount":0,"sharedUsersCount":0,"icons":{"smallIconUri":"/7146357580927585869/Ncc37bc53-4e82-44a2-8ccc-aaeab1e0ba0b-small.png","mediumIconUri":"/7146357580927585869/N7bf31cb5-ece2-452d-8031-6201dff2c2de-medium.png","largeIconUri":"/7146357580927585869/N9cc6827d-a5d5-4ef0-b1bf-6d5c27e475ec-large.png","wideIconUri":"/7146357580927585869/N100d8469-18f4-44a5-b8b1-913b2813456f-wide.png"},"connectionReferences":{"7a78bb5d-bddc-43bf-97f9-e6370d8254cb":{"id":"11a93981-676c-4606-a07f-edd11d7114a2","displayName":"SharePoint","iconUri":"https://connectoricons-prod.azureedge.net/releases/v1.0.1539/1.0.1539.2620/sharepointonline/icon.png","dataSources":["employee_COVID19_tests","employees","inf_countries","inf_locations","RLS_location"],"dependencies":[],"dependents":[],"parameterHints":{},"parameterHintsV2":{},"isOnPremiseConnection":false,"bypassConsent":false,"dataSets":{"https://amspecllc.sharepoint.com/sites/AmSpecDirectory":{"dataSources":{"employee_COVID19_tests":{"tableName":"268ea86c-5723-43b6-aafe-49fb885d5ad5"},"employees":{"tableName":"9e5d8603-273d-4a79-b02a-1a8e946557f3"},"inf_countries":{"tableName":"84f4dac2-fce9-46b2-8ee8-dced687947aa"},"inf_locations":{"tableName":"376d9929-69b4-4f6d-a72d-714236977a89"},"RLS_location":{"tableName":"7729d8c0-23d1-438e-9c7f-65358770012f"}}}},"apiTier":"Standard","isCustomApiConnection":false,"actions":["providers/PowerPlatform.Governance/Operations/Read"]},"71589fc3-2119-4415-a2b8-5755b6a1cb05":{"id":"11a93981-676c-4606-a07f-edd11d7114a2","displayName":"SharePoint","iconUri":"https://connectoricons-prod.azureedge.net/releases/v1.0.1539/1.0.1539.2620/sharepointonline/icon.png","dataSources":["employee_COVID19_Vaccination","inf_certificate_categories"],"dependencies":[],"dependents":[],"parameterHints":{},"parameterHintsV2":{},"isOnPremiseConnection":false,"bypassConsent":false,"dataSets":{"https://amspecllc.sharepoint.com/sites/AmSpecDirectory":{"dataSources":{"employee_COVID19_Vaccination":{"tableName":"13c5a12f-3924-41fe-8627-820caa1a5f7f"},"inf_certificate_categories":{"tableName":"9bdb80e7-c631-4549-8f8c-1b7afe22f17c"}}}},"apiTier":"Standard","isCustomApiConnection":false,"actions":["providers/PowerPlatform.Governance/Operations/Read"]}},"databaseReferences":{},"almMode":"Environment","performanceOptimizationEnabled":true,"canConsumeAppPass":true,"executionRestrictions":{"isTeamsOnly":false,"dataLossPreventionEvaluationResult":{"status":"Compliant","lastEvaluationDate":"2021-12-28T07:11:10.3277075Z","violations":[],"violationsByPolicy":[],"violationErrorMessage":"The app uses the following connectors: shared_sharepointonline."}}},"appType":"ClassicCanvasApp","appComponents":[]}}