{"name":"68d89f97-48cb-4607-b0c9-744da6eb3f18","id":"/providers/Microsoft.Flow/flows/68d89f97-48cb-4607-b0c9-744da6eb3f18","type":"Microsoft.Flow/flows","properties":{"apiId":"/providers/Microsoft.PowerApps/apis/shared_logicflows","displayName":"Convert a file to PDF using OneDrive for Business","definition":{"metadata":{"workflowEntityId":null,"creator":{"id":"4c54f5d7-c197-4593-a231-e433a6fadaad","type":"User","tenantId":"fddf0fb0-6be4-4e34-ace1-e795bc64c91f"},"provisioningMethod":"FromDefinition","failureAlertSubscription":true,"clientLastModifiedTime":"2020-07-08T18:51:47.2160039Z","processAdvisorMetadata":null,"flowclientsuspensionreason":"None","flowclientsuspensiontime":null},"$schema":"https://schema.management.azure.com/providers/Microsoft.Logic/schemas/2016-06-01/workflowdefinition.json#","contentVersion":"1.0.0.0","parameters":{"$connections":{"defaultValue":{},"type":"Object"},"$authentication":{"defaultValue":{},"type":"SecureObject"}},"triggers":{"When_a_file_is_created":{"recurrence":{"frequency":"Minute","interval":5},"metadata":{"flowSystemMetadata":{"swaggerOperationId":"OnNewFile"},"b!ifmNLFWxxU6gyyACxC_oWnMrA24JGMhFp9gzJOe2RgZf4RDpYkf4TKOj3WtUzlBZ.01I2DGP7NFF7VRTOK5QJGLJZ3WVTQO7GH4":"/1. Jobs"},"type":"ApiConnection","inputs":{"host":{"connection":{"name":"@parameters('$connections')['shared_onedriveforbusiness']['connectionId']"},"api":{"runtimeUrl":"https://flow-apim-msmanaged-na-eastus-01.azure-apim.net/apim/onedriveforbusiness"}},"method":"get","path":"/datasets/default/triggers/onnewfile","queries":{"folderId":"b!ifmNLFWxxU6gyyACxC_oWnMrA24JGMhFp9gzJOe2RgZf4RDpYkf4TKOj3WtUzlBZ.01I2DGP7NFF7VRTOK5QJGLJZ3WVTQO7GH4","inferContentType":true},"authentication":"@parameters('$authentication')"}}},"actions":{"Convert_file":{"runAfter":{},"metadata":{"flowSystemMetadata":{"swaggerOperationId":"ConvertFile"}},"type":"ApiConnection","inputs":{"host":{"connection":{"name":"@parameters('$connections')['shared_onedriveforbusiness']['connectionId']"},"api":{"runtimeUrl":"https://flow-apim-msmanaged-na-eastus-01.azure-apim.net/apim/onedriveforbusiness"}},"method":"get","path":"/datasets/default/files/@{encodeURIComponent(encodeURIComponent(' ', triggerOutputs()['headers']['x-ms-file-id']))}/convert","queries":{"type":"PDF"},"authentication":"@parameters('$authentication')"}},"Create_file":{"runAfter":{"Convert_file":["Succeeded"]},"metadata":{"flowSystemMetadata":{"swaggerOperationId":"CreateFile"}},"type":"ApiConnection","inputs":{"host":{"connection":{"name":"@parameters('$connections')['shared_onedriveforbusiness']['connectionId']"},"api":{"runtimeUrl":"https://flow-apim-msmanaged-na-eastus-01.azure-apim.net/apim/onedriveforbusiness"}},"method":"post","body":"@body('Convert_file')","path":"/datasets/default/files","queries":{"folderPath":"/1. Jobs","name":"@base64ToString(outputs('Convert_file')['headers']['x-ms-file-name'])"},"authentication":"@parameters('$authentication')"},"runtimeConfiguration":{"contentTransfer":{"transferMode":"Chunked"}}}},"outputs":{},"description":"When a file is created in a OneDrive for Business folder, convert it to PDF and store it in another folder."},"connectionReferences":{"shared_onedriveforbusiness":{"connectionName":"shared-onedriveforbu-01e51a8d-09d8-4435-ac78-ddf5b0277686","source":"Embedded","id":"/providers/Microsoft.PowerApps/apis/shared_onedriveforbusiness","tier":"NotSpecified"}},"flowFailureAlertSubscribed":false,"isManaged":false}}