{"name":"728c4057-8ccf-4624-8c0e-ded22124fc51","id":"/providers/Microsoft.Flow/flows/728c4057-8ccf-4624-8c0e-ded22124fc51","type":"Microsoft.Flow/flows","properties":{"apiId":"/providers/Microsoft.PowerApps/apis/shared_logicflows","displayName":"Rss Feed New Flow","definition":{"metadata":{"workflowEntityId":null,"processAdvisorMetadata":null,"flowclientsuspensionreason":"None","flowclientsuspensiontime":null,"creator":{"id":"5559cccf-deaf-4ab0-856a-b5da5d1128a2","type":"User","tenantId":"fddf0fb0-6be4-4e34-ace1-e795bc64c91f"},"provisioningMethod":"FromDefinition","failureAlertSubscription":true,"clientLastModifiedTime":"2021-06-17T17:23:27.216421Z"},"$schema":"https://schema.management.azure.com/providers/Microsoft.Logic/schemas/2016-06-01/workflowdefinition.json#","contentVersion":"1.0.0.0","parameters":{"$connections":{"defaultValue":{},"type":"Object"},"$authentication":{"defaultValue":{},"type":"SecureObject"}},"triggers":{"Recurrence":{"recurrence":{"frequency":"Minute","interval":15,"startTime":"2021-06-15T04:30:00.000Z"},"type":"Recurrence"}},"actions":{"List_all_RSS_feed_items":{"runAfter":{},"type":"OpenApiConnection","inputs":{"host":{"apiId":"/providers/Microsoft.PowerApps/apis/shared_rss","connectionName":"shared_rss","operationId":"ListFeedItems"},"parameters":{"feedUrl":"https://www.amspecgroup.com/category/amspec-news/feed/","sinceProperty":"PublishDate"},"authentication":"@parameters('$authentication')"}},"Get_HTTP_request_to_SharePoint":{"runAfter":{"Initialise_variable_for_Primary_Link":["Succeeded"]},"type":"OpenApiConnection","inputs":{"host":{"apiId":"/providers/Microsoft.PowerApps/apis/shared_sharepointonline","connectionName":"shared_sharepointonline","operationId":"HttpRequest"},"parameters":{"dataset":"https://amspecllc.sharepoint.com/sites/EDocDev","parameters/method":"GET","parameters/uri":"_api/SP.Publishing.EmbedService/EmbedData?url=@{variables('PrimaryLinkencoded')}&version=1&bannerImageUrl=true","parameters/headers":{"accept":"application/json;odata.metadata=minimal"}},"authentication":"@parameters('$authentication')"}},"Initialise_variable_for_BannerImageUrl":{"runAfter":{"Get_HTTP_request_to_SharePoint":["Succeeded"]},"type":"InitializeVariable","inputs":{"variables":[{"name":"BannerImageUrl","type":"string","value":"@{body('Get_HTTP_request_to_SharePoint')?['body']?['d']?['ThumbnailUrl']}"}]}},"Initialise_variable_for_Primary_Link":{"runAfter":{"List_all_RSS_feed_items":["Succeeded"]},"type":"InitializeVariable","inputs":{"variables":[{"name":"PrimaryLinkencoded","type":"string","value":"@{concat('%27',encodeUriComponent(triggerOutputs()?['body/primaryLink']),'%27')}"}]}},"Apply_to_each":{"foreach":"@outputs('List_all_RSS_feed_items')?['body']","actions":{"Convert_Feed_Summary_Html_Content_to_text":{"runAfter":{},"type":"OpenApiConnection","inputs":{"host":{"apiId":"/providers/Microsoft.PowerApps/apis/shared_conversionservice","connectionName":"shared_conversionservice","operationId":"HtmlToText"},"parameters":{"Content":"<p>@{items('Apply_to_each')?['summary']}</p>"},"authentication":"@parameters('$authentication')"}},"Post_request_to_SharePoint":{"runAfter":{"Compose_Body_JSON":["Succeeded"]},"type":"OpenApiConnection","inputs":{"host":{"apiId":"/providers/Microsoft.PowerApps/apis/shared_sharepointonline","connectionName":"shared_sharepointonline","operationId":"HttpRequest"},"parameters":{"dataset":"https://amspecllc.sharepoint.com/sites/EDocDev","parameters/method":"POST","parameters/uri":"_api/sitepages/pages/reposts","parameters/headers":{"accept":"application/json","content-type":"application/json;odata=verbose;charset=utf-8"},"parameters/body":"@outputs('Compose_Body_JSON')"},"authentication":"@parameters('$authentication')"}},"Compose_Body_JSON":{"runAfter":{"Convert_Feed_Summary_Html_Content_to_text":["Succeeded"]},"type":"Compose","inputs":{"BannerImageUrl":"@variables('BannerImageUrl')","Description":"@outputs('Convert_Feed_Summary_Html_Content_to_text')?['body']","IsBannerImageUrlExternal":true,"OriginalSourceUrl":"@items('Apply_to_each')?['primaryLink']","ShouldSaveAsDraft":false,"Title":"@items('Apply_to_each')?['title']","__metadata":{"type":"SP.Publishing.RepostPage"}}}},"runAfter":{"Initialise_variable_for_BannerImageUrl":["Succeeded"]},"type":"Foreach"}}},"connectionReferences":{"shared_rss":{"connectionName":"shared-rss-507d3ac5-0863-4f6e-9200-dbe2-77b2fab0","source":"Embedded","id":"/providers/Microsoft.PowerApps/apis/shared_rss","tier":"NotSpecified"},"shared_sharepointonline":{"connectionName":"95f6f15913b4440ebd39c2d9222792ed","source":"Embedded","id":"/providers/Microsoft.PowerApps/apis/shared_sharepointonline","tier":"NotSpecified"},"shared_conversionservice":{"connectionName":"shared-conversionser-e06f631e-625c-47c1-a856-1bcb-26e12499","source":"Embedded","id":"/providers/Microsoft.PowerApps/apis/shared_conversionservice","tier":"NotSpecified"}},"flowFailureAlertSubscribed":false,"isManaged":false}}