{"name":"f9c67d43-1b8a-4131-b8b0-965f5e3f2161","id":"/providers/Microsoft.Flow/flows/f9c67d43-1b8a-4131-b8b0-965f5e3f2161","type":"Microsoft.Flow/flows","properties":{"apiId":"/providers/Microsoft.PowerApps/apis/shared_logicflows","displayName":"NSTOP - Reminder (Immediately Pre-Site Visit)","definition":{"metadata":{"workflowEntityId":null,"processAdvisorMetadata":null,"flowclientsuspensionreason":"None","flowclientsuspensiontime":null,"creator":{"id":"5e9c0eba-5ad6-40cb-832a-4d79b220ff37","type":"User","tenantId":"fddf0fb0-6be4-4e34-ace1-e795bc64c91f"},"provisioningMethod":"FromDefinition","failureAlertSubscription":true,"clientLastModifiedTime":"2021-12-29T18:25:23.4894252Z"},"$schema":"https://schema.management.azure.com/providers/Microsoft.Logic/schemas/2016-06-01/workflowdefinition.json#","contentVersion":"1.0.0.0","parameters":{"$connections":{"defaultValue":{},"type":"Object"},"$authentication":{"defaultValue":{},"type":"SecureObject"},"sharepoint.site":{"defaultValue":"","type":"String"},"sharepoint.list":{"defaultValue":"","type":"String"},"sharepoint.remindMeIn":{"defaultValue":1,"type":"Int"},"sharepoint.columnName":{"defaultValue":"","type":"String"},"sharepoint.listName":{"defaultValue":"","type":"String"},"sharepoint.emailSubject":{"defaultValue":"","type":"String"},"sharepoint.emailBodyTitle":{"defaultValue":"","type":"String"},"sharepoint.emailFlowLinkTitle":{"defaultValue":"","type":"String"}},"triggers":{"Recurrence":{"recurrence":{"frequency":"Day","interval":1,"timeZone":"Pacific Standard Time","schedule":{"hours":["15"]}},"metadata":{"operationMetadataId":"a3ff1a3c-5fd9-4f6e-9dd9-428416b9d0e3"},"type":"Recurrence"}},"actions":{"Scope_to_get_items_due_in_1_day":{"actions":{"Today_+_x_days":{"runAfter":{},"metadata":{"operationMetadataId":"a91d37f0-211a-4bc9-b4ad-88da40cea48c"},"type":"Compose","inputs":"@addDays(utcnow(), int(outputs('Days_to_remind_me_in')), 'yyyy-MM-dd')"},"x_Days_+_1":{"runAfter":{"Today_+_x_days":["Succeeded"]},"metadata":{"operationMetadataId":"0f735f78-c993-44a7-9577-da3ffe8d5302"},"type":"Compose","inputs":" @{addDays(outputs('Today_+_x_days'),1,'yyyy-MM-dd')}"},"Get_items":{"runAfter":{"Get_list_name_by_HTTP_request":["Succeeded"]},"metadata":{"flowSystemMetadata":{"swaggerOperationId":"GetItems"},"operationMetadataId":"eb7851a2-5b2e-49d1-ad9e-3d7fbac93a04"},"type":"ApiConnection","inputs":{"host":{"connection":{"name":"@parameters('$connections')['shared_sharepointonline']['connectionId']"},"api":{"runtimeUrl":"https://flow-apim-msmanaged-na-eastus2-01.azure-apim.net/apim/sharepointonline"}},"method":"get","path":"/datasets/@{encodeURIComponent(encodeURIComponent('https://amspecllc.sharepoint.com/sites/EPACompliance'))}/tables/@{encodeURIComponent(encodeURIComponent('fb9a0cd1-d9e9-4862-9e91-507d5d3207d5'))}/items","queries":{"$filter":"@concat(concat('Date_x0020_Scheduled',' ge ', '''',outputs('Today_+_x_days')),'''',' and ', concat('Date_x0020_Scheduled',' lt ','''', outputs('x_Days_+_1'),''''))"},"authentication":"@parameters('$authentication')"}},"Condition":{"actions":{},"runAfter":{"Get_items":["Succeeded"]},"else":{"actions":{"Send_me_a_reminder_email":{"runAfter":{"Apply_to_each":["Succeeded"]},"metadata":{"flowSystemMetadata":{"swaggerOperationId":"SendEmailNotification"},"operationMetadataId":"ca10122a-aa59-4d93-94a5-1e40e278f8e5"},"type":"ApiConnection","inputs":{"host":{"connection":{"name":"@parameters('$connections')['shared_flowpush']['connectionId']"},"api":{"runtimeUrl":"https://flow-apim-msmanaged-na-northcentralus-01.azure-apim.net/apim/flowpush"}},"method":"post","body":{"notificationSubject":"Reminder for 2021 NSTOP REQUESTS: @{outputs('Days_to_remind_me_in')} day(s) before Date Scheduled","notificationBody":"<!DOCTYPE html PUBLIC \"-//W3C//DTD XHTML 1.0 Transitional//EN\" \"http://www.w3.org/TR/xhtml1/DTD/xhtml1-transitional.dtd\">\n<html xmlns=\"http://www.w3.org/1999/xhtml\">\n\n<head>\n    <meta http-equiv=\"Content-Type\" content=\"text/html; charset=UTF-8\">\n    <meta name=\"viewport\" content=\"width=device-width, initial-scale=1\">\n    <style type=\"text/css\">\n        @font-face {\n            font-family: 'FabricMDL2Icons';\n            src: url('https://appsforoffice.microsoft.com/fabric/fonts/icons/FabricMDL2Icons.woff') format('woff'), url('https://appsforoffice.microsoft.com/fabric/fonts/icons/FabricMDL2Icons.ttf') format('truetype');\n            font-weight: normal;\n            font-style: normal;\n        }\n\n        @font-face {\n            font-family: \"Segoe UI\";\n            src: local(\"Segoe UI Light\"), url(\"https://appsforoffice.microsoft.com/fabric/fonts/SegoeUI-WestEuropean/SegoeUI-Light.woff2\") format(\"woff2\"), url(\"https://appsforoffice.microsoft.com/fabric/fonts/SegoeUI-WestEuropean/SegoeUI-Light.woff\") format(\"woff\"), url(\"https://appsforoffice.microsoft.com/fabric/fonts/SegoeUI-WestEuropean/SegoeUI-Light.ttf\") format(\"truetype\");\n            font-weight: 100;\n            font-style: normal;\n        }\n\n        @font-face {\n            font-family: \"Segoe UI\";\n            src: local(\"Segoe UI\"), url(\"https://appsforoffice.microsoft.com/fabric/fonts/SegoeUI-WestEuropean/SegoeUI-Regular.woff2\") format(\"woff2\"), url(\"https://appsforoffice.microsoft.com/fabric/fonts/SegoeUI-WestEuropean/SegoeUI-Regular.woff\") format(\"woff\"), url(\"https://appsforoffice.microsoft.com/fabric/fonts/SegoeUI-WestEuropean/SegoeUI-Regular.ttf\") format(\"truetype\");\n            font-weight: 400;\n            font-style: normal;\n        }\n\n        @font-face {\n            font-family: \"Segoe UI\";\n            src: local(\"Segoe UI Semibold\"), url(\"https://appsforoffice.microsoft.com/fabric/fonts/SegoeUI-WestEuropean/SegoeUI-Semibold.woff2\") format(\"woff2\"), url(\"https://appsforoffice.microsoft.com/fabric/fonts/SegoeUI-WestEuropean/SegoeUI-Semibold.woff\") format(\"woff\"), url(\"https://appsforoffice.microsoft.com/fabric/fonts/SegoeUI-WestEuropean/SegoeUI-Semibold.ttf\") format(\"truetype\");\n            font-weight: 600;\n            font-style: normal;\n        }\n\n        @font-face {\n            font-family: \"Segoe UI WestEuropean\";\n            src: local(\"Segoe UI Semilight\"), url(\"https://appsforoffice.microsoft.com/fabric/fonts/SegoeUI-WestEuropean/SegoeUI-Semilight.woff2\") format(\"woff2\"), url(\"https://appsforoffice.microsoft.com/fabric/fonts/SegoeUI-WestEuropean/SegoeUI-Semilight.woff\") format(\"woff\"), url(\"https://appsforoffice.microsoft.com/fabric/fonts/SegoeUI-WestEuropean/SegoeUI-Semilight.ttf\") format(\"truetype\");\n            font-weight: 200;\n            font-style: normal;\n        }\n\n        < !--[if gte mso 9]>body {\n            mso-line-height-rule: exactly;\n        }\n\n        table {\n            mso-table-lspace: 0pt;\n            mso-table-rspace: 0pt;\n        }\n\n        tr {\n            mso-line-height-rule: exactly;\n        }\n\n        td {\n            mso-line-height-rule: exactly;\n        }\n\n        < !--< ![endif]-->< !--[if gte mso 15]>body {\n            line-height: 0;\n            mso-line-height-rule: exactly;\n        }\n\n        table {\n            mso-table-lspace: 0pt;\n            mso-table-rspace: 0pt;\n        }\n\n        tr {\n            mso-line-height-alt: 0px;\n            mso-margin-top-alt: 0px;\n            mso-line-height-rule: exactly;\n        }\n\n        td {\n            mso-line-height-rule: exactly;\n        }\n\n        < !--< ![endif]-->\n    </style>\n\n    <style type=\"text/css\">\n        @media only screen and (max-width: 660px) {\n            /* Mobile only styles, using important to overpower the inlined styles */\n            .OuterTable,\n            .OuterContainer {\n                width: 100% !important;\n            }\n        }\n    </style>\n\n\n\n</head>\n\n<body style=\"-webkit-text-size-adjust: 100%; -ms-text-size-adjust: 100%; margin: 0; padding: 0; background-color: #f2f2f2\">\n    <!--[if mso]>\n\t<center>\n\t<table><tr><td width=\"640\">\n<![endif]-->\n\n    <div class=\"OuterContainer\" width=\"640\" style=\"padding: 0; margin: 0 auto; width: 640px; background-color: #f2f2f2;\">\n        <table class=\"OuterTable\" border=\"0\" cellpadding=\"0\" cellspacing=\"0\" style=\"border-collapse: collapse; font-family: 'Segoe UI', -apple-system, BlinkMacSystemFont, 'Roboto', 'Helvetica Neue', sans-serif; border: 0; width: 640px; padding: 0; margin: 0 auto;\">\n\n\n            <style type=\"text/css\">\n                @media only screen and (max-width: 660px) {\n                    .HeaderCell {\n                        background: #ffffff !important;\n                    }\n                }\n            </style>\n\n            <tr style=\"font-family: 'Segoe UI', -apple-system, BlinkMacSystemFont, 'Roboto', 'Helvetica Neue', sans-serif;\">\n                <td class=\"HeaderCell\" style=\"font-family: 'Segoe UI', -apple-system, BlinkMacSystemFont, 'Roboto', 'Helvetica Neue', sans-serif; padding: 15px 20px;\">\n                    <img width=\"90\" height=\"17\" src=\"https://odsp-ext.azurewebsites.net/mention-email/sharepoint-logo.png\">\n                </td>\n            </tr>\n\n\n            <style type=\"text/css\">\n                @media only screen and (max-width: 660px) {\n                    .GreetingParagraph {\n                        font-size: 21px !important;\n                        line-height: 28px !important;\n                    }\n                }\n            </style>\n\n            <tr style=\"font-family: 'Segoe UI', -apple-system, BlinkMacSystemFont, 'Roboto', 'Helvetica Neue', sans-serif;\">\n                <td class=\"ContentCell\" style=\"font-family: 'Segoe UI', -apple-system, BlinkMacSystemFont, 'Roboto', 'Helvetica Neue', sans-serif;\">\n                    <table class=\"ContentTable\" bgcolor=\"#FFFFFF\" align=\"center\" border=\"0\" cellpadding=\"0\" cellspacing=\"0\" width=\"100%\" style=\"border-collapse: collapse; font-family: 'Segoe UI', -apple-system, BlinkMacSystemFont, 'Roboto', 'Helvetica Neue', sans-serif; border: 1px solid #dedede; width: 100%; padding: 0;\">\n\n                        <!-- greeting row -->\n                        <tr style=\"font-family: 'Segoe UI', -apple-system, BlinkMacSystemFont, 'Roboto', 'Helvetica Neue', sans-serif;\">\n                            <td class=\"InnerHeaderCell\" style=\"font-family: 'Segoe UI', -apple-system, BlinkMacSystemFont, 'Roboto', 'Helvetica Neue', sans-serif; padding: 36px; text-align: center;\">\n                                <img class=\"GreetingImage\" width=\"34\" height=\"34\" src=\"https://odsp-ext.azurewebsites.net/email/templates/flow-remind-me/icon-reminder.png\">\n                                <p class=\"GreetingParagraph\" style=\"font-family: 'Segoe UI', -apple-system, BlinkMacSystemFont, 'Roboto', 'Helvetica Neue', sans-serif; padding: 0; margin: 20px auto 0 auto; color: #222222; font-size: 24px; font-weight: 600; line-height: 32px; max-width: 320px; text-align: center;\">@{body('Get_my_profile_(V2)')?['displayName']}, you asked to be reminded @{outputs('Days_to_remind_me_in')} day(s) before Date Scheduled for the following items:</p>\n                            </td>\n                        </tr>\n\n                        <!-- content row -->\n                        <tr style=\"font-family: 'Segoe UI', -apple-system, BlinkMacSystemFont, 'Roboto', 'Helvetica Neue', sans-serif;\">\n                            <td class=\"InnerContentCell\" style=\"font-family: 'Segoe UI', -apple-system, BlinkMacSystemFont, 'Roboto', 'Helvetica Neue', sans-serif; padding: 30px; background-color: #f8f8f8; border-top: 1px solid #dedede;\">\n                                 <table class=\"FileList\" style=\"border: 0; border-collapse: collapse; font-family: 'Segoe UI', -apple-system, BlinkMacSystemFont, 'Roboto', 'Helvetica Neue', sans-serif; background: #fff; border-spacing: 0; width: 100%;\">\n                                    @{variables('TableRows')}\n                                </table>\n                            </td>\n                        </tr>\n                    </table>\n                </td>\n            </tr>\n        </table>\n    </div>\n\n    <!--[if mso]>\n</td></tr></table>\n</center>\n<![endif]-->\n</body>\n\n</html>"},"path":"/sendEmailNotification","authentication":"@parameters('$authentication')"}},"Apply_to_each":{"foreach":"@body('Get_items')?['value']","actions":{"Append_to_string_variable":{"runAfter":{},"metadata":{"operationMetadataId":"d54bc8ce-d19c-4eaf-a2a6-ac8c54bc2657"},"type":"AppendToStringVariable","inputs":{"name":"TableRows","value":"<tr style=\"font-family: 'Segoe UI', -apple-system, BlinkMacSystemFont, 'Roboto', 'Helvetica Neue', sans-serif;\"><td class=\"FileList-iconCell FileList-iconCell--last\" style=\"font-family: 'Segoe UI', -apple-system, BlinkMacSystemFont, 'Roboto', 'Helvetica Neue', sans-serif; border-bottom: 2px solid #eaeaea; padding: 20px 12px 20px 32px; white-space: nowrap;\"><img src=\"https://odsp-ext.azurewebsites.net/email/components/FileList/icon-task.png\" width=\"22\" height=\"22\"></td><td class=\"FileList-linkCell FileList-linkCell--last\" style=\"font-family: 'Segoe UI', -apple-system, BlinkMacSystemFont, 'Roboto', 'Helvetica Neue', sans-serif; border-bottom: 2px solid #eaeaea; padding-bottom: 4px; width: 100%;\"><a href=\"@{items('Apply_to_each')?['{Link}']}\" style=\"padding: 0; margin: 0; color: #0078d7; font-size: 17px; text-decoration: none;\">@{items('Apply_to_each')?['{Name}']}</a></td></tr>"}}},"runAfter":{},"metadata":{"operationMetadataId":"c53128b9-f236-45d4-a9ac-dd262ad1b76a"},"type":"Foreach"}}},"expression":"@empty(body('Get_items')?['value'])","metadata":{"operationMetadataId":"9a8a3c6b-a793-4c9c-b339-59e87b924d90"},"type":"If"},"Get_list_name_by_HTTP_request":{"runAfter":{"x_Days_+_1":["Succeeded"]},"metadata":{"flowSystemMetadata":{"swaggerOperationId":"HttpRequest"},"operationMetadataId":"1f063606-5816-4304-a40d-60e52d2c2ddb"},"type":"ApiConnection","inputs":{"host":{"connection":{"name":"@parameters('$connections')['shared_sharepointonline']['connectionId']"},"api":{"runtimeUrl":"https://flow-apim-msmanaged-na-eastus2-01.azure-apim.net/apim/sharepointonline"}},"method":"post","body":{"method":"GET","uri":"_api/web/lists/getById('@{encodeURIComponent(encodeURIComponent('fb9a0cd1-d9e9-4862-9e91-507d5d3207d5'))}')?$select=Title","headers":{"Accept":"application/json;odata=nometadata"}},"path":"/datasets/@{encodeURIComponent(encodeURIComponent('https://amspecllc.sharepoint.com/sites/EPACompliance'))}/httprequest","authentication":"@parameters('$authentication')"}}},"runAfter":{"Get_my_profile_(V2)":["Succeeded"]},"metadata":{"operationMetadataId":"cdf0bd95-9632-42ee-a281-e42593ccc01f"},"type":"Scope"},"Couldn't_send_a_reminder":{"runAfter":{"Scope_to_get_items_due_in_1_day":["Failed","TimedOut"]},"metadata":{"flowSystemMetadata":{"swaggerOperationId":"SendEmailNotification"},"operationMetadataId":"5399ddc9-7fbd-4592-9090-f1aa504a28fb"},"type":"ApiConnection","inputs":{"host":{"connection":{"name":"@parameters('$connections')['shared_flowpush']['connectionId']"},"api":{"runtimeUrl":"https://flow-apim-msmanaged-na-northcentralus-01.azure-apim.net/apim/flowpush"}},"method":"post","body":{"notificationSubject":"Sending reminder: Something failed","notificationBody":"Sending reminder: Something failed"},"path":"/sendEmailNotification","authentication":"@parameters('$authentication')"}},"Days_to_remind_me_in":{"runAfter":{"Build_Table_Rows":["Succeeded"]},"metadata":{"operationMetadataId":"78bb1c04-d1eb-4387-88de-41f6618a1a84"},"type":"Compose","inputs":"@'2'"},"Get_my_profile_(V2)":{"runAfter":{"Days_to_remind_me_in":["Succeeded"]},"metadata":{"flowSystemMetadata":{"swaggerOperationId":"MyProfile_V2"},"operationMetadataId":"5ade5e7a-3f9e-47cf-ab64-8634e67965cb"},"type":"ApiConnection","inputs":{"host":{"connection":{"name":"@parameters('$connections')['shared_office365users']['connectionId']"},"api":{"runtimeUrl":"https://flow-apim-msmanaged-na-centralus-01.azure-apim.net/apim/office365users"}},"method":"get","path":"/codeless/v1.0/me","authentication":"@parameters('$authentication')"}},"Build_Table_Rows":{"runAfter":{},"metadata":{"operationMetadataId":"dd84c585-c621-4878-a129-8b0e3741d80a"},"type":"InitializeVariable","inputs":{"variables":[{"name":"TableRows","type":"String"}]}}},"outputs":{},"description":"Remind me a number of days in advance of the date in the column"},"connectionReferences":{"shared_sharepointonline":{"connectionName":"0a8ae6b62bf1480db8f6e8c982397584","source":"Embedded","id":"/providers/Microsoft.PowerApps/apis/shared_sharepointonline","tier":"NotSpecified"},"shared_flowpush":{"connectionName":"shared-flowpush-070fd1ac-440e-4d2a-8ce2-1ea0-c7433969","source":"Embedded","id":"/providers/Microsoft.PowerApps/apis/shared_flowpush","tier":"NotSpecified"},"shared_office365users":{"connectionName":"c054dc10782b46eba7b1ec05f0e60bba","source":"Embedded","id":"/providers/Microsoft.PowerApps/apis/shared_office365users","tier":"NotSpecified"}},"flowFailureAlertSubscribed":false,"isManaged":false}}