{"schemaVersion":"1.0","appDefinitionTemplate":{"id":"/providers/Microsoft.PowerApps/apps/","type":"Microsoft.PowerApps/apps","tags":{"sp-site-id":"https://amspecllc-my.sharepoint.com/personal/znagui_youssef_amspecgroup_com","sp-list-id":"cb596892-bcf1-43b2-9571-448579149533","https://amspecllc-my.sharepoint.com/personal/znagui_youssef_amspecgroup_com":"cb596892-bcf1-43b2-9571-448579149533","primaryDeviceWidth":"640","primaryDeviceHeight":"1136","sienaVersion":"20211231T123410Z-3.21115.37.0","deviceCapabilities":"","supportsPortrait":"true","supportsLandscape":"true","primaryFormFactor":"Phone","publisherVersion":"3.21115.37","minimumRequiredApiVersion":"2.2.0","hasComponent":"false","hasUnlockedComponent":"false","isUnifiedRootApp":"false"},"properties":{"appVersion":"2021-12-31T12:34:10Z","lifeCycleId":"Published","createdByClientVersion":{"major":3,"minor":21115,"build":37,"revision":0,"majorRevision":0,"minorRevision":0},"minClientVersion":{"major":3,"minor":21115,"build":37,"revision":0,"majorRevision":0,"minorRevision":0},"backgroundColor":"RGBA(0,176,240,1)","backgroundImageUri":"/458731447361535517/Nea746cc1-a2d0-42dd-951c-5f14eeda3215-logoSmallFile","displayName":"Stock example","description":"","commitMessage":"","appUris":{"documentUri":{"value":"/458731447361535517/Nb4c8e0f3-edc0-424e-93e6-b45058e595e3-document.msapp"},"imageUris":[]},"createdTime":"0001-01-01T00:00:00Z","lastModifiedTime":"0001-01-01T00:00:00Z","sharedGroupsCount":0,"sharedUsersCount":0,"icons":{"smallIconUri":"/458731447361535517/N5ee3865c-324a-4386-a116-7a1ed0905459-small.png","mediumIconUri":"/458731447361535517/N7d30a506-4bfb-4bdc-8c2d-e4a88284ea08-medium.png","largeIconUri":"/458731447361535517/N57f7acaf-9e20-499f-9e38-4633e907fa84-large.png","wideIconUri":"/458731447361535517/Nb91ee5b3-0bc7-4fb3-b55f-1856cd87bac5-wide.png"},"connectionReferences":{"20905b84-a197-4856-877d-61ef407faefe":{"id":"11a93981-676c-4606-a07f-edd11d7114a2","displayName":"SharePoint","iconUri":"https://connectoricons-prod.azureedge.net/releases/v1.0.1539/1.0.1539.2620/sharepointonline/icon.png","dataSources":["Stock inventory 2"],"dependencies":[],"dependents":[],"parameterHints":{},"parameterHintsV2":{},"isOnPremiseConnection":false,"dataSets":{"https://amspecllc-my.sharepoint.com/personal/znagui_youssef_amspecgroup_com":{"dataSources":{"Stock inventory 2":{"tableName":"cb596892-bcf1-43b2-9571-448579149533"}}}},"apiTier":"Standard","isCustomApiConnection":false,"actions":["providers/PowerPlatform.Governance/Operations/Read","providers/PowerPlatform.Governance/Operations/Write","providers/PowerPlatform.Governance/Operations/Delete"]}},"databaseReferences":{},"almMode":"Environment","performanceOptimizationEnabled":true,"canConsumeAppPass":true,"executionRestrictions":{"isTeamsOnly":false,"dataLossPreventionEvaluationResult":{"status":"Compliant","lastEvaluationDate":"2021-12-31T12:34:25.7341285Z","violations":[],"violationsByPolicy":[],"violationErrorMessage":"L’application utilise les connecteurs suivants : shared_sharepointonline."}}},"appType":"ClassicCanvasApp","appComponents":[]}}