{"schemaVersion":"1.0","appDefinitionTemplate":{"id":"/providers/Microsoft.PowerApps/apps/","type":"Microsoft.PowerApps/apps","tags":{"minimumRequiredApiVersion":"2.2.0","sienaVersion":"20201220T234040Z-3.20114.25.0","primaryDeviceWidth":"1366","primaryDeviceHeight":"768","deviceCapabilities":"","supportsPortrait":"false","supportsLandscape":"true","primaryFormFactor":"Tablet","publisherVersion":"3.20071.22","hasComponent":"false","hasUnlockedComponent":"false","isUnifiedRootApp":"false"},"properties":{"appVersion":"2020-12-20T23:40:40Z","lifeCycleId":"Published","createdByClientVersion":{"major":3,"minor":20071,"build":22,"revision":0,"majorRevision":0,"minorRevision":0},"minClientVersion":{"major":3,"minor":20071,"build":22,"revision":0,"majorRevision":0,"minorRevision":0},"backgroundColor":"rgba(0, 176, 240, 1)","backgroundImageUri":"/10758788434916145491/Nec124b5c-3907-4173-9056-4bb694b88a6d-N68e3b15b-f1d8-4517-bd78-f7ea6a674342-logoSmallFile","displayName":"Global Address Book","description":"This powerapp template allows organizations to take data from disparate sources and unify it to get richer insights into their customers.","commitMessage":"","appUris":{"documentUri":{"value":"/10758788434916145491/Nc77bb333-7ad0-464f-ab48-2c7d0a2b70ba-Nf7d127d2-66f8-407e-8d24-92dc0f0431b9-document.msapp"},"imageUris":[]},"createdTime":"0001-01-01T00:00:00Z","lastModifiedTime":"0001-01-01T00:00:00Z","sharedGroupsCount":0,"sharedUsersCount":0,"icons":{"smallIconUri":"/10758788434916145491/N5e3a3d3a-faaf-42f2-8348-16739af80dbc-N32b6cf18-bb8c-4829-a487-f8a881d0251a-small.png","mediumIconUri":"/10758788434916145491/N6b4193d4-28ce-4244-898f-969028426409-Ndf3c27ae-1056-4d4e-93f8-3edd17f39554-medium.png","largeIconUri":"/10758788434916145491/N7a784355-43bd-49cc-99b5-8026b184df53-N7ae0ca37-56ab-4adf-b8f5-7fa39c60254e-large.png","wideIconUri":"/10758788434916145491/N9e1cab85-3334-401b-b6f0-4f17642e0e4f-N3d174f2e-8bfb-49bd-90f9-421d780a3867-wide.png"},"connectionReferences":{"01b5690d-f2ab-4c2d-8801-31bb8a1d162d":{"id":"5c3e009c-b4ae-4852-8c9b-756acc2258d6","displayName":"Office 365-gebruikers","iconUri":"https://connectoricons-prod.azureedge.net/releases/v1.0.1411/1.0.1411.2206/office365users/icon.png","dataSources":["Microsoft365Users"],"dependencies":[],"dependents":[],"parameterHints":{},"isOnPremiseConnection":false,"bypassConsent":false,"dataSets":{},"apiTier":"Standard","isCustomApiConnection":false}},"databaseReferences":{},"almMode":"Environment","performanceOptimizationEnabled":true,"canConsumeAppPass":true,"executionRestrictions":{"isTeamsOnly":false,"dataLossPreventionEvaluationResult":{"status":"Compliant","lastEvaluationDate":"2020-12-20T23:40:50.2975383Z","violationDetails":[]}}},"isAppComponentLibrary":false,"appType":"ClassicCanvasApp","appComponents":[]}}