{"name":"37b80028-32d6-440c-b794-d786cba2b038","id":"/providers/Microsoft.Flow/flows/37b80028-32d6-440c-b794-d786cba2b038","type":"Microsoft.Flow/flows","properties":{"apiId":"/providers/Microsoft.PowerApps/apis/shared_logicflows","displayName":"Get a push notification when you receive an email from your boss","definition":{"metadata":{"workflowEntityId":null,"flowclientsuspensionreason":"None","flowclientsuspensiontime":null,"creator":{"id":"3176830e-43fc-4404-adee-cb53bf7be2f7","type":"User","tenantId":"fddf0fb0-6be4-4e34-ace1-e795bc64c91f"},"provisioningMethod":"FromDefinition","failureAlertSubscription":true,"clientLastModifiedTime":"2020-08-13T06:08:40.058618Z","processAdvisorMetadata":null},"$schema":"https://schema.management.azure.com/providers/Microsoft.Logic/schemas/2016-06-01/workflowdefinition.json#","contentVersion":"1.0.0.0","parameters":{"$connections":{"defaultValue":{},"type":"Object"},"$authentication":{"defaultValue":{},"type":"SecureObject"}},"triggers":{"On_new_email":{"recurrence":{"frequency":"Minute","interval":5},"splitOn":"@triggerOutputs()?['body/value']","type":"OpenApiConnection","inputs":{"host":{"apiId":"/providers/Microsoft.PowerApps/apis/shared_office365","connectionName":"shared_office365","operationId":"OnNewEmailV2"},"method":"get","path":"/v2/Mail/OnNewEmail","parameters":{"folderPath":"Inbox","importance":"Normal"},"authentication":"@parameters('$authentication')"}}},"actions":{"Get_my_profile":{"runAfter":{},"type":"OpenApiConnection","inputs":{"host":{"apiId":"/providers/Microsoft.PowerApps/apis/shared_office365users","connectionName":"shared_office365users","operationId":"MyProfile_V2"},"parameters":{},"authentication":"@parameters('$authentication')"}},"Get_manager":{"runAfter":{"Get_my_profile":["Succeeded"]},"type":"OpenApiConnection","inputs":{"host":{"apiId":"/providers/Microsoft.PowerApps/apis/shared_office365users","connectionName":"shared_office365users","operationId":"Manager_V2"},"parameters":{"id":"@outputs('Get_my_profile')?['body/userPrincipalName']"},"authentication":"@parameters('$authentication')"}},"Check_if_it_is_my_manager":{"actions":{"Send_a_push_notification":{"runAfter":{},"type":"OpenApiConnection","inputs":{"host":{"apiId":"/providers/Microsoft.PowerApps/apis/shared_flowpush","connectionName":"shared_flowpush","operationId":"SendNotification"},"parameters":{"NotificationDefinition/notificationText":"Boss said: @{triggerOutputs()?['body/Subject']}","NotificationDefinition/notificationLink/uri":"https://outlook.office365.com/","NotificationDefinition/notificationLink/label":"Go to Outlook Office 365"},"authentication":"@parameters('$authentication')"}}},"runAfter":{"Get_manager":["Succeeded","Failed","Skipped"]},"expression":{"equals":["@triggerOutputs()?['body/From']","@outputs('Get_manager')?['body/mail']"]},"type":"If"}},"outputs":{},"description":"Receive a push notification as soon as you receive an email from your boss. You will need an Office 365 email address and an installation of the Flow App for this template."},"connectionReferences":{"shared_flowpush":{"connectionName":"a06b14de-ad40-4eba-940f-59ee-6d29f7e3","source":"Embedded","id":"/providers/Microsoft.PowerApps/apis/shared_flowpush","tier":"NotSpecified"},"shared_office365users":{"connectionName":"97ec0518-e666-490a-9eb6-5f3d-091ed333","source":"Embedded","id":"/providers/Microsoft.PowerApps/apis/shared_office365users","tier":"NotSpecified"},"shared_office365":{"connectionName":"62cccd6f-59d8-4fc2-bdf9-8f32-22295961","source":"Embedded","id":"/providers/Microsoft.PowerApps/apis/shared_office365","tier":"NotSpecified"}},"flowFailureAlertSubscribed":false,"isManaged":false}}