{"schemaVersion":"1.0","appDefinitionTemplate":{"id":"/providers/Microsoft.PowerApps/apps/","type":"Microsoft.PowerApps/apps","tags":{"primaryDeviceWidth":"640","primaryDeviceHeight":"1136","sienaVersion":"20211221T051743Z-3.21115.37.0","deviceCapabilities":"","supportsPortrait":"true","supportsLandscape":"true","primaryFormFactor":"Phone","publisherVersion":"3.21115.37","minimumRequiredApiVersion":"2.2.0","hasComponent":"false","hasUnlockedComponent":"false","isUnifiedRootApp":"false"},"properties":{"appVersion":"2021-12-21T05:17:43Z","lifeCycleId":"Published","createdByClientVersion":{"major":3,"minor":21115,"build":37,"revision":0,"majorRevision":0,"minorRevision":0},"minClientVersion":{"major":3,"minor":21115,"build":37,"revision":0,"majorRevision":0,"minorRevision":0},"backgroundColor":"RGBA(0,176,240,1)","backgroundImageUri":"/13536450042805757190/N595d946c-d0e0-4463-be28-dced464d1e4f-logoSmallFile","displayName":"ARA Sickness Reporting","description":"","commitMessage":"removed Html tags by adding PlainText( to default values","appUris":{"documentUri":{"value":"/13536450042805757190/N47c2dff4-0144-4b84-8ce0-bffc8b2ed16a-document.msapp"},"imageUris":[]},"createdTime":"0001-01-01T00:00:00Z","lastModifiedTime":"0001-01-01T00:00:00Z","sharedGroupsCount":0,"sharedUsersCount":0,"icons":{"smallIconUri":"/13536450042805757190/N4f7b37b0-9b3b-4f1d-bb16-a08d34e8577c-small.png","mediumIconUri":"/13536450042805757190/Nb3866c10-b2f4-4b0f-bdc6-deb3b0eabc75-medium.png","largeIconUri":"/13536450042805757190/N80863624-9b88-47e9-b06a-f8ab949837c3-large.png","wideIconUri":"/13536450042805757190/N39988d12-7c0b-41dd-829f-67ea8cb6d762-wide.png"},"connectionReferences":{"fade1e21-22e8-4aa3-a69d-f033fba392a4":{"id":"11a93981-676c-4606-a07f-edd11d7114a2","displayName":"SharePoint","iconUri":"https://connectoricons-prod.azureedge.net/releases/v1.0.1533/1.0.1533.2600/sharepointonline/icon.png","dataSources":["Sickness Reporting"],"dependencies":[],"dependents":[],"parameterHints":{},"parameterHintsV2":{},"isOnPremiseConnection":false,"bypassConsent":false,"dataSets":{"https://amspecllc.sharepoint.com/sites/EuropeTeam":{"dataSources":{"Sickness Reporting":{"tableName":"15055aab-2b28-4b03-a14d-2dd4683571be"}}}},"apiTier":"Standard","isCustomApiConnection":false,"actions":["providers/PowerPlatform.Governance/Operations/Read","providers/PowerPlatform.Governance/Operations/Write"]}},"databaseReferences":{},"almMode":"Environment","performanceOptimizationEnabled":true,"canConsumeAppPass":true,"executionRestrictions":{"isTeamsOnly":false,"dataLossPreventionEvaluationResult":{"status":"Compliant","lastEvaluationDate":"2021-12-20T17:34:30.1915Z","violations":[],"violationsByPolicy":[],"violationErrorMessage":"The app uses the following connectors: shared_sharepointonline."}}},"appType":"ClassicCanvasApp","appComponents":[]}}