{"name":"587269e5-fca9-47dd-b814-1c74d1723c8d","id":"/providers/Microsoft.Flow/flows/587269e5-fca9-47dd-b814-1c74d1723c8d","type":"Microsoft.Flow/flows","properties":{"apiId":"/providers/Microsoft.PowerApps/apis/shared_logicflows","displayName":"Get a push notification with updates from the Flow blog","definition":{"metadata":{"workflowEntityId":null,"processAdvisorMetadata":null,"flowclientsuspensionreason":"None","flowclientsuspensiontime":null,"creator":{"id":"f2f89f77-0ae7-405f-8889-852ff34f21a7","type":"User","tenantId":"fddf0fb0-6be4-4e34-ace1-e795bc64c91f"},"provisioningMethod":"FromDefinition","failureAlertSubscription":true,"clientLastModifiedTime":"2021-06-13T19:05:34.887941Z"},"$schema":"https://schema.management.azure.com/providers/Microsoft.Logic/schemas/2016-06-01/workflowdefinition.json#","contentVersion":"1.0.0.0","parameters":{"$connections":{"defaultValue":{},"type":"Object"},"$authentication":{"defaultValue":{},"type":"SecureObject"}},"triggers":{"When_a_feed_item_is_published":{"recurrence":{"frequency":"Minute","interval":5},"splitOn":"@triggerBody()?.value","metadata":{"flowSystemMetadata":{"swaggerOperationId":"OnNewFeed"}},"type":"ApiConnection","inputs":{"host":{"api":{"runtimeUrl":"https://flow-apim-msmanaged-na-westus-01.azure-apim.net/apim/rss"},"connection":{"name":"@parameters('$connections')['shared_rss']['connectionId']"}},"method":"get","path":"/OnNewFeed","queries":{"feedUrl":"https://flow.microsoft.com/en-us/blog/feed/"},"authentication":"@parameters('$authentication')"}}},"actions":{"Send_a_push_notification":{"runAfter":{},"metadata":{"flowSystemMetadata":{"swaggerOperationId":"SendNotification"}},"type":"ApiConnection","inputs":{"host":{"api":{"runtimeUrl":"https://flow-apim-msmanaged-na-eastus-01.azure-apim.net/apim/flowpush"},"connection":{"name":"@parameters('$connections')['shared_flowpush']['connectionId']"}},"method":"post","path":"/sendNotification","body":{"notificationText":"Flow blog update - @{triggerBody()?['title']}","notificationLink":{"uri":"@{triggerBody()?['primaryLink']}","label":"Go to feed"}},"authentication":"@parameters('$authentication')"}}},"outputs":{}},"connectionReferences":{"shared_rss":{"connectionName":"shared-rss-868e57f2-0c15-4ad7-b939-760ec3733b6a","source":"Embedded","id":"/providers/Microsoft.PowerApps/apis/shared_rss","tier":"NotSpecified"},"shared_flowpush":{"connectionName":"shared-flowpush-c5f93196-d274-45ec-bd76-079994f9ddad","source":"Embedded","id":"/providers/Microsoft.PowerApps/apis/shared_flowpush","tier":"NotSpecified"}},"flowFailureAlertSubscribed":false,"isManaged":false}}