{"name":"bd8991e9-7a37-4595-a57c-6d837d10a58a","id":"/providers/Microsoft.Flow/flows/bd8991e9-7a37-4595-a57c-6d837d10a58a","type":"Microsoft.Flow/flows","properties":{"apiId":"/providers/Microsoft.PowerApps/apis/shared_logicflows","displayName":"Crear PDF","definition":{"metadata":{"workflowEntityId":null,"processAdvisorMetadata":null,"flowclientsuspensionreason":"AlwaysFailingDetected","flowclientsuspensiontime":"2022-04-21T16:51:37.4735362Z","creator":{"id":"810dc9e7-dc15-419a-af53-798dbb93e3aa","type":"User","tenantId":"fddf0fb0-6be4-4e34-ace1-e795bc64c91f"},"provisioningMethod":"FromDefinition","failureAlertSubscription":true,"clientLastModifiedTime":"2021-11-23T11:37:28.0308869Z"},"$schema":"https://schema.management.azure.com/providers/Microsoft.Logic/schemas/2016-06-01/workflowdefinition.json#","contentVersion":"1.0.0.0","parameters":{"$connections":{"defaultValue":{},"type":"Object"},"$authentication":{"defaultValue":{},"type":"SecureObject"}},"triggers":{"Cuando_se_modifica_un_elemento_o_un_archivo":{"recurrence":{"frequency":"Minute","interval":1},"splitOn":"@triggerOutputs()?['body/value']","metadata":{"operationMetadataId":"0ff60271-4d57-47ce-bde0-65e599d221b0"},"type":"OpenApiConnection","inputs":{"host":{"apiId":"/providers/Microsoft.PowerApps/apis/shared_sharepointonline","connectionName":"shared_sharepointonline","operationId":"GetOnChangedItems"},"parameters":{"dataset":"https://amspecllc.sharepoint.com/sites/GestindecalidadAmSpecISO9001","table":"04d15c09-1bb0-4c59-a6ea-e218a66fc7a6","folderPath":"/Lists"},"authentication":"@parameters('$authentication')"}}},"actions":{"Crear_archivo":{"runAfter":{},"metadata":{"operationMetadataId":"c4a1b55e-5903-4cca-9256-aa1494fdc38f"},"type":"OpenApiConnection","inputs":{"host":{"apiId":"/providers/Microsoft.PowerApps/apis/shared_sharepointonline","connectionName":"shared_sharepointonline","operationId":"CreateFile"},"parameters":{"dataset":"https://amspecllc.sharepoint.com/sites/GestindecalidadAmSpecISO9001","folderPath":"/Documentos compartidos","name":"@{triggerOutputs()?['body/ID']}@{triggerOutputs()?['body/Departamento']}","body":"@{triggerOutputs()?['body/Title']}@{triggerOutputs()?['body/Departamento']}@{triggerOutputs()?['body/Sedeaplicable']}@{triggerOutputs()?['body/Descripci_x00f3_n']}@{triggerOutputs()?['body/TipoNC']}@{triggerOutputs()?['body/Estudiodecausas']}@{triggerOutputs()?['body/Acci_x00f3_ninmediata']}@{triggerOutputs()?['body/Acci_x00f3_ncorrectiva']}@{triggerOutputs()?['body/Evaluaci_x00f3_neficaciaACosegui']}@{triggerOutputs()?['body/Fecha']}@{triggerOutputs()?['body/Fechacierre']}"},"authentication":"@parameters('$authentication')"},"runtimeConfiguration":{"contentTransfer":{"transferMode":"Chunked"}}}}},"connectionReferences":{"shared_sharepointonline":{"connectionName":"bf6ab3e45e7846dd9389b479ceb155d6","source":"Embedded","id":"/providers/Microsoft.PowerApps/apis/shared_sharepointonline","tier":"NotSpecified"}},"flowFailureAlertSubscribed":false,"isManaged":false}}