{"schemaVersion":"1.0","appDefinitionTemplate":{"id":"/providers/Microsoft.PowerApps/apps/","type":"Microsoft.PowerApps/apps","tags":{"primaryDeviceWidth":"640","primaryDeviceHeight":"1136","sienaVersion":"20181203T185704Z-3.18112.22.0","deviceCapabilities":"","supportsPortrait":"true","supportsLandscape":"false","primaryFormFactor":"Phone","publisherVersion":"3.18112.22","minimumRequiredApiVersion":"2.2.0"},"properties":{"appVersion":"2018-12-03T18:57:04Z","lifeCycleId":"Published","createdByClientVersion":{"major":3,"minor":18112,"build":22,"revision":0,"majorRevision":0,"minorRevision":0},"minClientVersion":{"major":3,"minor":18112,"build":22,"revision":0,"majorRevision":0,"minorRevision":0},"backgroundColor":"rgba(104, 101, 171, 1)","backgroundImageUri":"/8063875681528766872/N0c494523-6654-4f37-a4b5-91e645bd884a-logoSmallFile","displayName":"primjer prave","description":"","appUris":{"documentUri":{"value":"/8063875681528766872/N7cea506d-0ec6-4df2-a352-192b5c48ebfc-document.msapp"},"imageUris":[]},"createdTime":"0001-01-01T00:00:00Z","lastModifiedTime":"0001-01-01T00:00:00Z","sharedGroupsCount":0,"sharedUsersCount":0,"icons":{"smallIconUri":"/8063875681528766872/Ncaee41c5-3607-4046-9319-e825d5ae6cce-small.png","mediumIconUri":"/8063875681528766872/Ndd99f192-e853-43e8-bf91-8d0e70704efa-medium.png","largeIconUri":"/8063875681528766872/N9eabd4cb-3b1e-480c-a37d-e0684fdb557f-large.png","wideIconUri":"/8063875681528766872/N193c02c9-a93e-4dd9-9c99-fec4f0b7d8aa-wide.png"},"connectionReferences":{"78d903f5-6ed9-4eb7-af06-83fd58c66cfe":{"id":"56ff5316-ad67-4696-b9b6-cc4e05859209","displayName":"Excel","iconUri":"https://connectoricons-prod.azureedge.net/excel/icon_1.0.1018.1190.png","dataSources":["Tickets","TicketTypes","Filterby","CaseStatus","PriorityTypes","Attendants","AccountNameTypes"],"dependencies":["6bf9cede-3a51-43da-8b26-99625758b233"],"dependents":[],"parameterHints":{"6bf9cede-3a51-43da-8b26-99625758b233":{"value":"fileSource"}},"isOnPremiseConnection":false,"bypassConsent":false,"dataSets":{},"apiTier":"Standard","isCustomApiConnection":false},"6bf9cede-3a51-43da-8b26-99625758b233":{"id":"8121933e-9e81-4f24-88f2-5bcf2f1a8d76","displayName":"OneDrive","iconUri":"https://connectoricons-prod.azureedge.net/onedrive/icon_1.0.1046.1227.png","dataSources":[],"dependencies":[],"dependents":["78d903f5-6ed9-4eb7-af06-83fd58c66cfe"],"parameterHints":{},"isOnPremiseConnection":false,"bypassConsent":false,"dataSets":{},"apiTier":"Standard","isCustomApiConnection":false}},"databaseReferences":{},"almMode":"Environment","performanceOptimizationEnabled":true,"executionRestrictions":{"isTeamsOnly":false,"dataLossPreventionEvaluationResult":{"status":"Compliant","lastEvaluationDate":"2020-10-27T21:31:46.3692492Z","violationDetails":[]}}},"appType":"ClassicCanvasApp","appComponents":[]}}