{"schemaVersion":"1.0","appDefinitionTemplate":{"id":"/providers/Microsoft.PowerApps/apps/","type":"Microsoft.PowerApps/apps","tags":{"primaryDeviceWidth":"640","primaryDeviceHeight":"1136","sienaVersion":"20181216T170755Z-3.18114.25.0","deviceCapabilities":"","supportsPortrait":"true","supportsLandscape":"false","primaryFormFactor":"Phone","publisherVersion":"3.18114.25","minimumRequiredApiVersion":"2.2.0"},"properties":{"appVersion":"2018-12-16T17:07:55Z","lifeCycleId":"Published","createdByClientVersion":{"major":3,"minor":18114,"build":25,"revision":0,"majorRevision":0,"minorRevision":0},"minClientVersion":{"major":3,"minor":18114,"build":25,"revision":0,"majorRevision":0,"minorRevision":0},"backgroundColor":"rgba(165, 34, 55, 1)","backgroundImageUri":"/12101654448945075807/Nee667d0c-154c-491c-a77d-2d328cce2fce-logoSmallFile","displayName":"INTERPOLATOR","description":"","appUris":{"documentUri":{"value":"/12101654448945075807/Nf37a0f0d-7fe8-4908-950e-c4aae7eacf9a-document.msapp"},"imageUris":[]},"createdTime":"0001-01-01T00:00:00Z","lastModifiedTime":"0001-01-01T00:00:00Z","sharedGroupsCount":0,"sharedUsersCount":0,"icons":{"smallIconUri":"/12101654448945075807/N442cec7a-369c-4e29-9337-d9b40c89499a-small.png","mediumIconUri":"/12101654448945075807/Nc42825e5-4ee7-4424-b741-2804fbfa1f82-medium.png","largeIconUri":"/12101654448945075807/Nf9cb386f-96b6-410a-a425-651be5bab35b-large.png","wideIconUri":"/12101654448945075807/Nd621dbe4-e212-4595-877a-446016054ac9-wide.png"},"connectionReferences":{},"databaseReferences":{},"almMode":"Environment","performanceOptimizationEnabled":true,"executionRestrictions":{"isTeamsOnly":false,"dataLossPreventionEvaluationResult":{"status":"Compliant","lastEvaluationDate":"2020-10-27T21:31:46.0877608Z","violationDetails":[]}}},"appType":"ClassicCanvasApp","appComponents":[]}}