{"name":"0ef8f78d-b34d-481e-9d7b-499e5aee3eda","id":"/providers/Microsoft.Flow/flows/0ef8f78d-b34d-481e-9d7b-499e5aee3eda","type":"Microsoft.Flow/flows","properties":{"apiId":"/providers/Microsoft.PowerApps/apis/shared_logicflows","displayName":"EDdoc: Groups Management Backup - Create Groups Management Data Backup ","definition":{"metadata":{"workflowEntityId":null,"processAdvisorMetadata":null,"flowclientsuspensionreason":"None","flowclientsuspensiontime":null,"creator":{"id":"5559cccf-deaf-4ab0-856a-b5da5d1128a2","type":"User","tenantId":"fddf0fb0-6be4-4e34-ace1-e795bc64c91f"},"provisioningMethod":"FromDefinition","failureAlertSubscription":true,"clientLastModifiedTime":"2022-04-20T13:23:25.1950749Z"},"$schema":"https://schema.management.azure.com/providers/Microsoft.Logic/schemas/2016-06-01/workflowdefinition.json#","contentVersion":"1.0.0.0","parameters":{"$connections":{"defaultValue":{},"type":"Object"},"$authentication":{"defaultValue":{},"type":"SecureObject"}},"triggers":{"When_an_item_is_created":{"recurrence":{"frequency":"Minute","interval":1},"splitOn":"@triggerOutputs()?['body/value']","metadata":{"operationMetadataId":"adaeaa9d-9272-4c3f-b858-e791e89bbd72"},"type":"OpenApiConnection","inputs":{"host":{"apiId":"/providers/Microsoft.PowerApps/apis/shared_sharepointonline","connectionName":"shared_sharepointonline","operationId":"GetOnNewItems"},"parameters":{"dataset":"https://amspecllc.sharepoint.com/","table":"ad173804-fe48-4bf5-946f-7eda6dbe2c19"},"authentication":"@parameters('$authentication')"}}},"actions":{"Create_item_in_Groups_Management_Backup":{"runAfter":{},"metadata":{"operationMetadataId":"e2de70c5-e3cd-4c6d-bb26-f9ed4bfca1ba"},"type":"OpenApiConnection","inputs":{"host":{"apiId":"/providers/Microsoft.PowerApps/apis/shared_sharepointonline","connectionName":"shared_sharepointonline","operationId":"PostItem"},"parameters":{"dataset":"https://amspecllc.sharepoint.com/","table":"f40358b1-c92e-4edb-a10b-eac2bc5300b4","item/Title":"@triggerOutputs()?['body/Title']","item/kcsLoginNames":"@triggerOutputs()?['body/kcsLoginNames']","item/kcsGroupsText":"@triggerOutputs()?['body/kcsGroupsText']","item/kcsAddOrRemove/Value":"@triggerOutputs()?['body/kcsAddOrRemove/Value']","item/kcsPermissionTemplate":"@triggerOutputs()?['body/kcsPermissionTemplate/Id']","item/kcsStatus/Value":"@triggerOutputs()?['body/kcsStatus/Value']","item/kcsEmployeeIDs":"@triggerOutputs()?['body/kcsEmployeeIDs']","item/d2ry":"@triggerOutputs()?['body/d2ry']"},"authentication":"@parameters('$authentication')"}}}},"connectionReferences":{"shared_sharepointonline":{"connectionName":"95f6f15913b4440ebd39c2d9222792ed","source":"Embedded","id":"/providers/Microsoft.PowerApps/apis/shared_sharepointonline","tier":"NotSpecified"}},"flowFailureAlertSubscribed":false,"isManaged":false}}