{"name":"384f45d2-e647-429e-b870-5bd484461806","id":"/providers/Microsoft.Flow/flows/384f45d2-e647-429e-b870-5bd484461806","type":"Microsoft.Flow/flows","properties":{"apiId":"/providers/Microsoft.PowerApps/apis/shared_logicflows","displayName":"Use form processing model to extract data from documents in OneDrive","definition":{"metadata":{"workflowEntityId":null,"processAdvisorMetadata":null,"flowclientsuspensionreason":"None","flowclientsuspensiontime":null,"creator":{"id":"92b54cd9-a569-4d92-bca0-4f330d1ea600","type":"User","tenantId":"fddf0fb0-6be4-4e34-ace1-e795bc64c91f"},"provisioningMethod":"FromDefinition","failureAlertSubscription":true,"clientLastModifiedTime":"2021-11-23T16:47:01.8873438Z"},"$schema":"https://schema.management.azure.com/providers/Microsoft.Logic/schemas/2016-06-01/workflowdefinition.json#","contentVersion":"1.0.0.0","parameters":{"$connections":{"defaultValue":{},"type":"Object"},"$authentication":{"defaultValue":{},"type":"SecureObject"},"aibuilder.modelId":{"defaultValue":"","type":"String"},"aibuilder.data1":{"defaultValue":"","type":"String"},"aibuilder.data2":{"defaultValue":"","type":"String"},"aibuilder.data3":{"defaultValue":"","type":"String"}},"triggers":{"When_a_file_is_created":{"recurrence":{"frequency":"Minute","interval":5},"metadata":{"b!HIOAumG-fke7Stak8-rY3wYOIKbjN7hCqMVupFusDWfE64sTPex9R6kXYBAR64_S.01PLNLE76BJJ5BVWKVFVEJH7ETK6O7PE5C":"/Documents","b!ILI_f-OOAEGJOR8nbWQ-q8VyNTxtY6lJnyDwCAAJxE0u4f6eUerQTbhasYBSm8wk.01EVMX47655NOQNSW74NE34Y32I4TMDWLC":"/Data/CoA","operationMetadataId":"46b5b358-0945-4674-9cbe-835a6149addb"},"type":"OpenApiConnection","inputs":{"host":{"apiId":"/providers/Microsoft.PowerApps/apis/shared_onedriveforbusiness","connectionName":"shared_onedriveforbusiness","operationId":"OnNewFileV2"},"parameters":{"folderId":"b!ILI_f-OOAEGJOR8nbWQ-q8VyNTxtY6lJnyDwCAAJxE0u4f6eUerQTbhasYBSm8wk.01EVMX47655NOQNSW74NE34Y32I4TMDWLC","includeSubfolders":false,"inferContentType":true},"authentication":"@parameters('$authentication')"},"description":"Specify the OneDrive folder where you will be adding documents in the input below. Once the flow is saved, it will run every time you add files to the folder you have specified. "}},"actions":{"👋_Welcome!":{"runAfter":{},"metadata":{"operationMetadataId":"36b0e568-0769-47b2-b4ec-347efa7f1e0e"},"type":"Compose","inputs":"😀 Congratulation! You’ve successfully created a cloud flow with your AI Builder Form Processing model.\n\n1. First, make sure you specify the OneDrive folder you want to use on the trigger at the top of this flow. After configuring the trigger, you can see the flow in action. To test it:\n2. Click ‘Save’ on the top right of this page.\n3. Then click on ‘Test’ on the top right as well and choose Test flow ‘manually’.\n4. Add a file to the OneDrive folder you have a configured on the trigger.\nAfter a few seconds, the flow will start running and you will get an email with a few fields extracted by the model.\n\nAfter you have successfully tested this flow, you can then customize it for your business needs.\n\n🤷‍♂‍ Having issues running the flow? Let us know in the AI Builder forum where we’ll be happy to help: https://aka.ms/ForumAIBuilder"},"Extract_information_from_forms":{"runAfter":{"👋_Welcome!":["Succeeded"]},"metadata":{"flowSystemMetadata":{"portalOperationId":"aibuilderpredict_formsprocessing","portalOperationGroup":"aibuilder","portalOperationApiDisplayNameOverride":"AI Builder","portalOperationIconOverride":"https://psuxemea.azureedge.net/Content/Images/DesignerOperations/aiBuilder.png","portalOperationBrandColorOverride":"#742775","portalOperationApiTierOverride":"Standard"},"operationMetadataId":"33f29034-9844-4e42-993c-713efeda8bee"},"type":"OpenApiConnection","inputs":{"host":{"apiId":"/providers/Microsoft.PowerApps/apis/shared_commondataserviceforapps","connectionName":"shared_commondataserviceforapps","operationId":"aibuilderpredict_formsprocessing"},"parameters":{"recordId":"bdc97e2c-b119-479f-952f-382ae9aa9242","item/requestv2/mimeType":"@triggerOutputs()?['headers/Content-Type']","item/requestv2/base64Encoded":"@triggerOutputs()?['body']"},"authentication":"@parameters('$authentication')"},"description":"This action extracts the data from the document added to the OneDrive folder by using your AI Builder Form Processing model."},"Send_an_email_(V2)":{"runAfter":{"Extract_information_from_forms":["Succeeded"]},"metadata":{"operationMetadataId":"998e9fa3-29c5-4829-ad14-9dfddf972d44"},"type":"OpenApiConnection","inputs":{"host":{"apiId":"/providers/Microsoft.PowerApps/apis/shared_office365","connectionName":"shared_office365","operationId":"SendEmailV2"},"parameters":{"emailMessage/To":"Amr.Guenena@amspecgroup.com","emailMessage/Subject":"Document processed","emailMessage/Body":"<p><span style=\"font-size: 16px\">Congratulations ! Your Power Automate flow ran successfully. Here are some of the fields extracted from the attached document by AI Builder Form Processing:<br>\n<br>\n</span><span style=\"font-size: 16px\"><strong>ClientReference: </strong></span><span style=\"font-size: 16px\"><strong>@{outputs('Extract_information_from_forms')?['body/responsev2/predictionOutput/labels/ClientReference/value']}</strong></span><span style=\"font-size: 16px\"><strong> (Confidence score: </strong></span><span style=\"font-size: 16px\"><strong>@{outputs('Extract_information_from_forms')?['body/responsev2/predictionOutput/labels/ClientReference/confidence']}</strong></span><span style=\"font-size: 16px\"><strong>)<br>\n<br>\nVersion: </strong></span><span style=\"font-size: 16px\"><strong>@{outputs('Extract_information_from_forms')?['body/responsev2/predictionOutput/labels/Version/value']}</strong></span><span style=\"font-size: 16px\"><strong> (Confidence score: </strong></span><span style=\"font-size: 16px\"><strong>@{outputs('Extract_information_from_forms')?['body/responsev2/predictionOutput/labels/Version/confidence']}</strong></span><span style=\"font-size: 16px\"><strong>)<br>\n<br>\nDateTested: </strong></span><span style=\"font-size: 16px\"><strong>@{outputs('Extract_information_from_forms')?['body/responsev2/predictionOutput/labels/DateTested/value']}</strong></span><span style=\"font-size: 16px\"><strong> (Confidence score: </strong></span><span style=\"font-size: 16px\"><strong>@{outputs('Extract_information_from_forms')?['body/responsev2/predictionOutput/labels/DateTested/confidence']}</strong></span><span style=\"font-size: 16px\"><strong>)</strong></span><span style=\"font-size: 16px\"><br>\n<br>\n</span><br>\n<span style=\"font-size: 16px\"><strong>Where are the other fields?</strong></span><span style=\"font-size: 16px\"> In this sample flow we just added a few fields. But it’s easy to add more fields and tables from your model. Learn how to do it here: </span><a href=\"https://aka.ms/FlowFormProcessing\"><span style=\"font-size: 16px\">https://aka.ms/FlowFormProcessing</span></a><span style=\"font-size: 16px\"><br>\n<br>\n</span><span style=\"font-size: 16px\"><strong>What’s next?</strong></span><span style=\"font-size: 16px\"> Now that you have successfully built and run your flow, you can come back to it and customize it to meet your needs. You can change the trigger or any of the actions.<br>\n<br>\n</span><span style=\"font-size: 16px\"><strong>Need help?</strong></span><span style=\"font-size: 16px\"> Here are some useful links:<br>\n</span></p>\n<ul>\n  <li><span style=\"font-size: 16px\">Step by step tutorial on AI Builder Form Processing in Microsoft Learn: </span><a href=\"https://aka.ms/LearnFormProcessing\"><span style=\"font-size: 16px\">https://aka.ms/LearnFormProcessing</span></a><span style=\"font-size: 16px\">&nbsp;</span></li>\n  <li><span style=\"font-size: 16px\">Learn more about AI Builder Form Processing: </span><a href=\"https://aka.ms/DocumentationFormProcessing\"><span style=\"font-size: 16px\">https://aka.ms/DocumentationFormProcessing</span></a>&nbsp;</li>\n  <li><span style=\"font-size: 16px\">Post your questions or issues in the AI Builder forum and we’ll be happy to help: </span><a href=\"https://aka.ms/ForumAIBuilder\"><span style=\"font-size: 16px\">https://aka.ms/ForumAIBuilder</span></a>&nbsp;</li>\n</ul>\n<p><br></p>\n<p><span style=\"font-size: 16px\">Thank you for using Microsoft Power Platform</span></p>","emailMessage/Attachments":[{"Name":"@triggerOutputs()?['headers/x-ms-file-name-encoded']","ContentBytes":"@triggerOutputs()?['body']"}],"emailMessage/Importance":"Normal"},"authentication":"@parameters('$authentication')"},"description":"This action will send you an email with some of the fields that have been extracted, along with the associated confidence scores, by the AI Builder Form Processing model you have trained. You can customize it to add even more fields if you wish."},"Apply_to_each":{"foreach":"@outputs('Extract_information_from_forms')?['body/responsev2/predictionOutput/tables/SampleHeader/entries']","actions":{"Apply_to_each_2":{"foreach":"@outputs('Extract_information_from_forms')?['body/responsev2/predictionOutput/tables/TestResult/entries']","actions":{"Add_a_row_into_a_table":{"runAfter":{},"metadata":{"01EVMX47543HCCFZLAOJD2HJEHMNP2NQAH":"/Data/CoA/COA.xlsx","operationMetadataId":"ecbcb30b-eed4-45c3-bdc8-364b4d9113cf"},"type":"OpenApiConnection","inputs":{"host":{"apiId":"/providers/Microsoft.PowerApps/apis/shared_excelonlinebusiness","connectionName":"shared_excelonlinebusiness","operationId":"AddRowV2"},"parameters":{"source":"me","drive":"b!ILI_f-OOAEGJOR8nbWQ-q8VyNTxtY6lJnyDwCAAJxE0u4f6eUerQTbhasYBSm8wk","file":"01EVMX47543HCCFZLAOJD2HJEHMNP2NQAH","table":"{52DEF789-E657-4ABE-B31F-A9E6F2207DF4}","item/VesselObject":"@outputs('Extract_information_from_forms')?['body/responsev2/predictionOutput/labels/VslObject/value']","item/JobNumber":"@outputs('Extract_information_from_forms')?['body/responsev2/predictionOutput/labels/JobNumber/value']","item/Location":"@outputs('Extract_information_from_forms')?['body/responsev2/predictionOutput/labels/Location/value']","item/DateSampled":"@outputs('Extract_information_from_forms')?['body/responsev2/predictionOutput/labels/DateSampled/value']","item/JobType":"@outputs('Extract_information_from_forms')?['body/responsev2/predictionOutput/labels/JobType/value']","item/DateTested":"@outputs('Extract_information_from_forms')?['body/responsev2/predictionOutput/labels/DateTested/value']","item/ProductGrade":"@outputs('Extract_information_from_forms')?['body/responsev2/predictionOutput/labels/ProductGrade/value']","item/Version":"@outputs('Extract_information_from_forms')?['body/responsev2/predictionOutput/labels/Version/value']","item/ClientReference":"@outputs('Extract_information_from_forms')?['body/responsev2/predictionOutput/labels/ClientReference/value']","item/Sample":"@items('Apply_to_each')?['Sample/value']","item/SampleIdTypeDesc":"@items('Apply_to_each')?['SampleIdTypeDescription/value']","item/Method":"@items('Apply_to_each_2')?['Method/value']","item/Test":"@items('Apply_to_each_2')?['Test/value']","item/Min":"@items('Apply_to_each_2')?['Min/value']","item/Max":"@items('Apply_to_each_2')?['Max/value']","item/Result":"@items('Apply_to_each_2')?['Result/value']","item/Units":"@items('Apply_to_each_2')?['Units/value']"},"authentication":"@parameters('$authentication')"}}},"runAfter":{},"metadata":{"operationMetadataId":"2663c4f9-ccc4-4649-9f9a-cfe5b90859e9"},"type":"Foreach"}},"runAfter":{"Send_an_email_(V2)":["Succeeded"]},"metadata":{"operationMetadataId":"b7419687-4a5a-4e54-b0f4-ba9aef863ce0"},"type":"Foreach"}},"description":"This is a sample flow that illustrates how to use your newly trained AI Builder form processing in an automation. This flow can be customized to meet your needs."},"connectionReferences":{"shared_commondataserviceforapps":{"connectionName":"shared-commondataser-6d077359-c86d-4b68-953a-913a-897a6ccd","source":"Embedded","id":"/providers/Microsoft.PowerApps/apis/shared_commondataserviceforapps","tier":"NotSpecified"},"shared_office365":{"connectionName":"shared-office365-3d4ee488-32bb-4dae-92b4-872f-9867154d","source":"Embedded","id":"/providers/Microsoft.PowerApps/apis/shared_office365","tier":"NotSpecified"},"shared_onedriveforbusiness":{"connectionName":"shared-onedriveforbu-43a34982-175d-490c-96dd-1d65-c3a83008","source":"Embedded","id":"/providers/Microsoft.PowerApps/apis/shared_onedriveforbusiness","tier":"NotSpecified"},"shared_excelonlinebusiness":{"connectionName":"shared-excelonlinebu-7123bdf6-f2cd-4db6-b468-341a-e7d6add8","source":"Embedded","id":"/providers/Microsoft.PowerApps/apis/shared_excelonlinebusiness","tier":"NotSpecified"}},"flowFailureAlertSubscribed":false,"isManaged":false}}