{"schemaVersion":"1.0","appDefinitionTemplate":{"id":"/providers/Microsoft.PowerApps/apps/","type":"Microsoft.PowerApps/apps","tags":{"primaryDeviceWidth":"640","primaryDeviceHeight":"1136","supportsPortrait":"true","supportsLandscape":"true","primaryFormFactor":"Phone","publisherVersion":"3.22052.26","minimumRequiredApiVersion":"2.2.0","hasComponent":"true","hasUnlockedComponent":"true","isUnifiedRootApp":"false","sienaVersion":"20220524T165622Z-3.22052.26.0"},"properties":{"appVersion":"2022-05-24T16:56:22Z","lifeCycleId":"Published","createdByClientVersion":{"major":3,"minor":22052,"build":26,"revision":0,"majorRevision":0,"minorRevision":0},"minClientVersion":{"major":3,"minor":22052,"build":26,"revision":0,"majorRevision":0,"minorRevision":0},"backgroundColor":"rgba(164, 38, 44, 1)","backgroundImageUri":"/441583825770208473/N7d931689-e808-4989-841b-769d5a8d45d1-logoSmallFile","displayName":"AmSpec Apps - AZ Checklists","description":"","commitMessage":"","appUris":{"documentUri":{"value":"/441583825770208473/N8834ebc2-0c3c-4a57-8736-04d407380925-document.msapp"},"imageUris":[]},"createdTime":"0001-01-01T00:00:00Z","lastModifiedTime":"0001-01-01T00:00:00Z","sharedGroupsCount":0,"sharedUsersCount":0,"icons":{"smallIconUri":"/441583825770208473/N189711ef-44d1-4fd1-89c5-061a7b1d6218-small.png","mediumIconUri":"/441583825770208473/N4098c320-e02e-4802-98ec-86f6e8b342d8-medium.png","largeIconUri":"/441583825770208473/Ned104060-3626-488a-b0e1-75b4183746ee-large.png","wideIconUri":"/441583825770208473/Nedba21c6-96c1-494f-a83a-987db999c136-wide.png"},"connectionReferences":{"6e2fd049-f512-4d48-a3ab-d1e0b5e30ce1":{"id":"11a93981-676c-4606-a07f-edd11d7114a2","displayName":"SharePoint","iconUri":"https://connectoricons-prod.azureedge.net/releases/v1.0.1568/1.0.1568.2757/sharepointonline/icon.png","dataSources":["chklst-az","Documentos","tbl-ports","tbl-terminais","chklst-cells","chklst-occ"],"dependencies":[],"dependents":[],"parameterHints":{},"parameterHintsV2":{},"isOnPremiseConnection":false,"bypassConsent":false,"dataSets":{"https://amspecllc.sharepoint.com/sites/AgriBrasil/Mosaic":{"dataSources":{"chklst-az":{"tableName":"d29cf978-a6c0-49c4-8f84-7c77b8eee52c"},"Documentos":{"tableName":"014809c2-66bd-4be6-956d-a32c02de6a81"},"tbl-terminais":{"tableName":"1815ff1f-522f-4a61-b219-5843adfa5cb5"},"chklst-cells":{"tableName":"d1297a07-f874-4e64-a3bc-4dc78a39c03a"},"chklst-occ":{"tableName":"5fb24590-5af9-4cbb-8e60-03be985f4a1d"}}},"https://amspecllc.sharepoint.com/sites/AgriBrasil/Mosaic/":{"dataSources":{"tbl-ports":{"tableName":"bf8dad57-aa74-4dda-be5d-d12c5a2bfcf8"}}}},"apiTier":"Standard","isCustomApiConnection":false,"actions":["providers/PowerPlatform.Governance/Operations/Read"]}},"databaseReferences":{},"almMode":"Environment","performanceOptimizationEnabled":true,"canConsumeAppPass":true,"executionRestrictions":{"isTeamsOnly":false,"dataLossPreventionEvaluationResult":{"status":"Compliant","lastEvaluationDate":"2022-05-20T21:47:19.4186739Z","violations":[],"violationsByPolicy":[],"violationErrorMessage":"O aplicativo usa os seguintes conectores: ."}}},"appType":"ClassicCanvasApp","appComponents":[]}}