{"schemaVersion":"1.0","appDefinitionTemplate":{"id":"/providers/Microsoft.PowerApps/apps/","type":"Microsoft.PowerApps/apps","tags":{"primaryDeviceWidth":"1366","primaryDeviceHeight":"768","sienaVersion":"20210511T132221Z-3.21032.45.0","deviceCapabilities":"","supportsPortrait":"true","supportsLandscape":"true","primaryFormFactor":"Tablet","publisherVersion":"3.21032.45","minimumRequiredApiVersion":"2.2.0","hasComponent":"true","hasUnlockedComponent":"true","isUnifiedRootApp":"false"},"properties":{"appVersion":"2021-05-11T13:22:21Z","lifeCycleId":"Published","createdByClientVersion":{"major":3,"minor":21032,"build":45,"revision":0,"majorRevision":0,"minorRevision":0},"minClientVersion":{"major":3,"minor":21032,"build":45,"revision":0,"majorRevision":0,"minorRevision":0},"backgroundColor":"rgba(104, 101, 171, 1)","backgroundImageUri":"/10815053778370960655/N47404493-1ad4-4eef-9664-5638bcb3c38c-msft_employeeideas_955d7_BackgroundImageUri","displayName":"Ideas","description":"","commitMessage":"","appUris":{"documentUri":{"value":"/10815053778370960655/Nb1e157b0-058f-47c2-8b53-7523b0b1973e-msft_employeeideas_955d7_DocumentUri.msapp"},"imageUris":[]},"createdTime":"0001-01-01T00:00:00Z","lastModifiedTime":"0001-01-01T00:00:00Z","sharedGroupsCount":0,"sharedUsersCount":0,"icons":{"smallIconUri":"/10815053778370960655/Nedef4d9f-bf8c-4d6d-aa28-3c5fc4e30976-small.png","mediumIconUri":"/10815053778370960655/N73345641-5415-4228-8b0e-c721ed82bd29-medium.png","largeIconUri":"/10815053778370960655/N1eea0484-9bfd-459b-8a76-34b65de42030-large.png","wideIconUri":"/10815053778370960655/N260086d9-8e3c-470a-b240-6f56cbe18af9-wide.png"},"connectionReferences":{"101da89b-cfe1-4a96-9808-c3bcd58ae2b3":{"id":"010dfabf-9c37-4be4-b63d-b71c05acaf74","displayName":"Office 365 Users","iconUri":"https://connectoricons-prod.azureedge.net/releases/v1.0.1460/1.0.1460.2389/office365users/icon.png","dataSources":["Microsoft365Users"],"dependencies":[],"dependents":[],"parameterHints":{},"isOnPremiseConnection":false,"bypassConsent":false,"dataSets":{},"apiTier":"Standard","isCustomApiConnection":false,"actions":["UserPhotoV2"]},"6a0486d6-7efc-4ced-ad0b-7cf8ddc422e5":{"id":"59fb8218-2a9f-4114-a4cc-f0c589fc9573","displayName":"Microsoft Teams","iconUri":"https://connectoricons-prod.azureedge.net/releases/v1.0.1459/1.0.1459.2387/teams/icon.png","dataSources":["MicrosoftTeams"],"dependencies":[],"dependents":[],"parameterHints":{},"isOnPremiseConnection":false,"bypassConsent":false,"dataSets":{},"apiTier":"Standard","isCustomApiConnection":false,"actions":["PostMessageToChannelV3"]}},"authorizationReferences":[],"databaseReferences":{"default.cds":{"databaseDetails":{"referenceType":"Environmental","environmentName":"default.cds"},"dataSources":{"Employee Idea Campaigns":{"entitySetName":"msft_employeeidea_campaigns","logicalName":"msft_employeeidea_campaign"},"Employee Ideas":{"entitySetName":"msft_employeeideas","logicalName":"msft_employeeidea"},"Users":{"entitySetName":"systemusers","logicalName":"systemuser"},"Employee Idea Files":{"entitySetName":"msft_employeeidea_files","logicalName":"msft_employeeidea_file"},"Employee Idea Questions":{"entitySetName":"msft_employeeidea_questions","logicalName":"msft_employeeidea_question"},"Employee Idea Responses":{"entitySetName":"msft_employeeidea_responses","logicalName":"msft_employeeidea_response"},"Employee Idea Images":{"entitySetName":"msft_employeeidea_images","logicalName":"msft_employeeidea_image"},"Employee Idea Settings":{"entitySetName":"msft_employeeidea_settingses","logicalName":"msft_employeeidea_settings"},"Employee Ideas User Settings":{"entitySetName":"msft_employeeideasusersettings","logicalName":"msft_employeeideasusersetting"}}}},"almMode":"Solution","performanceOptimizationEnabled":true,"executionRestrictions":{"isTeamsOnly":false,"dataLossPreventionEvaluationResult":{"status":"Compliant","lastEvaluationDate":"2021-05-11T13:22:31.233224Z","violations":[],"violationsByPolicy":[],"violationErrorMessage":"The app uses the following connectors: shared_office365users, shared_teams, shared_commondataservice."}}},"isAppComponentLibrary":false,"appType":"ClassicCanvasApp","appComponents":[]}}