{"schemaVersion":"1.0","appDefinitionTemplate":{"id":"/providers/Microsoft.PowerApps/apps/","type":"Microsoft.PowerApps/apps","tags":{"sp-site-id":"https://amspecllc-my.sharepoint.com/personal/znagui_youssef_amspecgroup_com","sp-list-id":"5bbf4122-37e9-464e-be6d-23bb928eef56","https://amspecllc-my.sharepoint.com/personal/znagui_youssef_amspecgroup_com":"5bbf4122-37e9-464e-be6d-23bb928eef56","primaryDeviceWidth":"640","primaryDeviceHeight":"1136","sienaVersion":"20210720T144806Z-3.21064.25.0","deviceCapabilities":"","supportsPortrait":"true","supportsLandscape":"true","primaryFormFactor":"Phone","publisherVersion":"3.21064.25","minimumRequiredApiVersion":"2.2.0","hasComponent":"false","hasUnlockedComponent":"false","isUnifiedRootApp":"false"},"properties":{"appVersion":"2021-07-20T14:48:06Z","lifeCycleId":"Published","createdByClientVersion":{"major":3,"minor":21064,"build":25,"revision":0,"majorRevision":0,"minorRevision":0},"minClientVersion":{"major":3,"minor":21064,"build":25,"revision":0,"majorRevision":0,"minorRevision":0},"backgroundColor":"rgba(255, 255, 255, 1)","backgroundImageUri":"/13870546173989296897/Nc936d565-d43e-48e6-9676-0ca4986ad07d-logoSmallFile","displayName":"Application de suivi d'additivation","description":"","commitMessage":"","appUris":{"documentUri":{"value":"/13870546173989296897/N3c9eb2fd-4050-4103-82f0-e3fed0409e9b-document.msapp"},"imageUris":[]},"createdTime":"0001-01-01T00:00:00Z","lastModifiedTime":"0001-01-01T00:00:00Z","sharedGroupsCount":0,"sharedUsersCount":0,"icons":{"smallIconUri":"/13870546173989296897/N7fb2fd3e-9787-4463-a21b-0480884e67c7-small.png","mediumIconUri":"/13870546173989296897/N706f0c91-8abe-4223-90d5-52fd196763c8-medium.png","largeIconUri":"/13870546173989296897/Naebf4c8a-aac9-4fae-99a0-5dad1cf35de2-large.png","wideIconUri":"/13870546173989296897/N8519d834-202c-4059-89cd-0635669a42f6-wide.png"},"connectionReferences":{"5507a335-f7f3-44bb-9ec8-a67875449896":{"id":"11a93981-676c-4606-a07f-edd11d7114a2","displayName":"SharePoint","iconUri":"https://connectoricons-prod.azureedge.net/releases/v1.0.1487/1.0.1487.2472/sharepointonline/icon.png","dataSources":["Suivi des opérations d'additivation"],"dependencies":[],"dependents":[],"parameterHints":{},"parameterHintsV2":{},"isOnPremiseConnection":false,"bypassConsent":false,"dataSets":{"https://amspecllc-my.sharepoint.com/personal/znagui_youssef_amspecgroup_com":{"dataSources":{"Suivi des opérations d'additivation":{"tableName":"5bbf4122-37e9-464e-be6d-23bb928eef56"}}}},"apiTier":"Standard","isCustomApiConnection":false}},"databaseReferences":{},"almMode":"Environment","performanceOptimizationEnabled":true,"canConsumeAppPass":true,"executionRestrictions":{"isTeamsOnly":false,"dataLossPreventionEvaluationResult":{"status":"Compliant","lastEvaluationDate":"2021-07-20T14:03:14.50802Z","violations":[],"violationsByPolicy":[],"violationErrorMessage":"L’application utilise les connecteurs suivants : shared_sharepointonline."}}},"appType":"ClassicCanvasApp","appComponents":[]}}