{"schemaVersion":"1.0","appDefinitionTemplate":{"id":"/providers/Microsoft.PowerApps/apps/","type":"Microsoft.PowerApps/apps","tags":{"primaryDeviceWidth":"1366","primaryDeviceHeight":"768","sienaVersion":"20220519T183945Z-3.22051.27.0","deviceCapabilities":"","supportsPortrait":"false","supportsLandscape":"true","primaryFormFactor":"Tablet","publisherVersion":"3.22051.27","minimumRequiredApiVersion":"2.2.0","hasComponent":"false","hasUnlockedComponent":"false","isUnifiedRootApp":"false"},"properties":{"appVersion":"2022-05-19T18:39:45Z","lifeCycleId":"Published","createdByClientVersion":{"major":3,"minor":22051,"build":27,"revision":0,"majorRevision":0,"minorRevision":0},"minClientVersion":{"major":3,"minor":22051,"build":27,"revision":0,"majorRevision":0,"minorRevision":0},"backgroundColor":"rgba(184, 0, 0, 1)","backgroundImageUri":"/5142838813173579173/N179cd601-b417-4014-beba-9577c0392fe2-logoSmallFile","displayName":"AmSpec Global Properties RLS","description":"","commitMessage":"","appUris":{"documentUri":{"value":"/5142838813173579173/Nbd49df6a-2424-434a-bb3f-c4f6bd2e42e3-document.msapp"},"imageUris":[]},"createdTime":"0001-01-01T00:00:00Z","lastModifiedTime":"0001-01-01T00:00:00Z","sharedGroupsCount":0,"sharedUsersCount":0,"icons":{"smallIconUri":"/5142838813173579173/Nf9d01257-83ac-4794-b811-39b4fcb7e5b1-small.png","mediumIconUri":"/5142838813173579173/Na84abc0c-a828-4713-bcff-12d09224162e-medium.png","largeIconUri":"/5142838813173579173/N96986a92-73ce-4d02-9af6-289f70bfdb01-large.png","wideIconUri":"/5142838813173579173/N1ab760f5-b9f5-4e09-97cb-2998413399cd-wide.png"},"connectionReferences":{"f10648b4-0a19-4f40-b50a-7ca369189dbe":{"id":"11a93981-676c-4606-a07f-edd11d7114a2","displayName":"SharePoint","iconUri":"https://connectoricons-prod.azureedge.net/releases/v1.0.1568/1.0.1568.2757/sharepointonline/icon.png","dataSources":["AmSpecLocations","inf_countries","LeaseContracts","Business Licenses"],"dependencies":[],"dependents":[],"parameterHints":{},"parameterHintsV2":{},"isOnPremiseConnection":false,"bypassConsent":false,"dataSets":{"https://amspecllc.sharepoint.com/sites/AmSpecDirectory":{"dataSources":{"AmSpecLocations":{"tableName":"a804dddf-58aa-451a-b60a-323a4d0d7253"},"inf_countries":{"tableName":"84f4dac2-fce9-46b2-8ee8-dced687947aa"},"LeaseContracts":{"tableName":"c6fe10c5-cc53-4292-a257-bf3317f0b4cd"},"Business Licenses":{"tableName":"2038ab31-5daa-432d-afa7-d40b7f6bf62b"}}}},"apiTier":"Standard","isCustomApiConnection":false,"actions":["providers/PowerPlatform.Governance/Operations/Read"]},"b30856cf-76e7-4091-933a-44636592fd01":{"id":"11a93981-676c-4606-a07f-edd11d7114a2","displayName":"SharePoint","iconUri":"https://connectoricons-prod.azureedge.net/releases/v1.0.1568/1.0.1568.2757/sharepointonline/icon.png","dataSources":["RLS_Global","RLS_Georegion","RLS_country","RLS_location","inf_georegion"],"dependencies":[],"dependents":[],"parameterHints":{},"parameterHintsV2":{},"isOnPremiseConnection":false,"bypassConsent":false,"dataSets":{"https://amspecllc.sharepoint.com/sites/AmSpecDirectory":{"dataSources":{"RLS_Global":{"tableName":"dfc15711-aede-4780-aaa1-2220a709335d"},"RLS_Georegion":{"tableName":"1ed73b29-d25a-49be-bc93-d508511b8f27"},"RLS_country":{"tableName":"3f0c78c3-1f68-489d-bc26-4643387178bf"},"RLS_location":{"tableName":"7729d8c0-23d1-438e-9c7f-65358770012f"},"inf_georegion":{"tableName":"e2bc5f24-42f2-4040-a931-f01b9fbc5b36"}}}},"apiTier":"Standard","isCustomApiConnection":false,"actions":["providers/PowerPlatform.Governance/Operations/Read"]}},"databaseReferences":{},"almMode":"Environment","performanceOptimizationEnabled":true,"canConsumeAppPass":true,"executionRestrictions":{"isTeamsOnly":false,"dataLossPreventionEvaluationResult":{"status":"Compliant","lastEvaluationDate":"2022-04-14T05:31:25.6423179Z","violations":[],"violationsByPolicy":[],"violationErrorMessage":"The app uses the following connectors: shared_sharepointonline."}}},"appType":"ClassicCanvasApp","appComponents":[]}}