{"name":"9fb111cd-da8b-4c7a-94fa-ad05121655de","id":"/providers/Microsoft.Flow/flows/9fb111cd-da8b-4c7a-94fa-ad05121655de","type":"Microsoft.Flow/flows","properties":{"apiId":"/providers/Microsoft.PowerApps/apis/shared_logicflows","displayName":"Amaggi API EDOX","definition":{"metadata":{"workflowEntityId":null,"processAdvisorMetadata":null,"flowclientsuspensionreason":"BillingConsumption","flowclientsuspensiontime":"2022-04-16T08:41:40.6734754Z","creator":{"id":"e6fa3311-d0c7-418c-85e4-e25522a6c1b2","type":"User","tenantId":"fddf0fb0-6be4-4e34-ace1-e795bc64c91f"},"provisioningMethod":"FromDefinition","failureAlertSubscription":true,"clientLastModifiedTime":"2022-03-16T16:05:36.523398Z"},"$schema":"https://schema.management.azure.com/providers/Microsoft.Logic/schemas/2016-06-01/workflowdefinition.json#","contentVersion":"1.0.0.0","parameters":{"$connections":{"defaultValue":{},"type":"Object"},"$authentication":{"defaultValue":{},"type":"SecureObject"}},"triggers":{"Quando_um_item_é_criado":{"recurrence":{"frequency":"Minute","interval":1},"splitOn":"@triggerOutputs()?['body/value']","metadata":{"operationMetadataId":"9693528d-c0d1-4d69-8bb1-915d6687c41c"},"type":"OpenApiConnection","inputs":{"host":{"apiId":"/providers/Microsoft.PowerApps/apis/shared_sharepointonline","connectionName":"shared_sharepointonline","operationId":"GetOnNewItems"},"parameters":{"dataset":"https://amspecllc.sharepoint.com/sites/AgriBrasil","table":"3852bf95-0328-4fee-9e2a-f50cab0a08fe"},"authentication":"@parameters('$authentication')"}}},"actions":{"Condição":{"actions":{"Executar_um_fluxo_criado_com_o_Power_Automate_Desktop":{"runAfter":{},"metadata":{"operationMetadataId":"e562a57b-af93-4b8c-9acc-090b4f13d144"},"type":"OpenApiConnection","inputs":{"host":{"apiId":"/providers/Microsoft.PowerApps/apis/shared_uiflow","connectionName":"shared_uiflow","operationId":"RunUIFlow_V2"},"parameters":{"uiFlowId":"505bf52c-a7af-425a-ac8c-09ab2ab732ed","runMode":"attended","runPriority":"high","item/splitCert":"@triggerOutputs()?['body/Split']","item/ProdutoCert":"@triggerOutputs()?['body/Descri_x00e7__x00e3_o_x0020_do_x']","item/nroOpEdox":"@triggerOutputs()?['body/NroOpEdox']","item/SetExp":"@triggerOutputs()?['body/ExpEdoxSel']","x-ms-flow-trusted-access":true},"authentication":"@parameters('$authentication')"}},"HTTP":{"runAfter":{"Executar_um_fluxo_criado_com_o_Power_Automate_Desktop":["Succeeded"]},"metadata":{"operationMetadataId":"c647d0d2-c68d-4f8a-8d4a-eec09fa00d92"},"type":"Http","inputs":{"method":"POST","uri":"https://hook.integromat.com/tdpdqesrr6t57jju8tjtq16049viorxj","body":"@outputs('Executar_um_fluxo_criado_com_o_Power_Automate_Desktop')?['body']"}},"Atualizar_item":{"runAfter":{"HTTP":["Succeeded"]},"metadata":{"operationMetadataId":"869e3a8c-2d31-48ac-a45f-b92341b188d6"},"type":"OpenApiConnection","inputs":{"host":{"apiId":"/providers/Microsoft.PowerApps/apis/shared_sharepointonline","connectionName":"shared_sharepointonline","operationId":"PatchItem"},"parameters":{"dataset":"https://amspecllc.sharepoint.com/sites/AgriBrasil","table":"3852bf95-0328-4fee-9e2a-f50cab0a08fe","id":"@triggerOutputs()?['body/ID']","item/Title":"@{outputs('Executar_um_fluxo_criado_com_o_Power_Automate_Desktop')?['body/certNro']}@{outputs('Executar_um_fluxo_criado_com_o_Power_Automate_Desktop')?['body/certYear']}","item/T_x00ed_tulo_x0020_do_x0020_Cert":"@outputs('Executar_um_fluxo_criado_com_o_Power_Automate_Desktop')?['body/titleCert']","item/Split":"@triggerOutputs()?['body/Split']","item/Nro_x0020_do_x0020_Certificado":"@{outputs('Executar_um_fluxo_criado_com_o_Power_Automate_Desktop')?['body/certNro']}@{outputs('Executar_um_fluxo_criado_com_o_Power_Automate_Desktop')?['body/certYear']}","item/Local_x0020_da_x0020_Emiss_x00e3":"@outputs('Executar_um_fluxo_criado_com_o_Power_Automate_Desktop')?['body/placeOfIssue']","item/Navio_x0020__x002f__x0020_Bookin":"@outputs('Executar_um_fluxo_criado_com_o_Power_Automate_Desktop')?['body/Vessel']","item/Data_x0020_Mates_x0020_Receipt":"@outputs('Executar_um_fluxo_criado_com_o_Power_Automate_Desktop')?['body/matesReceiptDate']","item/Data_x0020_BL":"@outputs('Executar_um_fluxo_criado_com_o_Power_Automate_Desktop')?['body/blDate']","item/Peso":"@outputs('Executar_um_fluxo_criado_com_o_Power_Automate_Desktop')?['body/weightCert']","item/Descri_x00e7__x00e3_o_x0020_do_x":"@outputs('Executar_um_fluxo_criado_com_o_Power_Automate_Desktop')?['body/goodsDesc']","item/Porto_x0020_de_x0020_C_x0020_ou_":"@outputs('Executar_um_fluxo_criado_com_o_Power_Automate_Desktop')?['body/lordPort']","item/Porto_x0020_O_x0020_ou_x0020_D":"@outputs('Executar_um_fluxo_criado_com_o_Power_Automate_Desktop')?['body/oordPort']","item/Exportador":"@outputs('Executar_um_fluxo_criado_com_o_Power_Automate_Desktop')?['body/ShipperCert']","item/Endere_x00e7_o_x0020_de_x0020_No":"@outputs('Executar_um_fluxo_criado_com_o_Power_Automate_Desktop')?['body/NotifyCert']","item/Consignat_x00e1_rio":"@outputs('Executar_um_fluxo_criado_com_o_Power_Automate_Desktop')?['body/ConsigneeCert']","item/Resposta_x0020_API_x0020_Amaggi":"Certificado cadastrado com sucesso. Status: 200 ","item/Umidade":"@outputs('Executar_um_fluxo_criado_com_o_Power_Automate_Desktop')?['body/moistureCert']","item/MEI":"@outputs('Executar_um_fluxo_criado_com_o_Power_Automate_Desktop')?['body/FMattersCert']","item/Corpo_x0020_HTML_x0020_Cert":"<html>\n<body>\n@{outputs('Executar_um_fluxo_criado_com_o_Power_Automate_Desktop')?['body/CorpoHTMLCert']}\n</body>\n</html>","item/Conte_x00fa_do_x0020__x00d3_leo":"@outputs('Executar_um_fluxo_criado_com_o_Power_Automate_Desktop')?['body/OilCert']","item/Total_x0020_Avariados":"@outputs('Executar_um_fluxo_criado_com_o_Power_Automate_Desktop')?['body/TDamagedCert']","item/Ardidos_x0020_Queimados_x0020_T":"@outputs('Executar_um_fluxo_criado_com_o_Power_Automate_Desktop')?['body/HeatBurnedCert']","item/Queimados":"@outputs('Executar_um_fluxo_criado_com_o_Power_Automate_Desktop')?['body/BurnedCert']","item/Mofados":"@outputs('Executar_um_fluxo_criado_com_o_Power_Automate_Desktop')?['body/MouldyCert']","item/Quebrados":"@outputs('Executar_um_fluxo_criado_com_o_Power_Automate_Desktop')?['body/BrokenBeansCert']","item/Esverdeados":"@outputs('Executar_um_fluxo_criado_com_o_Power_Automate_Desktop')?['body/GreenishBeansCert']"},"authentication":"@parameters('$authentication')"}},"Enviar_Email_(V3)":{"runAfter":{"Atualizar_item":["Succeeded"]},"metadata":{"operationMetadataId":"01b85e9b-2ff9-4676-bf2f-f4dab5256f49"},"type":"OpenApiConnection","inputs":{"host":{"apiId":"/providers/Microsoft.PowerApps/apis/shared_smtp","connectionName":"shared_smtp","operationId":"SendEmailV3"},"parameters":{"emailMessage/To":"anderson.reis@amspecgroup.com","emailMessage/Subject":"API AmSpec | API Amaggi | @{outputs('Atualizar_item')?['body/Navio_x0020__x002f__x0020_Bookin']} e @{replace(outputs('Atualizar_item')?['body/Navio_x0020__x002f__x0020_Bookin'],'0x0D','item2')} ok | @{outputs('Atualizar_item')?['body/T_x00ed_tulo_x0020_do_x0020_Cert']} | @{outputs('Atualizar_item')?['body/Title']}","emailMessage/Body":"<p>Gerado Automaticamente via Sistemas AmSpec Brasil em @{formatDateTime(addHours(utcNow(),-3),'dd/MM/yyyy HH:mm')}<br>\nEmitido por: @{triggerOutputs()?['body/Editor/DisplayName']} (@{triggerOutputs()?['body/Author/Email']})<br>\nResposta Amaggi API: Certificado cadastrado com sucesso. Status: 200<br>\n<br>\nTITLE: @{outputs('Executar_um_fluxo_criado_com_o_Power_Automate_Desktop')?['body/titleCert']}<br>\nCERTIFICATE NO..: @{outputs('Executar_um_fluxo_criado_com_o_Power_Automate_Desktop')?['body/certNro']}@{outputs('Executar_um_fluxo_criado_com_o_Power_Automate_Desktop')?['body/certYear']}<br>\nPLACE OF ISSUE: @{outputs('Executar_um_fluxo_criado_com_o_Power_Automate_Desktop')?['body/placeOfIssue']}<br>\nDATE OF ISSUE: @{outputs('Executar_um_fluxo_criado_com_o_Power_Automate_Desktop')?['body/dateOfIssue']}<br>\nVESSEL: @{outputs('Executar_um_fluxo_criado_com_o_Power_Automate_Desktop')?['body/Vessel']}<br>\nMATE'S RECEIPT DATE: @{outputs('Executar_um_fluxo_criado_com_o_Power_Automate_Desktop')?['body/matesReceiptDate']}<br>\nB/L DATE: @{outputs('Executar_um_fluxo_criado_com_o_Power_Automate_Desktop')?['body/blDate']}<br>\nWEIGHT: @{outputs('Executar_um_fluxo_criado_com_o_Power_Automate_Desktop')?['body/weightCert']}<br>\nDESCRIPTION OF GOODS: @{outputs('Executar_um_fluxo_criado_com_o_Power_Automate_Desktop')?['body/goodsDesc']}<br>\nLOAD PORT: @{outputs('Executar_um_fluxo_criado_com_o_Power_Automate_Desktop')?['body/lordPort']}<br>\nDESTINATION: @{outputs('Executar_um_fluxo_criado_com_o_Power_Automate_Desktop')?['body/oordPort']}<br>\nSHIPPED BY: @{outputs('Executar_um_fluxo_criado_com_o_Power_Automate_Desktop')?['body/shippedBy']}<br>\nNOTIFY ADDRESS:<br>\nCONSIGNEE:<br>\nADDITIONAL 1<br>\nADDITIONAL 2<br>\nADDITIONAL 3<br>\nADDITIONAL 4<br>\nADDITIONAL 5<br>\nADDITIONAL 6<br>\nL/C NUMBER:<br>\nSTOWED INTO HOLDS NUMBER:<br>\nCOMMENTS:<br>\nDATE OF INSPECTION:<br>\nDATE OF INSPECTION II:<br>\nSIGNER:<br>\nSIGNATURE'S FOOT:<br>\n<br>\n<br>\n</p>\n@{outputs('Executar_um_fluxo_criado_com_o_Power_Automate_Desktop')?['body/CorpoHTMLCert']}"},"authentication":"@parameters('$authentication')"}}},"runAfter":{},"else":{"actions":{"Terminar":{"runAfter":{},"metadata":{"operationMetadataId":"ec906667-1c15-4043-bb7c-33eb70b6e2a3"},"type":"Terminate","inputs":{"runStatus":"Failed","runError":{"code":"400","message":"Parametros Inválidos"}}}}},"expression":{"equals":["@triggerOutputs()?['body/Descri_x00e7__x00e3_o_x0020_do_x']","SOYBEANS"]},"metadata":{"operationMetadataId":"f634466c-5ec8-40e3-adca-847e7dc91671"},"type":"If"}}},"connectionReferences":{"shared_uiflow":{"connectionName":"shared-uiflow-a466f388-e0d8-439f-81ef-99f6-3d244c77","source":"Embedded","id":"/providers/Microsoft.PowerApps/apis/shared_uiflow","tier":"NotSpecified"},"shared_sharepointonline":{"connectionName":"d0ed5079cc724550980fd6fb3df8dac4","source":"Embedded","id":"/providers/Microsoft.PowerApps/apis/shared_sharepointonline","tier":"NotSpecified"},"shared_smtp":{"connectionName":"shared-smtp-07777ccf-1968-4974-bd1e-e9c4-fb05a14d","source":"Embedded","id":"/providers/Microsoft.PowerApps/apis/shared_smtp","tier":"NotSpecified"}},"flowFailureAlertSubscribed":false,"isManaged":false}}