{"schemaVersion":"1.0","appDefinitionTemplate":{"id":"/providers/Microsoft.PowerApps/apps/","type":"Microsoft.PowerApps/apps","tags":{"sp-site-id":"https://amspecllc-my.sharepoint.com/personal/znagui_youssef_amspecgroup_com","sp-list-id":"5bdb3b6b-8b6f-49d6-87b2-a19870340ead","https://amspecllc-my.sharepoint.com/personal/znagui_youssef_amspecgroup_com":"5bdb3b6b-8b6f-49d6-87b2-a19870340ead","primaryDeviceWidth":"640","primaryDeviceHeight":"1136","sienaVersion":"20211230T214008Z-3.21115.37.0","deviceCapabilities":"","supportsPortrait":"true","supportsLandscape":"true","primaryFormFactor":"Phone","publisherVersion":"3.21115.37","minimumRequiredApiVersion":"2.2.0","hasComponent":"false","hasUnlockedComponent":"false","isUnifiedRootApp":"false"},"properties":{"appVersion":"2021-12-30T21:40:08Z","lifeCycleId":"Published","createdByClientVersion":{"major":3,"minor":21115,"build":37,"revision":0,"majorRevision":0,"minorRevision":0},"minClientVersion":{"major":3,"minor":21115,"build":37,"revision":0,"majorRevision":0,"minorRevision":0},"backgroundColor":"RGBA(0,176,240,1)","backgroundImageUri":"/10077092233773926950/N9efb875e-35c3-4037-9168-30048d5876b8-logoSmallFile","displayName":"Consumable inventory","description":"","commitMessage":"","appUris":{"documentUri":{"value":"/10077092233773926950/N5e3fd0c3-1f5e-4243-81fd-3e3d7adace9b-document.msapp"},"imageUris":[]},"createdTime":"0001-01-01T00:00:00Z","lastModifiedTime":"0001-01-01T00:00:00Z","sharedGroupsCount":0,"sharedUsersCount":0,"icons":{"smallIconUri":"/10077092233773926950/Nc614c580-94ce-4aed-b716-bf05fb209efe-small.png","mediumIconUri":"/10077092233773926950/N0e5664bd-b424-40f5-9fd1-e6a12d0ecb67-medium.png","largeIconUri":"/10077092233773926950/N5e08dba1-03ba-4ff3-a1b5-9781a6e4461a-large.png","wideIconUri":"/10077092233773926950/N45039f80-d26e-4273-96df-f09f02c2e316-wide.png"},"connectionReferences":{"60c276cf-c95e-42c5-8b53-571b73e6ba0a":{"id":"11a93981-676c-4606-a07f-edd11d7114a2","displayName":"SharePoint","iconUri":"https://connectoricons-prod.azureedge.net/releases/v1.0.1539/1.0.1539.2620/sharepointonline/icon.png","dataSources":["Stock inventory"],"dependencies":[],"dependents":[],"parameterHints":{},"parameterHintsV2":{},"isOnPremiseConnection":false,"dataSets":{"https://amspecllc-my.sharepoint.com/personal/znagui_youssef_amspecgroup_com":{"dataSources":{"Stock inventory":{"tableName":"5bdb3b6b-8b6f-49d6-87b2-a19870340ead"}}}},"apiTier":"Standard","isCustomApiConnection":false,"actions":["providers/PowerPlatform.Governance/Operations/Read","providers/PowerPlatform.Governance/Operations/Write","providers/PowerPlatform.Governance/Operations/Delete"]}},"databaseReferences":{},"almMode":"Environment","performanceOptimizationEnabled":true,"canConsumeAppPass":true,"executionRestrictions":{"isTeamsOnly":false,"dataLossPreventionEvaluationResult":{"status":"Compliant","lastEvaluationDate":"2021-12-30T21:40:24.2688387Z","violations":[],"violationsByPolicy":[],"violationErrorMessage":"L’application utilise les connecteurs suivants : shared_sharepointonline."}}},"appType":"ClassicCanvasApp","appComponents":[]}}