{"name":"235c22d4-42de-4086-a791-a18cbd06d964","id":"/providers/Microsoft.Flow/flows/235c22d4-42de-4086-a791-a18cbd06d964","type":"Microsoft.Flow/flows","properties":{"apiId":"/providers/Microsoft.PowerApps/apis/shared_logicflows","displayName":"Obter Certificado no EDOX e enviar por API","definition":{"metadata":{"workflowEntityId":null,"flowclientsuspensionreason":"BillingConsumption","flowclientsuspensiontime":"2022-04-15T17:44:51.6203817Z","creator":{"id":"e6fa3311-d0c7-418c-85e4-e25522a6c1b2","type":"User","tenantId":"fddf0fb0-6be4-4e34-ace1-e795bc64c91f"},"provisioningMethod":"FromDefinition","failureAlertSubscription":true,"clientLastModifiedTime":"2021-04-26T02:23:25.1840989Z","processAdvisorMetadata":null},"$schema":"https://schema.management.azure.com/providers/Microsoft.Logic/schemas/2016-06-01/workflowdefinition.json#","contentVersion":"1.0.0.0","parameters":{"$connections":{"defaultValue":{},"type":"Object"},"$authentication":{"defaultValue":{},"type":"SecureObject"}},"triggers":{"manual":{"splitOn":"@triggerBody()['rows']","type":"Request","kind":"ApiConnection","inputs":{"schema":{"type":"object","properties":{"rows":{"type":"array","items":{"type":"object","properties":{"entity":{"type":"object","properties":{"ID":{"title":"ID","type":"integer","format":"int64"}},"required":["ID"]}},"required":["entity"]}}},"required":["rows"]},"host":{"connection":{"name":"@parameters('$connections')['shared_sharepointonline_1']['connectionId']"},"api":{"runtimeUrl":"https://flow-apim-msmanaged-na-eastus2-01.azure-apim.net/apim/sharepointonline"}},"operationId":"GetItemHybridTriggerSchema","parameters":{"dataset":"https://amspecllc.sharepoint.com/sites/AgriBrasil","table":"d6386079-bb60-4f4a-b5fb-0a596b32e078"}}}},"actions":{"Executar_um_fluxo_criado_com_o_Power_Automate_Desktop":{"runAfter":{"Obter_item":["Succeeded"]},"type":"OpenApiConnection","inputs":{"host":{"apiId":"/providers/Microsoft.PowerApps/apis/shared_uiflow","connectionName":"shared_uiflow","operationId":"RunUIFlow_V2"},"parameters":{"uiFlowId":"4d7615ea-4e0b-475b-9966-9183c7303e79","runMode":"attended","runPriority":"high","item/splitCert":"@outputs('Obter_item')?['body/Split/Value']","item/ProdutoCert":"@outputs('Obter_item')?['body/Produto/Value']","item/nroOpEdox":"@outputs('Obter_item')?['body/N_x00ba_Op_x002e_EDOX']","item/SetExp":"All"},"authentication":"@parameters('$authentication')"}},"Obter_item":{"runAfter":{},"type":"OpenApiConnection","inputs":{"host":{"apiId":"/providers/Microsoft.PowerApps/apis/shared_sharepointonline","connectionName":"shared_sharepointonline","operationId":"GetItem"},"parameters":{"dataset":"https://amspecllc.sharepoint.com/sites/AgriBrasil","table":"d6386079-bb60-4f4a-b5fb-0a596b32e078","id":"@triggerBody()?['entity']?['ID']"},"authentication":{"value":"@json(decodeBase64(triggerOutputs().headers['X-MS-APIM-Tokens']))['$ConnectionKey']","type":"Raw"}}},"Atualizar_item":{"runAfter":{"Executar_um_fluxo_criado_com_o_Power_Automate_Desktop":["Succeeded"]},"type":"OpenApiConnection","inputs":{"host":{"apiId":"/providers/Microsoft.PowerApps/apis/shared_sharepointonline","connectionName":"shared_sharepointonline","operationId":"PatchItem"},"parameters":{"dataset":"https://amspecllc.sharepoint.com/sites/AgriBrasil","table":"d6386079-bb60-4f4a-b5fb-0a596b32e078","id":"@triggerBody()?['entity']?['ID']","item/Title":"@outputs('Obter_item')?['body/Title']","item/Navio":"@outputs('Obter_item')?['body/Navio']","item/ETA":"@outputs('Obter_item')?['body/ETA']","item/ETB":"@outputs('Obter_item')?['body/ETB']","item/Umidade":"@outputs('Executar_um_fluxo_criado_com_o_Power_Automate_Desktop')?['body/moistureCert']","item/MEI":"@outputs('Executar_um_fluxo_criado_com_o_Power_Automate_Desktop')?['body/FMattersCert']","item/TotaldeAvariados":"@outputs('Executar_um_fluxo_criado_com_o_Power_Automate_Desktop')?['body/TDamagedCert']","item/Quebrados":"@outputs('Executar_um_fluxo_criado_com_o_Power_Automate_Desktop')?['body/BrokenBeansCert']","item/Ardidos":"@outputs('Executar_um_fluxo_criado_com_o_Power_Automate_Desktop')?['body/HeatBurnedCert']","item/Mofados":"@outputs('Executar_um_fluxo_criado_com_o_Power_Automate_Desktop')?['body/MouldyCert']","item/StatusdeEnvio/Value":"Pendente","item/OData__x00d3_leo":"@outputs('Executar_um_fluxo_criado_com_o_Power_Automate_Desktop')?['body/OilCert']","item/Queimados":"@outputs('Executar_um_fluxo_criado_com_o_Power_Automate_Desktop')?['body/BurnedCert']","item/Esverdeados":"@outputs('Executar_um_fluxo_criado_com_o_Power_Automate_Desktop')?['body/GreenishBeansCert']"},"authentication":{"value":"@json(decodeBase64(triggerOutputs().headers['X-MS-APIM-Tokens']))['$ConnectionKey']","type":"Raw"}}}},"outputs":{}},"connectionReferences":{"shared_sharepointonline_1":{"connectionName":"shared-sharepointonl-caf5b57e-5da1-43b7-8bae-d0af-14baa912","source":"Invoker","id":"/providers/Microsoft.PowerApps/apis/shared_sharepointonline","tier":"NotSpecified"},"shared_uiflow":{"connectionName":"shared-uiflow-0b93e8be-1c69-42cf-9f98-0e1e-b5f63c8a","source":"Embedded","id":"/providers/Microsoft.PowerApps/apis/shared_uiflow","tier":"NotSpecified"},"shared_sharepointonline":{"connectionName":"d0ed5079cc724550980fd6fb3df8dac4","source":"Invoker","id":"/providers/Microsoft.PowerApps/apis/shared_sharepointonline","tier":"NotSpecified"}},"flowFailureAlertSubscribed":false,"isManaged":false}}