{"name":"1a0e7c79-4b0e-4b21-b63e-a4aeb57b82bd","id":"/providers/Microsoft.Flow/flows/1a0e7c79-4b0e-4b21-b63e-a4aeb57b82bd","type":"Microsoft.Flow/flows","properties":{"apiId":"/providers/Microsoft.PowerApps/apis/shared_logicflows","displayName":"Spremanje privitaka sa servisa Outlook.com na OneDrive","definition":{"metadata":{"creator":{"id":"3c004689-d2b1-4f41-b304-2965fe37b66f","type":"User","tenantId":"fddf0fb0-6be4-4e34-ace1-e795bc64c91f"},"provisioningMethod":"FromDefinition","failureAlertSubscription":true,"clientLastModifiedTime":"2018-05-01T04:58:10.8349726Z","workflowEntityId":null,"flowclientsuspensionreason":"None","flowclientsuspensiontime":null,"processAdvisorMetadata":null},"$schema":"https://schema.management.azure.com/providers/Microsoft.Logic/schemas/2016-06-01/workflowdefinition.json#","contentVersion":"1.0.0.0","parameters":{"$connections":{"defaultValue":{},"type":"Object"},"$authentication":{"defaultValue":{},"type":"SecureObject"}},"triggers":{"On_new_email":{"splitOn":"@triggerBody()?.value","metadata":{"flowSystemMetadata":{"swaggerOperationId":"OnNewEmailV2"}},"type":"ApiConnectionNotification","inputs":{"fetch":{"method":"get","pathTemplate":{"template":"/v2/Mail/OnNewEmail"},"queries":{"folderPath":"Inbox","importance":"Normal","fetchOnlyWithAttachment":true,"includeAttachments":true}},"subscribe":{"method":"post","pathTemplate":{"template":"/MailSubscriptionPoke/$subscriptions"},"body":{"NotificationUrl":"@{listCallbackUrl()}"},"queries":{"folderPath":"Inbox","importance":"Normal","fetchOnlyWithAttachment":true}},"host":{"api":{"runtimeUrl":"https://flow-apim-msmanaged-na-northcentralus-01.azure-apim.net/apim/outlook"},"connection":{"name":"@parameters('$connections')['shared_outlook']['connectionId']"}},"authentication":"@parameters('$authentication')"},"conditions":[]}},"actions":{"Apply_to_each_Attachment_on_the_email":{"foreach":"@triggerBody()['Attachments']","actions":{"Create_file":{"runAfter":{},"metadata":{"flowSystemMetadata":{"swaggerOperationId":"CreateFile"}},"type":"ApiConnection","inputs":{"host":{"api":{"runtimeUrl":"https://flow-apim-msmanaged-na-eastus-01.azure-apim.net/apim/onedrive"},"connection":{"name":"@parameters('$connections')['shared_onedrive']['connectionId']"}},"method":"post","queries":{"folderPath":"/Email attachments from Flow","name":"@{item()['Name']}"},"body":"@base64ToBinary(item()['ContentBytes'])","path":"/datasets/default/files","authentication":"@parameters('$authentication')"}}},"runAfter":{},"type":"Foreach"}},"description":"Sad možete jednostavno pristupiti privicima e-pošte na servisu Outlook.com sa servisa OneDrive za tvrtke. Svi privici poslani u ulaznu poštu servisa Outlook.com spremat će se u mapu pod nazivom Privici e-pošte sa servisa Flow."},"connectionReferences":{"shared_outlook":{"connectionName":"shared-outlook-85596626-ba6a-445d-9887-4ece10c40799","source":"Embedded","id":"/providers/Microsoft.PowerApps/apis/shared_outlook","tier":"NotSpecified"},"shared_onedrive":{"connectionName":"shared-onedrive-046f5bd5-5809-4e39-91e4-4561acd343fe","source":"Embedded","id":"/providers/Microsoft.PowerApps/apis/shared_onedrive","tier":"NotSpecified"}},"flowFailureAlertSubscribed":false,"isManaged":false}}