{"schemaVersion":"1.0","appDefinitionTemplate":{"id":"/providers/Microsoft.PowerApps/apps/","type":"Microsoft.PowerApps/apps","tags":{"sp-site-id":"https://amspecllc.sharepoint.com/sites/EuropeTeam","sp-list-id":"2d6c0430-eec9-43e0-baa1-4c80cd647fa6","https://amspecllc.sharepoint.com/sites/EuropeTeam":"2d6c0430-eec9-43e0-baa1-4c80cd647fa6","primaryDeviceWidth":"640","primaryDeviceHeight":"1136","sienaVersion":"20181021T175144Z-3.18102.20.0","deviceCapabilities":"","supportsPortrait":"true","supportsLandscape":"false","primaryFormFactor":"Phone","publisherVersion":"3.18102.20","minimumRequiredApiVersion":"2.2.0"},"properties":{"appVersion":"2018-10-21T17:51:44Z","lifeCycleId":"Published","createdByClientVersion":{"major":3,"minor":18102,"build":20,"revision":0,"majorRevision":0,"minorRevision":0},"minClientVersion":{"major":3,"minor":18102,"build":20,"revision":0,"majorRevision":0,"minorRevision":0},"backgroundColor":"rgba(0, 176, 240, 1)","backgroundImageUri":"/1200162753998807594/Nf4007cde-4edf-4c8a-bae8-15725297a5d1-logoSmallFile","displayName":"AmSpec Locations","description":"","appUris":{"documentUri":{"value":"/1200162753998807594/N52336d6d-23ec-42af-a049-d7c88b5ec852-document.msapp"},"imageUris":[]},"createdTime":"0001-01-01T00:00:00Z","lastModifiedTime":"0001-01-01T00:00:00Z","sharedGroupsCount":0,"sharedUsersCount":0,"icons":{"smallIconUri":"/1200162753998807594/N85098d05-e0ff-44d2-9e98-e8fe22a1e4fd-small.png","mediumIconUri":"/1200162753998807594/N5ccf9d18-25c7-4f44-abb6-878f7b0ce1c5-medium.png","largeIconUri":"/1200162753998807594/N165697da-ac1c-4320-90f0-ea6d06bf0c93-large.png","wideIconUri":"/1200162753998807594/N9b00196b-9278-4402-8fa2-dfe51fabc542-wide.png"},"connectionReferences":{"a0a9ca4c-f929-4dae-8eb6-ddac081fb4ad":{"id":"11a93981-676c-4606-a07f-edd11d7114a2","displayName":"SharePoint","iconUri":"https://connectoricons-prod.azureedge.net/sharepointonline/icon_1.0.1019.1195.png","dataSources":["AmSpec Locations"],"dependencies":[],"dependents":[],"parameterHints":{},"isOnPremiseConnection":false,"bypassConsent":false,"dataSets":{"https://amspecllc.sharepoint.com/sites/EuropeTeam":{"dataSources":{"AmSpec Locations":{"tableName":"2d6c0430-eec9-43e0-baa1-4c80cd647fa6"}}}},"apiTier":"Standard"}},"databaseReferences":{},"almMode":"Environment","performanceOptimizationEnabled":true,"executionRestrictions":{"isTeamsOnly":false,"dataLossPreventionEvaluationResult":{"status":"Compliant","lastEvaluationDate":"2020-10-27T21:31:46.4630385Z","violationDetails":[]}}},"appType":"ClassicCanvasApp","appComponents":[]}}