{"schemaVersion":"1.0","appDefinitionTemplate":{"id":"/providers/Microsoft.PowerApps/apps/","type":"Microsoft.PowerApps/apps","tags":{"primaryDeviceWidth":"1136","primaryDeviceHeight":"640","sienaVersion":"20210120T044330Z-3.20122.13.0","deviceCapabilities":"","supportsPortrait":"false","supportsLandscape":"true","primaryFormFactor":"Phone","publisherVersion":"3.20122.13","minimumRequiredApiVersion":"2.2.0","hasComponent":"true","hasUnlockedComponent":"true","isUnifiedRootApp":"false"},"properties":{"appVersion":"2021-01-20T04:43:30Z","lifeCycleId":"Published","createdByClientVersion":{"major":3,"minor":20122,"build":13,"revision":0,"majorRevision":0,"minorRevision":0},"minClientVersion":{"major":3,"minor":20122,"build":13,"revision":0,"majorRevision":0,"minorRevision":0},"backgroundColor":"rgba(251, 101, 60, 255)","backgroundImageUri":"/12718488159234937905/N13348576-458c-4912-8386-a69aa3f5d108-logoSmallFile","displayName":"BC - AmSpec Brasil","description":"","commitMessage":"","appUris":{"documentUri":{"value":"/12718488159234937905/Na1a2c588-8c53-4af4-a892-c9703738e1a2-document.msapp"},"imageUris":[]},"createdTime":"0001-01-01T00:00:00Z","lastModifiedTime":"0001-01-01T00:00:00Z","sharedGroupsCount":0,"sharedUsersCount":0,"icons":{"smallIconUri":"/12718488159234937905/N01db57de-979f-4bc5-bf0b-36bb17302b4e-small.png","mediumIconUri":"/12718488159234937905/Nf9a2f228-7c08-473b-978d-91b634369a5f-medium.png","largeIconUri":"/12718488159234937905/N36587bab-8561-40f6-993a-2f858459081a-large.png","wideIconUri":"/12718488159234937905/N3560fbc6-45fb-4771-961d-f59f780acd3e-wide.png"},"connectionReferences":{},"databaseReferences":{},"almMode":"Environment","performanceOptimizationEnabled":true,"canConsumeAppPass":true,"executionRestrictions":{"isTeamsOnly":false,"dataLossPreventionEvaluationResult":{"status":"Compliant","lastEvaluationDate":"2021-01-18T04:45:04.8610399Z","violationDetails":[]}}},"isAppComponentLibrary":true,"appType":"AppComponentLibrary","appComponents":[{"displayName":"Component2","appVersion":"2021-01-20T04:43:30Z","componentType":"NotSpecified","allowCustomization":true,"createdOn":"2021-01-18T04:44:54.688Z","lastModifiedOn":"2021-01-18T04:44:55.11Z","connectionReferences":{},"databaseReferences":{}}]}}