{"schemaVersion":"1.0","appDefinitionTemplate":{"id":"/providers/Microsoft.PowerApps/apps/","type":"Microsoft.PowerApps/apps","tags":{"primaryDeviceWidth":"1366","primaryDeviceHeight":"768","sienaVersion":"20210511T132217Z-3.21033.47.0","deviceCapabilities":"","supportsPortrait":"true","supportsLandscape":"true","primaryFormFactor":"Tablet","publisherVersion":"3.21033.47","minimumRequiredApiVersion":"2.2.0","hasComponent":"true","hasUnlockedComponent":"true","isUnifiedRootApp":"false"},"properties":{"appVersion":"2021-05-11T13:22:17Z","lifeCycleId":"Published","createdByClientVersion":{"major":3,"minor":21033,"build":47,"revision":0,"majorRevision":0,"minorRevision":0},"minClientVersion":{"major":3,"minor":21033,"build":47,"revision":0,"majorRevision":0,"minorRevision":0},"backgroundColor":"rgba(104, 101, 171, 1)","backgroundImageUri":"/7395994112257555593/N656dd296-8783-418e-be00-1bd2a5f68397-msft_employeeideasmanager_f172c_BackgroundImageUri","displayName":"Manage ideas","description":"","commitMessage":"","appUris":{"documentUri":{"value":"/7395994112257555593/Nc898e9d9-f5e7-4d3d-aad4-8c538093126e-msft_employeeideasmanager_f172c_DocumentUri.msapp"},"imageUris":[]},"createdTime":"0001-01-01T00:00:00Z","lastModifiedTime":"0001-01-01T00:00:00Z","sharedGroupsCount":0,"sharedUsersCount":0,"icons":{"smallIconUri":"/7395994112257555593/Nd9df7e5d-0e7c-43f9-9127-01927a53ad5c-small.png","mediumIconUri":"/7395994112257555593/Nedf190db-2b65-4b3c-a82f-83845c7a5808-medium.png","largeIconUri":"/7395994112257555593/N04c1b5a7-ad65-43bb-85f4-eb2892ea1040-large.png","wideIconUri":"/7395994112257555593/Nfcd5ef09-11fb-4d28-abd5-ada6bd555852-wide.png"},"connectionReferences":{"101da89b-cfe1-4a96-9808-c3bcd58ae2b3":{"id":"010dfabf-9c37-4be4-b63d-b71c05acaf74","displayName":"Office 365 Users","iconUri":"https://connectoricons-prod.azureedge.net/releases/v1.0.1460/1.0.1460.2389/office365users/icon.png","dataSources":["Microsoft365Users"],"dependencies":[],"dependents":[],"parameterHints":{},"isOnPremiseConnection":false,"bypassConsent":false,"dataSets":{},"apiTier":"Standard","isCustomApiConnection":false,"actions":["UserPhotoV2"]},"6a0486d6-7efc-4ced-ad0b-7cf8ddc422e5":{"id":"59fb8218-2a9f-4114-a4cc-f0c589fc9573","displayName":"Microsoft Teams","iconUri":"https://connectoricons-prod.azureedge.net/releases/v1.0.1459/1.0.1459.2387/teams/icon.png","dataSources":["MicrosoftTeams"],"dependencies":[],"dependents":[],"parameterHints":{},"isOnPremiseConnection":false,"bypassConsent":false,"dataSets":{},"apiTier":"Standard","isCustomApiConnection":false,"actions":["GetTeam","GetChannelsForGroup","GetAllTeams","PostMessageToChannelV3"]}},"authorizationReferences":[],"databaseReferences":{"default.cds":{"databaseDetails":{"referenceType":"Environmental","environmentName":"default.cds"},"dataSources":{"Employee Idea Campaigns":{"entitySetName":"msft_employeeidea_campaigns","logicalName":"msft_employeeidea_campaign"},"Employee Ideas":{"entitySetName":"msft_employeeideas","logicalName":"msft_employeeidea"},"Users":{"entitySetName":"systemusers","logicalName":"systemuser"},"Employee Idea Files":{"entitySetName":"msft_employeeidea_files","logicalName":"msft_employeeidea_file"},"Employee Idea Questions":{"entitySetName":"msft_employeeidea_questions","logicalName":"msft_employeeidea_question"},"Employee Idea Responses":{"entitySetName":"msft_employeeidea_responses","logicalName":"msft_employeeidea_response"},"Employee Idea Images":{"entitySetName":"msft_employeeidea_images","logicalName":"msft_employeeidea_image"},"Employee Idea Settings":{"entitySetName":"msft_employeeidea_settingses","logicalName":"msft_employeeidea_settings"},"Employee Ideas User Settings":{"entitySetName":"msft_employeeideasusersettings","logicalName":"msft_employeeideasusersetting"}}}},"almMode":"Solution","performanceOptimizationEnabled":true,"executionRestrictions":{"isTeamsOnly":false,"dataLossPreventionEvaluationResult":{"status":"Compliant","lastEvaluationDate":"2021-05-11T13:22:27.7506766Z","violations":[],"violationsByPolicy":[],"violationErrorMessage":"The app uses the following connectors: shared_office365users, shared_teams, shared_commondataservice."}}},"isAppComponentLibrary":false,"appType":"ClassicCanvasApp","appComponents":[]}}