{"name":"50138caa-8eec-4f47-8d69-423ebf6798f8","id":"/providers/Microsoft.Flow/flows/50138caa-8eec-4f47-8d69-423ebf6798f8","type":"Microsoft.Flow/flows","properties":{"apiId":"/providers/Microsoft.PowerApps/apis/shared_logicflows","displayName":"Copie de Stock threshold Alert","definition":{"metadata":{"workflowEntityId":null,"processAdvisorMetadata":null,"flowclientsuspensionreason":"None","flowclientsuspensiontime":null,"creator":{"id":"d883cf26-a52a-4275-8731-1d05bdf0689c","type":"User","tenantId":"fddf0fb0-6be4-4e34-ace1-e795bc64c91f"},"provisioningMethod":"FromDefinition","failureAlertSubscription":true,"clientLastModifiedTime":"2022-04-18T13:46:26.8724269Z"},"$schema":"https://schema.management.azure.com/providers/Microsoft.Logic/schemas/2016-06-01/workflowdefinition.json#","contentVersion":"1.0.0.0","parameters":{"$connections":{"defaultValue":{},"type":"Object"},"$authentication":{"defaultValue":{},"type":"SecureObject"}},"triggers":{"Recurrence":{"recurrence":{"frequency":"Day","interval":1,"startTime":"2021-06-29T09:00:00.000Z"},"metadata":{"operationMetadataId":"7ff4fc67-4384-4d94-b90f-94b35c6e2a0c"},"type":"Recurrence"}},"actions":{"Lister_les_lignes_présentes_dans_un_tableau":{"runAfter":{},"metadata":{"01EX7SA4LKCS33EWKQ2FDL4RW7P25DKOMG":"/EN-S16 Planning et exploitation des étalonnages.xlsx","tableId":"{036D2867-49BE-4112-BD6F-0FB7767ADFE4}","operationMetadataId":"20ce78c0-26a7-4fba-8978-46ead572d474","01EX7SA4PAJOFDT2FSCBAJYFR2AI26POEZ":"/Classeur.xlsx","01EX7SA4KB2ZDA4I7LTNB2WIOIU4VK4OJ6":"/Suivi des conso.xlsx"},"type":"OpenApiConnection","inputs":{"host":{"apiId":"/providers/Microsoft.PowerApps/apis/shared_excelonlinebusiness","connectionName":"shared_excelonlinebusiness","operationId":"GetItems"},"parameters":{"source":"me","drive":"b!BtvVXgetNUez_uvTd7Voz2JU6YFVKtdKk7t2HEaI2IQpSNkXdfd5QISuJt865TjE","file":"01EX7SA4KB2ZDA4I7LTNB2WIOIU4VK4OJ6","table":"{036D2867-49BE-4112-BD6F-0FB7767ADFE4}"},"authentication":"@parameters('$authentication')"}},"Appliquer_à_chacun":{"foreach":"@outputs('Lister_les_lignes_présentes_dans_un_tableau')?['body/value']","actions":{"Condition":{"actions":{"Envoyer_une_notification_par_e-mail_(V3)":{"runAfter":{},"metadata":{"operationMetadataId":"3b95836d-98bb-49da-8d43-734289a3a515"},"type":"OpenApiConnection","inputs":{"host":{"apiId":"/providers/Microsoft.PowerApps/apis/shared_sendmail","connectionName":"shared_sendmail","operationId":"SendEmailV3"},"parameters":{"request/to":"Znagui.Youssef@amspecgroup.com;Fairouz.Tchiche@amspecgroup.com;Siham.Selki@amspecgroup.com;Mondher.Taarabit@amspecgroup.com;Hanan.Amazdaou@amspecgroup.com;Younes.Belkhouribchia@amspecgroup.com;","request/subject":"Rappel Epuisement Stock / @{items('Appliquer_à_chacun')?['Consommable']} ","request/text":"<p>Salutations,<br>\n<br>\nVeuillez noter que votre stock en @{items('Appliquer_à_chacun')?['Consommable']} est presque épuisé. Veuillez alimenter ce stock avant épuisement.<br>\n<br>\nStock actuel: @{items('Appliquer_à_chacun')?['Stock théorique']}<br>\nStock limite: @{items('Appliquer_à_chacun')?['Stock limite']}</p>"},"authentication":"@parameters('$authentication')"}}},"runAfter":{},"expression":{"equals":["@items('Appliquer_à_chacun')?['Alarme']","Risque rupture"]},"metadata":{"operationMetadataId":"9e49a178-7505-4f4e-9a7d-04c0cff30127"},"type":"If"}},"runAfter":{"Lister_les_lignes_présentes_dans_un_tableau":["Succeeded"]},"metadata":{"operationMetadataId":"f24fb062-77d9-4ba1-a6a4-aaac8643f631"},"type":"Foreach"}}},"connectionReferences":{"shared_excelonlinebusiness":{"connectionName":"shared-excelonlinebu-4045065f-3ef8-4464-b342-ec02-b70dfcba","source":"Embedded","id":"/providers/Microsoft.PowerApps/apis/shared_excelonlinebusiness","tier":"NotSpecified"},"shared_sendmail":{"connectionName":"shared-sendmail-1c6bee2b-72ec-4eb8-8e6b-3b34-6a3d7a39","source":"Embedded","id":"/providers/Microsoft.PowerApps/apis/shared_sendmail","tier":"NotSpecified"}},"flowFailureAlertSubscribed":false,"isManaged":false}}