{"schemaVersion":"1.0","appDefinitionTemplate":{"id":"/providers/Microsoft.PowerApps/apps/","type":"Microsoft.PowerApps/apps","tags":{"primaryDeviceWidth":"640","primaryDeviceHeight":"1136","sienaVersion":"20181203T192913Z-3.18112.22.0","deviceCapabilities":"","supportsPortrait":"true","supportsLandscape":"false","primaryFormFactor":"Phone","publisherVersion":"3.18112.22","minimumRequiredApiVersion":"2.2.0"},"properties":{"appVersion":"2018-12-03T19:29:13Z","lifeCycleId":"Published","createdByClientVersion":{"major":3,"minor":18112,"build":22,"revision":0,"majorRevision":0,"minorRevision":0},"minClientVersion":{"major":3,"minor":18112,"build":22,"revision":0,"majorRevision":0,"minorRevision":0},"backgroundColor":"rgba(0, 176, 240, 1)","backgroundImageUri":"/12970428311381293962/N68d471dd-948c-4da9-976e-670b52660dca-logoSmallFile","displayName":"tablica","description":"","appUris":{"documentUri":{"value":"/12970428311381293962/N83a8f5ed-67bc-4276-996d-526194649396-document.msapp"},"imageUris":[]},"createdTime":"0001-01-01T00:00:00Z","lastModifiedTime":"0001-01-01T00:00:00Z","sharedGroupsCount":0,"sharedUsersCount":0,"icons":{"smallIconUri":"/12970428311381293962/N486f7d19-51d8-48bc-b250-ea3d988480d1-small.png","mediumIconUri":"/12970428311381293962/N0eb9195d-c818-4422-a124-af839f634e82-medium.png","largeIconUri":"/12970428311381293962/N90423f02-ce70-4349-9168-37a89f9e1c79-large.png","wideIconUri":"/12970428311381293962/Nfab2617e-6877-4aba-ba0e-3e43dc7d9900-wide.png"},"connectionReferences":{},"databaseReferences":{},"almMode":"Environment","performanceOptimizationEnabled":true,"executionRestrictions":{"isTeamsOnly":false,"dataLossPreventionEvaluationResult":{"status":"Compliant","lastEvaluationDate":"2020-10-27T21:31:46.11901Z","violationDetails":[]}}},"appType":"ClassicCanvasApp","appComponents":[]}}