{"schemaVersion":"1.0","appDefinitionTemplate":{"id":"/providers/Microsoft.PowerApps/apps/","type":"Microsoft.PowerApps/apps","tags":{"primaryDeviceWidth":"1024","primaryDeviceHeight":"768","sienaVersion":"20190303T105558Z-3.19023.12.0","deviceCapabilities":"webcam","supportsPortrait":"false","supportsLandscape":"true","primaryFormFactor":"Tablet","publisherVersion":"3.19023.12","minimumRequiredApiVersion":"2.2.0"},"properties":{"appVersion":"2019-03-03T10:55:58Z","lifeCycleId":"Published","createdByClientVersion":{"major":3,"minor":19023,"build":12,"revision":0,"majorRevision":0,"minorRevision":0},"minClientVersion":{"major":3,"minor":19023,"build":12,"revision":0,"majorRevision":0,"minorRevision":0},"backgroundColor":"rgba(0, 176, 240, 1)","backgroundImageUri":"/16730098506909035351/N732484d6-9a6b-488c-a9c6-dbd1073b6003-logoSmallFile","displayName":"Budget Tracker - Tablet","description":"","appUris":{"documentUri":{"value":"/16730098506909035351/Nace20cf1-c136-4d84-9df1-7f97cad6b404-document.msapp"},"imageUris":[]},"createdTime":"0001-01-01T00:00:00Z","lastModifiedTime":"0001-01-01T00:00:00Z","sharedGroupsCount":0,"sharedUsersCount":0,"icons":{"smallIconUri":"/16730098506909035351/N185aa6d4-a178-4413-8d1a-9aecc2c17c57-small.png","mediumIconUri":"/16730098506909035351/Nce42af01-575d-4463-9412-4114833e4f9d-medium.png","largeIconUri":"/16730098506909035351/N86ffd308-56d8-4e04-8d02-48ad79a6eb84-large.png","wideIconUri":"/16730098506909035351/N41da0b6d-e3f0-4ebb-b6e9-08b0f7cd071c-wide.png"},"connectionReferences":{"f3c3ce35-05bf-4984-b1da-6ada0ded63b5":{"id":"56ff5316-ad67-4696-b9b6-cc4e05859209","displayName":"Excel","iconUri":"https://connectoricons-prod.azureedge.net/excel/icon_1.0.1018.1190.png","dataSources":["Budgets","Expenses","Categories","Receipts","ExpenseByCategory"],"dependencies":["3ae1114a-69d9-43e8-a2bb-108b0daebacf"],"dependents":[],"parameterHints":{"3ae1114a-69d9-43e8-a2bb-108b0daebacf":{"value":"fileSource"}},"isOnPremiseConnection":false,"bypassConsent":false,"dataSets":{},"apiTier":"Standard","isCustomApiConnection":false},"3ae1114a-69d9-43e8-a2bb-108b0daebacf":{"id":"e3b10b18-a049-4a64-b81e-c9dc229b9802","displayName":"OneDrive voor Bedrijven","iconUri":"https://connectoricons-prod.azureedge.net/onedriveforbusiness/icon_1.0.1061.1268.png","dataSources":[],"dependencies":[],"dependents":["f3c3ce35-05bf-4984-b1da-6ada0ded63b5"],"parameterHints":{},"isOnPremiseConnection":false,"bypassConsent":false,"dataSets":{},"apiTier":"Standard","isCustomApiConnection":false}},"databaseReferences":{},"almMode":"Environment","performanceOptimizationEnabled":true,"executionRestrictions":{"isTeamsOnly":false,"dataLossPreventionEvaluationResult":{"status":"Compliant","lastEvaluationDate":"2020-10-27T21:31:46.4474026Z","violationDetails":[]}}},"appType":"ClassicCanvasApp","appComponents":[]}}