{"name":"78986677-1636-4fa5-9659-6c638be662ab","id":"/providers/Microsoft.Flow/flows/78986677-1636-4fa5-9659-6c638be662ab","type":"Microsoft.Flow/flows","properties":{"apiId":"/providers/Microsoft.PowerApps/apis/shared_logicflows","displayName":"Quand un fichier est ajouté ou modifié (propriétés uniquement) -> C...","definition":{"metadata":{"workflowEntityId":null,"processAdvisorMetadata":null,"flowclientsuspensionreason":"AlwaysFailingDetected","flowclientsuspensiontime":"2022-04-18T17:24:08.6670075Z","creator":{"id":"d883cf26-a52a-4275-8731-1d05bdf0689c","type":"User","tenantId":"fddf0fb0-6be4-4e34-ace1-e795bc64c91f"},"provisioningMethod":"FromDefinition","failureAlertSubscription":true,"clientLastModifiedTime":"2022-02-03T13:06:35.4081055Z"},"$schema":"https://schema.management.azure.com/providers/Microsoft.Logic/schemas/2016-06-01/workflowdefinition.json#","contentVersion":"1.0.0.0","parameters":{"$connections":{"defaultValue":{},"type":"Object"},"$authentication":{"defaultValue":{},"type":"SecureObject"}},"triggers":{"Quand_un_fichier_est_ajouté_ou_modifié_(propriétés_uniquement)":{"recurrence":{"frequency":"Minute","interval":1},"splitOn":"@triggerOutputs()?['body/value']","metadata":{"operationMetadataId":"23185d4a-76f1-462a-9fc9-60adc4836665"},"type":"OpenApiConnection","inputs":{"host":{"apiId":"/providers/Microsoft.PowerApps/apis/shared_sharepointonline","connectionName":"shared_sharepointonline","operationId":"GetOnUpdatedFileItems"},"parameters":{"dataset":"https://amspecllc.sharepoint.com/sites/EuropeTeam/Morocco","table":"76394b4f-3cfb-4288-b3fd-fdc676c41a20","folderPath":"/Morocco Quality Management System/Management"},"authentication":"@parameters('$authentication')"}}},"actions":{"Condition":{"actions":{"Envoyer_une_notification_par_e-mail_(V3)_2":{"runAfter":{},"metadata":{"operationMetadataId":"4a0f336b-87d3-4f17-b22d-f74e42dc16fe"},"type":"OpenApiConnection","inputs":{"host":{"apiId":"/providers/Microsoft.PowerApps/apis/shared_sendmail","connectionName":"shared_sendmail","operationId":"SendEmailV3"},"parameters":{"request/to":"Znagui.Youssef@amspecgroup.com;","request/subject":"Le document @{triggerOutputs()?['body/Title']} a été publié pour approbation. ","request/text":"<p>Le document @{triggerOutputs()?['body/Title']}, modifié par@{triggerOutputs()?['body/Editor/DisplayName']} le @{triggerOutputs()?['body/Modified']} a été publié pour approbation.&nbsp;</p>"},"authentication":"@parameters('$authentication')"}},"Démarrer_et_attendre_une_approbation":{"runAfter":{"Envoyer_une_notification_par_e-mail_(V3)_2":["Succeeded"]},"metadata":{"operationMetadataId":"55ed1012-f4c1-43b3-962a-8eb92f299ebe"},"type":"OpenApiConnectionWebhook","inputs":{"host":{"apiId":"/providers/Microsoft.PowerApps/apis/shared_approvals","connectionName":"shared_approvals","operationId":"StartAndWaitForAnApproval"},"parameters":{"approvalType":"Basic","WebhookApprovalCreationInput/title":"Approbation du document @{triggerOutputs()?['body/Title']} modifié le@{triggerOutputs()?['body/Modified']}","WebhookApprovalCreationInput/assignedTo":"Znagui.Youssef@amspecgroup.com;","WebhookApprovalCreationInput/enableNotifications":true,"WebhookApprovalCreationInput/enableReassignment":true},"authentication":"@parameters('$authentication')"}},"Condition_2":{"actions":{"Définir_le_statut_d'approbation_du_contenu":{"runAfter":{},"metadata":{"operationMetadataId":"ab6564c8-633e-4036-acc3-6e8396b8ce6b"},"type":"OpenApiConnection","inputs":{"host":{"apiId":"/providers/Microsoft.PowerApps/apis/shared_sharepointonline","connectionName":"shared_sharepointonline","operationId":"SetApprovalStatus"},"parameters":{"dataset":"https://amspecllc.sharepoint.com/sites/EuropeTeam/Morocco","table":"76394b4f-3cfb-4288-b3fd-fdc676c41a20","id":"@triggerOutputs()?['body/ID']","approvalAction":"Approve","comments":"","entityTag":""},"authentication":"@parameters('$authentication')"}}},"runAfter":{"Démarrer_et_attendre_une_approbation":["Succeeded"]},"expression":{"equals":["@outputs('Démarrer_et_attendre_une_approbation')?['body/outcome']","Approve"]},"metadata":{"operationMetadataId":"7d438ac7-4ab5-47f3-b63c-752d42a2f125"},"type":"If"}},"runAfter":{},"expression":{"equals":["@triggerOutputs()?['body/{ModerationStatus}']","En attente"]},"metadata":{"operationMetadataId":"c6f68dd7-a53a-4561-8171-5cc405314956"},"type":"If"}}},"connectionReferences":{"shared_sharepointonline":{"connectionName":"6406096f55fd401fbb02c1650b6cc63c","source":"Embedded","id":"/providers/Microsoft.PowerApps/apis/shared_sharepointonline","tier":"NotSpecified"},"shared_sendmail":{"connectionName":"shared-sendmail-1c6bee2b-72ec-4eb8-8e6b-3b34-6a3d7a39","source":"Embedded","id":"/providers/Microsoft.PowerApps/apis/shared_sendmail","tier":"NotSpecified"},"shared_approvals":{"connectionName":"31cacbd3f7ac44a9a21d488bfad157df","source":"Embedded","id":"/providers/Microsoft.PowerApps/apis/shared_approvals","tier":"NotSpecified"}},"flowFailureAlertSubscribed":false,"isManaged":false}}