{"schemaVersion":"1.0","appDefinitionTemplate":{"id":"/providers/Microsoft.PowerApps/apps/","type":"Microsoft.PowerApps/apps","tags":{"primaryDeviceWidth":"444","primaryDeviceHeight":"790","sienaVersion":"20210827T051409Z-3.21082.34.0","deviceCapabilities":"","supportsPortrait":"true","supportsLandscape":"true","primaryFormFactor":"Web","publisherVersion":"3.21082.34","minimumRequiredApiVersion":"2.2.0","hasComponent":"false","hasUnlockedComponent":"false","isUnifiedRootApp":"false"},"properties":{"appVersion":"2021-08-27T05:14:09Z","lifeCycleId":"Published","createdByClientVersion":{"major":3,"minor":21082,"build":34,"revision":0,"majorRevision":0,"minorRevision":0},"minClientVersion":{"major":3,"minor":21082,"build":34,"revision":0,"majorRevision":0,"minorRevision":0},"backgroundColor":"rgba(0, 176, 240, 1)","backgroundImageUri":"/6454550242451148541/Ncf77d35f-cc83-4ba6-848e-0938120b6421-logoSmallFile","displayName":"Permission Levels on EDocDev6 form","description":"","commitMessage":"","appUris":{"documentUri":{"value":"/6454550242451148541/N49bfac63-b6ea-44ad-9c6a-97f2217729b7-document.msapp"},"imageUris":[]},"createdTime":"0001-01-01T00:00:00Z","lastModifiedTime":"0001-01-01T00:00:00Z","sharedGroupsCount":0,"sharedUsersCount":0,"icons":{"smallIconUri":"/6454550242451148541/N7c7b6dff-226d-4fc8-83a4-30a587b28af0-small.png","mediumIconUri":"/6454550242451148541/N19fd6e65-003c-48c3-91e2-9344d5e5dcaa-medium.png","largeIconUri":"/6454550242451148541/N5de80b89-fecd-4bac-bc48-8bce9a56f5ec-large.png","wideIconUri":"/6454550242451148541/N24f67b79-9daf-43f2-9f54-b346799796d4-wide.png"},"connectionReferences":{"f2d4d12d-9ad8-4eea-a00c-377becbac804":{"id":"11a93981-676c-4606-a07f-edd11d7114a2","displayName":"SharePoint","iconUri":"https://connectoricons-prod.azureedge.net/releases/v1.0.1505/1.0.1505.2520/sharepointonline/icon.png","dataSources":["Permission Levels"],"dependencies":[],"dependents":[],"parameterHints":{},"parameterHintsV2":{},"isOnPremiseConnection":false,"bypassConsent":true,"dataSets":{"https://amspecllc.sharepoint.com/sites/EDocDev6":{"datasetOverride":{"name":"https://amspecllc.sharepoint.com/sites/E-DocPreview","description":"The SharePoint URL has been renamed from 'https://amspecllc.sharepoint.com/sites/EDocDev6' to 'https://amspecllc.sharepoint.com/sites/E-DocPreview'"},"dataSources":{"Permission Levels":{"tableName":"c98ebd48-c991-4c16-ab27-0ab5adf27b01"}}}},"apiTier":"Standard","isCustomApiConnection":false,"actions":["providers/PowerPlatform.Governance/Operations/Read","providers/PowerPlatform.Governance/Operations/Write"]}},"databaseReferences":{},"embeddedApp":{"siteId":"https://amspecllc.sharepoint.com/sites/E-DocPreview","listId":"C98EBD48-C991-4C16-AB27-0AB5ADF27B01","listUrl":"https://amspecllc.sharepoint.com/sites/E-DocPreview/PermissionLevels/AllItems.aspx","type":"SharepointFormApp","screenWidth":444,"screenHeight":790},"almMode":"Environment","performanceOptimizationEnabled":true,"canConsumeAppPass":true,"executionRestrictions":{"isTeamsOnly":false,"dataLossPreventionEvaluationResult":{"status":"Compliant","lastEvaluationDate":"2021-08-16T04:22:24.6619329Z","violations":[],"violationsByPolicy":[],"violationErrorMessage":"The app uses the following connectors: shared_sharepointonline."}}},"appType":"ClassicCanvasApp","appComponents":[]}}