{"name":"cbdd81a2-8d64-444a-bfe2-2c464001d938","id":"/providers/Microsoft.Flow/flows/cbdd81a2-8d64-444a-bfe2-2c464001d938","type":"Microsoft.Flow/flows","properties":{"apiId":"/providers/Microsoft.PowerApps/apis/shared_logicflows","displayName":"Customer Feedback Form Submitted","definition":{"metadata":{"workflowEntityId":null,"processAdvisorMetadata":null,"flowclientsuspensionreason":"NeverTriggeringDetected","flowclientsuspensiontime":"2021-12-30T08:34:57.981355Z","creator":{"id":"92b54cd9-a569-4d92-bca0-4f330d1ea600","type":"User","tenantId":"fddf0fb0-6be4-4e34-ace1-e795bc64c91f"},"provisioningMethod":"FromDefinition","failureAlertSubscription":true,"clientLastModifiedTime":"2021-12-30T08:34:57.981355Z"},"$schema":"https://schema.management.azure.com/providers/Microsoft.Logic/schemas/2016-06-01/workflowdefinition.json#","contentVersion":"1.0.0.0","parameters":{"$connections":{"defaultValue":{},"type":"Object"},"$authentication":{"defaultValue":{},"type":"SecureObject"}},"triggers":{"When_a_new_response_is_submitted":{"splitOn":"@triggerBody()?['value']","metadata":{"flowSystemMetadata":{"swaggerOperationId":"CreateFormWebhook"},"operationMetadataId":"6562551d-d141-4f86-a841-af1e8caa5d7a"},"type":"ApiConnectionWebhook","inputs":{"host":{"connection":{"name":"@parameters('$connections')['shared_microsoftforms']['connectionId']"},"api":{"runtimeUrl":"https://flow-apim-msmanaged-na-centralus-01.azure-apim.net/apim/microsoftforms"}},"body":{"eventType":"responseAdded","notificationUrl":"@{listCallbackUrl()}","source":"ms-connector"},"path":"/formapi/api/forms/@{encodeURIComponent('sA_f_eRrNE6s4eeVvGTJH9lMtZJppZJNvKBPMw0epgBUQzFUM1ZISlFCVE1USFQwTzZKUzJJM01NTC4u')}/webhooks","authentication":"@parameters('$authentication')"}}},"actions":{"Get_response_details":{"runAfter":{},"metadata":{"flowSystemMetadata":{"swaggerOperationId":"GetFormResponseById"},"operationMetadataId":"e5c2b14b-b3f5-402b-bbd4-7ff7178f8173"},"type":"ApiConnection","inputs":{"host":{"connection":{"name":"@parameters('$connections')['shared_microsoftforms']['connectionId']"},"api":{"runtimeUrl":"https://flow-apim-msmanaged-na-centralus-01.azure-apim.net/apim/microsoftforms"}},"method":"get","path":"/formapi/api/forms('@{encodeURIComponent('sA_f_eRrNE6s4eeVvGTJH9lMtZJppZJNvKBPMw0epgBUQzFUM1ZISlFCVE1USFQwTzZKUzJJM01NTC4u')}')/responses","queries":{"response_id":"@triggerBody()?['resourceData']?['responseId']"},"authentication":"@parameters('$authentication')"}},"Create_item":{"runAfter":{"Get_response_details":["Succeeded"]},"metadata":{"flowSystemMetadata":{"swaggerOperationId":"PostItem"},"operationMetadataId":"7efc3a12-9159-4903-9fe4-0570961b4a0f"},"type":"ApiConnection","inputs":{"host":{"connection":{"name":"@parameters('$connections')['shared_sharepointonline']['connectionId']"},"api":{"runtimeUrl":"https://flow-apim-msmanaged-na-westus2-01.azure-apim.net/apim/sharepointonline"}},"method":"post","body":{"Title":"@body('Get_response_details')?['r9c01bfb4babf4466be4e63f7e46f19f6']","Filled_x0020_By":"@body('Get_response_details')?['r967282a8324c4b6c83f01b5d0762fa95']","Email_x0020_Address":"@body('Get_response_details')?['r6cc6de2d1db245e99e58f63b21e6b126']","Service_x0020_Provided":[{"Value":"@body('Get_response_details')?['raa550dbe5da7433bb8f636ca83c8f9b4']"}],"Service_x0020_Object":"@body('Get_response_details')?['ra715924d6f8b40b7b24d295d0de050da']","Overall_x0020_Service":{"Value":"@body('Get_response_details')?['r0e37e70ca268484091ce7630bafe92be']"},"Turn_x002d_Around_x0020_Time":{"Value":"@body('Get_response_details')?['r0bd84979ce904f218b60fd5c5020919f']"},"After_x0020_Sales":{"Value":"@body('Get_response_details')?['r3e376747a2664d958fa8aca51a42b4b6']"},"Answering_x0020_queries":{"Value":"@body('Get_response_details')?['r162792c7f0044a80ba42217cca17b81a']"},"Additional_x0020_Information":"@body('Get_response_details')?['r0e93cdb1f8454fa68a4a2b2f4c7b7e45']"},"path":"/datasets/@{encodeURIComponent(encodeURIComponent('https://amspecllc.sharepoint.com/sites/OGC_Singapore'))}/tables/@{encodeURIComponent(encodeURIComponent('b3c5433a-3922-4f13-8dfd-9497db0af27a'))}/items","authentication":"@parameters('$authentication')"}},"Apply_to_each":{"foreach":"@body('Create_item')['Service_x0020_Provided']","actions":{"Send_an_email":{"runAfter":{},"metadata":{"flowSystemMetadata":{"swaggerOperationId":"SendEmailV2"},"operationMetadataId":"b8e3ac91-5817-476a-83e1-2dab4c93ad6f"},"type":"ApiConnection","inputs":{"host":{"connection":{"name":"@parameters('$connections')['shared_office365']['connectionId']"},"api":{"runtimeUrl":"https://flow-apim-msmanaged-na-northcentralus-01.azure-apim.net/apim/office365"}},"method":"post","body":{"To":"Oliver.Worth@amspecgroup.com;Danny.Chan@amspecgroup.com;WeeLee.Lee@amspecllc.com;Ashraf.Hassan@amspecgroup.com","Subject":"Customer Feedback","Body":"<p>Customer: @{body('Create_item')['Title']}<br>\nContact : @{body('Create_item')['Filled_x0020_By']}<br>\nEmail : @{body('Create_item')['Email_x0020_Address']}<br>\nService Object: @{body('Create_item')['Service_x0020_Object']}<br>\nOverall Service Rate: @{body('Create_item')?['Overall_x0020_Service']?['Value']}<br>\nTurn-around Rate: @{body('Create_item')?['Turn_x002d_Around_x0020_Time']?['Value']}<br>\nAfter Sales Rate: @{body('Create_item')?['After_x0020_Sales']?['Value']}<br>\nAnswering Queries: @{body('Create_item')?['Answering_x0020_queries']?['Value']}<br>\nService Provided :@{items('Apply_to_each')?['Value']}<br>\n<br>\n</p>","Cc":"Amr.Guenena@amspecgroup.com"},"path":"/v2/Mail","authentication":"@parameters('$authentication')"}}},"runAfter":{"Create_item":["Succeeded"]},"metadata":{"operationMetadataId":"0b4dcfa8-2c76-46ec-8ca2-4b5b1f7510e5"},"type":"Foreach"},"Send_an_email_Thank_you_message":{"runAfter":{"Apply_to_each":["Succeeded"]},"metadata":{"flowSystemMetadata":{"swaggerOperationId":"SendEmailV2"},"operationMetadataId":"1dbf7878-cf3f-44af-8ea0-fe688764c280"},"type":"ApiConnection","inputs":{"host":{"connection":{"name":"@parameters('$connections')['shared_office365']['connectionId']"},"api":{"runtimeUrl":"https://flow-apim-msmanaged-na-northcentralus-01.azure-apim.net/apim/office365"}},"method":"post","body":{"To":"@body('Get_response_details')?['r6cc6de2d1db245e99e58f63b21e6b126']","Subject":"Thank you for the feedback ","Body":"<p>Dear Mr./Ms. @{body('Get_response_details')?['r967282a8324c4b6c83f01b5d0762fa95']},<br>\n <br>\nYour feedback is important to us, thank you for taking the time to complete the Survey.<br>\n <br>\nKind regards,<br>\nAmSpec Singapore <br>\n</p>","From":"notification@amspecgroup.net","Bcc":"Amr.Guenena@amspecgroup.com"},"path":"/v2/Mail","authentication":"@parameters('$authentication')"}}},"outputs":{},"description":"When a response is submitted to Microsoft Forms, cerate an item in a SharePoint list, post a message to Yammer and send an email."},"connectionReferences":{"shared_microsoftforms":{"connectionName":"shared-microsoftform-fb8b4bae-c5de-4aad-a01b-71f3-3c12df40","source":"Embedded","id":"/providers/Microsoft.PowerApps/apis/shared_microsoftforms","tier":"NotSpecified"},"shared_sharepointonline":{"connectionName":"ac9698e6f7f64695801fa48ec75abfe8","source":"Embedded","id":"/providers/Microsoft.PowerApps/apis/shared_sharepointonline","tier":"NotSpecified"},"shared_office365":{"connectionName":"shared-office365-720e7905-a620-4d52-9945-3f9b-b0540b91","source":"Embedded","id":"/providers/Microsoft.PowerApps/apis/shared_office365","tier":"NotSpecified"}},"flowFailureAlertSubscribed":false,"isManaged":false}}