{"schemaVersion":"1.0","appDefinitionTemplate":{"id":"/providers/Microsoft.PowerApps/apps/","type":"Microsoft.PowerApps/apps","tags":{"primaryDeviceWidth":"1136","primaryDeviceHeight":"640","sienaVersion":"20210120T044330Z-3.20122.13.0","deviceCapabilities":"","supportsPortrait":"false","supportsLandscape":"true","primaryFormFactor":"Phone","publisherVersion":"3.20122.13","minimumRequiredApiVersion":"2.2.0","hasComponent":"true","hasUnlockedComponent":"true","isUnifiedRootApp":"false"},"properties":{"appVersion":"2021-01-20T04:43:30Z","lifeCycleId":"Published","createdByClientVersion":{"major":3,"minor":20122,"build":13,"revision":0,"majorRevision":0,"minorRevision":0},"minClientVersion":{"major":3,"minor":20122,"build":13,"revision":0,"majorRevision":0,"minorRevision":0},"backgroundColor":"rgba(251, 101, 60, 255)","backgroundImageUri":"/12718488159234937905/Nfca00ecd-93f9-44ff-98aa-15ea01fb537d-logoSmallFile","displayName":"BC - AmSpec Brasil","description":"","commitMessage":"","appUris":{"documentUri":{"value":"/12718488159234937905/N486c2c3a-0f42-4d6d-a6d5-940ffde73791-document.msapp"},"imageUris":[]},"createdTime":"0001-01-01T00:00:00Z","lastModifiedTime":"0001-01-01T00:00:00Z","sharedGroupsCount":0,"sharedUsersCount":0,"icons":{"smallIconUri":"/12718488159234937905/N5d00ece9-0594-43ae-b601-8c1efeda2afc-small.png","mediumIconUri":"/12718488159234937905/N287f067e-876f-4c8f-9a9c-302a813bc6ae-medium.png","largeIconUri":"/12718488159234937905/Nd6bd92d2-f8d5-43e6-8707-3d7f91117253-large.png","wideIconUri":"/12718488159234937905/N5a0032ba-cd7c-484a-8f47-0ff138bb1f6c-wide.png"},"connectionReferences":{},"databaseReferences":{},"almMode":"Environment","performanceOptimizationEnabled":true,"canConsumeAppPass":true,"executionRestrictions":{"isTeamsOnly":false,"dataLossPreventionEvaluationResult":{"status":"Compliant","lastEvaluationDate":"2021-01-18T04:45:04.8610399Z","violationDetails":[]}}},"isAppComponentLibrary":true,"appType":"AppComponentLibrary","appComponents":[{"displayName":"Component2","appVersion":"2021-01-20T04:43:30Z","componentType":"NotSpecified","allowCustomization":true,"createdOn":"2021-01-18T04:44:54.688Z","lastModifiedOn":"2021-01-18T04:44:55.11Z","connectionReferences":{},"databaseReferences":{}}]}}