{"name":"f29b1ef5-1f88-4da0-b65a-9a7dff83e792","id":"/providers/Microsoft.Flow/flows/f29b1ef5-1f88-4da0-b65a-9a7dff83e792","type":"Microsoft.Flow/flows","properties":{"apiId":"/providers/Microsoft.PowerApps/apis/shared_logicflows","displayName":"New SOP is added to SP Site Notification","definition":{"metadata":{"workflowEntityId":null,"processAdvisorMetadata":null,"flowclientsuspensionreason":"NeverTriggeringDetected","flowclientsuspensiontime":"2022-05-21T08:53:11.0177854Z","creator":{"id":"92b54cd9-a569-4d92-bca0-4f330d1ea600","type":"User","tenantId":"fddf0fb0-6be4-4e34-ace1-e795bc64c91f"},"provisioningMethod":"FromDefinition","failureAlertSubscription":true,"clientLastModifiedTime":"2021-06-16T12:25:21.085484Z"},"$schema":"https://schema.management.azure.com/providers/Microsoft.Logic/schemas/2016-06-01/workflowdefinition.json#","contentVersion":"1.0.0.0","parameters":{"$connections":{"defaultValue":{},"type":"Object"},"$authentication":{"defaultValue":{},"type":"SecureObject"},"sharepoint.site":{"defaultValue":"","type":"String"},"sharepoint.list":{"defaultValue":"","type":"String"}},"triggers":{"When_a_new_item_is_created":{"recurrence":{"frequency":"Minute","interval":5},"splitOn":"@triggerBody()?.value","metadata":{"flowSystemMetadata":{"swaggerOperationId":"GetOnNewItems"}},"type":"ApiConnection","inputs":{"host":{"connection":{"name":"@parameters('$connections')['shared_sharepointonline']['connectionId']"},"api":{"runtimeUrl":"https://flow-apim-msmanaged-na-westus-01.azure-apim.net/apim/sharepointonline"}},"method":"get","path":"/datasets/@{encodeURIComponent(encodeURIComponent('https://amspecllc.sharepoint.com/sites/SOP'))}/tables/@{encodeURIComponent(encodeURIComponent('722fe92d-ec0e-4aa3-a17e-27854f60c1c8'))}/onnewitems","authentication":"@parameters('$authentication')"},"conditions":[]}},"actions":{"Get_my_profile_(V2)":{"runAfter":{},"metadata":{"flowSystemMetadata":{"swaggerOperationId":"MyProfile_V2"}},"type":"ApiConnection","inputs":{"host":{"connection":{"name":"@parameters('$connections')['shared_office365users']['connectionId']"},"api":{"runtimeUrl":"https://flow-apim-msmanaged-na-eastus2-01.azure-apim.net/apim/office365users"}},"method":"get","path":"/codeless/v1.0/me","queries":{"$select":"givenName, mail"},"authentication":"@parameters('$authentication')"}},"Send_Email":{"runAfter":{"Get_my_profile_(V2)":["Succeeded"]},"metadata":{"flowSystemMetadata":{"swaggerOperationId":"SendEmailV2"}},"type":"ApiConnection","inputs":{"host":{"connection":{"name":"@parameters('$connections')['shared_office365']['connectionId']"},"api":{"runtimeUrl":"https://flow-apim-msmanaged-na-eastus-01.azure-apim.net/apim/office365"}},"method":"post","body":{"To":"James.Armstrong@amspecgroup.com; Chris.Seested@amspecgroup.com; amr.guenena@amspecgroup.com","Subject":"A New SOP added to the SharePoint","Body":"Hi Team, <br>\n\nA new item was added at @{coalesce(triggerBody()?['Created'],'')} by @{coalesce(triggerBody()?['Author']?['DisplayName'],'someone')}.  <br>\n\nDetails: @{coalesce(triggerBody()?['{Name}'],'A SharePoint item')} <br><br>\nDoc Number: @{triggerBody()?['Title']} <br>\nDoc Name: @{triggerBody()?['Doc_x0020_Name']}  <br>\nPurpose: @{triggerBody()?['Purpose']} <br>\nSOP Type: @{triggerBody()?['SOP_x0020_Type']?['Value']} <br><br>\n\n\nSOP link: @{triggerBody()?['{Link}']}\n\n"},"path":"/v2/Mail","authentication":"@parameters('$authentication')"}}},"description":"Send yourself or someone else a customized email whenever a new item is added to a selected SharePoint list."},"connectionReferences":{"shared_office365users":{"connectionName":"shared-office365user-7f0febe8-5182-4ac0-8fd4-d20f-e359963e","source":"Embedded","id":"/providers/Microsoft.PowerApps/apis/shared_office365users","tier":"NotSpecified"},"shared_office365":{"connectionName":"shared-office365-720e7905-a620-4d52-9945-3f9b-b0540b91","source":"Embedded","id":"/providers/Microsoft.PowerApps/apis/shared_office365","tier":"NotSpecified"},"shared_sharepointonline":{"connectionName":"ac9698e6f7f64695801fa48ec75abfe8","source":"Embedded","id":"/providers/Microsoft.PowerApps/apis/shared_sharepointonline","tier":"NotSpecified"}},"flowFailureAlertSubscribed":false,"isManaged":false}}