{"name":"364e161c-5a3d-4380-aabd-87c73c803bca","id":"/providers/Microsoft.Flow/flows/364e161c-5a3d-4380-aabd-87c73c803bca","type":"Microsoft.Flow/flows","properties":{"apiId":"/providers/Microsoft.PowerApps/apis/shared_logicflows","displayName":"Lorsqu’un élément est créé -> Ajouter une ligne à un tableau","definition":{"metadata":{"workflowEntityId":null,"processAdvisorMetadata":null,"flowclientsuspensionreason":"None","flowclientsuspensiontime":null,"creator":{"id":"d883cf26-a52a-4275-8731-1d05bdf0689c","type":"User","tenantId":"fddf0fb0-6be4-4e34-ace1-e795bc64c91f"},"provisioningMethod":"FromDefinition","failureAlertSubscription":true,"clientLastModifiedTime":"2022-01-07T11:59:43.7792735Z"},"$schema":"https://schema.management.azure.com/providers/Microsoft.Logic/schemas/2016-06-01/workflowdefinition.json#","contentVersion":"1.0.0.0","parameters":{"$connections":{"defaultValue":{},"type":"Object"},"$authentication":{"defaultValue":{},"type":"SecureObject"}},"triggers":{"Lorsqu’un_élément_est_créé":{"recurrence":{"frequency":"Minute","interval":1},"splitOn":"@triggerOutputs()?['body/value']","metadata":{"operationMetadataId":"abbc2278-041e-46d4-bd50-949b4fac2ac8"},"type":"OpenApiConnection","inputs":{"host":{"apiId":"/providers/Microsoft.PowerApps/apis/shared_sharepointonline","connectionName":"shared_sharepointonline","operationId":"GetOnNewItems"},"parameters":{"dataset":"https://amspecllc-my.sharepoint.com/personal/znagui_youssef_amspecgroup_com","table":"9fdb7f04-20b8-4345-abeb-d866f790679a"},"authentication":"@parameters('$authentication')"}}},"actions":{"Ajouter_une_ligne_à_un_tableau":{"runAfter":{},"metadata":{"01EX7SA4PAJOFDT2FSCBAJYFR2AI26POEZ":"/Classeur.xlsx","operationMetadataId":"8244fcc1-0b33-455e-89ea-c545b73d594a"},"type":"OpenApiConnection","inputs":{"host":{"apiId":"/providers/Microsoft.PowerApps/apis/shared_excelonlinebusiness","connectionName":"shared_excelonlinebusiness","operationId":"AddRowV2"},"parameters":{"source":"me","drive":"b!BtvVXgetNUez_uvTd7Voz2JU6YFVKtdKk7t2HEaI2IQpSNkXdfd5QISuJt865TjE","file":"01EX7SA4PAJOFDT2FSCBAJYFR2AI26POEZ","table":"{23CB2DB9-6BBB-4CC9-9DDB-0B840395A873}","item/Titre":"@triggerOutputs()?['body/Title']","item/Type ":"@triggerOutputs()?['body/Observation/Value']","item/Date":"@triggerOutputs()?['body/Date']","item/Quantité":"@triggerOutputs()?['body/Entr_x00e9_es']","item/Destination":"@triggerOutputs()?['body/Destination']","item/Opération":"@triggerOutputs()?['body/Op_x00e9_ration']","item/Numéro de série":"@triggerOutputs()?['body/Num_x00e9_rodes_x00e9_rie']","item/Observation":"@triggerOutputs()?['body/Observation0']"},"authentication":"@parameters('$authentication')"}}}},"connectionReferences":{"shared_sharepointonline":{"connectionName":"6406096f55fd401fbb02c1650b6cc63c","source":"Embedded","id":"/providers/Microsoft.PowerApps/apis/shared_sharepointonline","tier":"NotSpecified"},"shared_excelonlinebusiness":{"connectionName":"shared-excelonlinebu-4045065f-3ef8-4464-b342-ec02-b70dfcba","source":"Embedded","id":"/providers/Microsoft.PowerApps/apis/shared_excelonlinebusiness","tier":"NotSpecified"}},"flowFailureAlertSubscribed":false,"isManaged":false}}