{"name":"f7750803-827c-4a39-bccf-df7b69cedc3f","id":"/providers/Microsoft.Flow/flows/f7750803-827c-4a39-bccf-df7b69cedc3f","type":"Microsoft.Flow/flows","properties":{"apiId":"/providers/Microsoft.PowerApps/apis/shared_logicflows","displayName":"Link Url Update in Menu settings","definition":{"metadata":{"workflowEntityId":null,"processAdvisorMetadata":null,"flowclientsuspensionreason":"None","flowclientsuspensiontime":null,"creator":{"id":"5559cccf-deaf-4ab0-856a-b5da5d1128a2","type":"User","tenantId":"fddf0fb0-6be4-4e34-ace1-e795bc64c91f"},"provisioningMethod":"FromDefinition","failureAlertSubscription":true,"clientLastModifiedTime":"2021-10-13T05:26:03.5410273Z"},"$schema":"https://schema.management.azure.com/providers/Microsoft.Logic/schemas/2016-06-01/workflowdefinition.json#","contentVersion":"1.0.0.0","parameters":{"$connections":{"defaultValue":{},"type":"Object"},"$authentication":{"defaultValue":{},"type":"SecureObject"}},"triggers":{"When_an_item_or_a_file_is_modified":{"recurrence":{"frequency":"Minute","interval":1},"splitOn":"@triggerOutputs()?['body/value']","type":"OpenApiConnection","inputs":{"host":{"apiId":"/providers/Microsoft.PowerApps/apis/shared_sharepointonline","connectionName":"shared_sharepointonline","operationId":"GetOnChangedItems"},"parameters":{"dataset":"https://amspecllc.sharepoint.com/sites/E-DocPreview","table":"281f2d5c-cee2-491b-8f81-96a0c80b8471"},"authentication":"@parameters('$authentication')"},"conditions":[{"expression":"@or(equals(triggerBody()?['Id'],1226),equals(triggerBody()?['Id'],1223))"}]}},"actions":{"Get_items":{"runAfter":{},"type":"OpenApiConnection","inputs":{"host":{"apiId":"/providers/Microsoft.PowerApps/apis/shared_sharepointonline","connectionName":"shared_sharepointonline","operationId":"GetItems"},"parameters":{"dataset":"https://amspecllc.sharepoint.com/sites/E-DocPreview","table":"281f2d5c-cee2-491b-8f81-96a0c80b8471","$orderby":"Id desc","$top":4999},"authentication":"@parameters('$authentication')"}},"Send_an_email_(V2)":{"runAfter":{"Get_items":["Succeeded"]},"type":"OpenApiConnection","inputs":{"host":{"apiId":"/providers/Microsoft.PowerApps/apis/shared_office365","connectionName":"shared_office365","operationId":"SendEmailV2"},"parameters":{"emailMessage/To":"amit.yadav@kcsitglobal.com","emailMessage/Subject":"Demo Mail send","emailMessage/Body":"<p>Hello Amit,<br>\n<br>\nThis is testing mail.</p>"},"authentication":"@parameters('$authentication')"}}}},"connectionReferences":{"shared_sharepointonline":{"connectionName":"95f6f15913b4440ebd39c2d9222792ed","source":"Embedded","id":"/providers/Microsoft.PowerApps/apis/shared_sharepointonline","tier":"NotSpecified"},"shared_office365":{"connectionName":"shared-office365-3ec2fe10-4a35-4db3-9caf-100d-a48fcd6c","source":"Embedded","id":"/providers/Microsoft.PowerApps/apis/shared_office365","tier":"NotSpecified"}},"flowFailureAlertSubscribed":false,"isManaged":false}}