{"name":"650e68fb-15e4-4a9f-be1c-8e7830d6185b","id":"/providers/Microsoft.Flow/flows/650e68fb-15e4-4a9f-be1c-8e7830d6185b","type":"Microsoft.Flow/flows","properties":{"apiId":"/providers/Microsoft.PowerApps/apis/shared_logicflows","displayName":"Cópia de - Edox Page Collector","definition":{"metadata":{"workflowEntityId":null,"processAdvisorMetadata":null,"flowclientsuspensionreason":"BillingConsumption","flowclientsuspensiontime":"2022-04-15T08:19:46.5687037Z","creator":{"id":"e6fa3311-d0c7-418c-85e4-e25522a6c1b2","type":"User","tenantId":"fddf0fb0-6be4-4e34-ace1-e795bc64c91f"},"provisioningMethod":"FromDefinition","failureAlertSubscription":true,"clientLastModifiedTime":"2022-03-16T16:07:10.0534252Z"},"$schema":"https://schema.management.azure.com/providers/Microsoft.Logic/schemas/2016-06-01/workflowdefinition.json#","contentVersion":"1.0.0.0","parameters":{"$connections":{"defaultValue":{},"type":"Object"},"$authentication":{"defaultValue":{},"type":"SecureObject"}},"triggers":{"Quando_um_item_é_criado":{"recurrence":{"frequency":"Minute","interval":1},"splitOn":"@triggerOutputs()?['body/value']","metadata":{"operationMetadataId":"0b7ff5bd-43ab-4508-9180-fd1acf5de07d"},"type":"OpenApiConnection","inputs":{"host":{"apiId":"/providers/Microsoft.PowerApps/apis/shared_sharepointonline","connectionName":"shared_sharepointonline","operationId":"GetOnNewItems"},"parameters":{"dataset":"https://amspecllc.sharepoint.com/sites/AgriBrasil","table":"3852bf95-0328-4fee-9e2a-f50cab0a08fe"},"authentication":"@parameters('$authentication')"}}},"actions":{"Enviar_Email_(V3)":{"runAfter":{"Atualizar_item":["Succeeded"]},"metadata":{"operationMetadataId":"90c6f621-7df1-4235-a5b4-1f7607fc9e92"},"type":"OpenApiConnection","inputs":{"host":{"apiId":"/providers/Microsoft.PowerApps/apis/shared_smtp","connectionName":"shared_smtp","operationId":"SendEmailV3"},"parameters":{"emailMessage/To":"Anderson.Reis@amspecgroup.com","emailMessage/Body":"<p>Gerado Automaticamente via Sistema em @{utcNow()}<br>\n<br>\nTITLE: @{outputs('Executar_um_fluxo_criado_com_o_Power_Automate_Desktop')?['body/titleCert']}<br>\nCERTIFICATE NO..: @{outputs('Executar_um_fluxo_criado_com_o_Power_Automate_Desktop')?['body/certNro']}@{outputs('Executar_um_fluxo_criado_com_o_Power_Automate_Desktop')?['body/certYear']}<br>\nPLACE OF ISSUE: @{outputs('Executar_um_fluxo_criado_com_o_Power_Automate_Desktop')?['body/placeOfIssue']}<br>\nDATE OF ISSUE: @{outputs('Executar_um_fluxo_criado_com_o_Power_Automate_Desktop')?['body/dateOfIssue']}<br>\nVESSEL: @{outputs('Executar_um_fluxo_criado_com_o_Power_Automate_Desktop')?['body/Vessel']}<br>\nMATE'S RECEIPT DATE: @{outputs('Executar_um_fluxo_criado_com_o_Power_Automate_Desktop')?['body/matesReceiptDate']}<br>\nB/L DATE: @{outputs('Executar_um_fluxo_criado_com_o_Power_Automate_Desktop')?['body/blDate']}<br>\nWEIGHT: @{outputs('Executar_um_fluxo_criado_com_o_Power_Automate_Desktop')?['body/weightCert']}<br>\nDESCRIPTION OF GOODS: @{outputs('Executar_um_fluxo_criado_com_o_Power_Automate_Desktop')?['body/goodsDesc']}<br>\nLOAD PORT: @{outputs('Executar_um_fluxo_criado_com_o_Power_Automate_Desktop')?['body/lordPort']}<br>\nDESTINATION: @{outputs('Executar_um_fluxo_criado_com_o_Power_Automate_Desktop')?['body/oordPort']}<br>\nSHIPPED BY: @{outputs('Executar_um_fluxo_criado_com_o_Power_Automate_Desktop')?['body/shippedBy']}<br>\nNOTIFY ADDRESS:<br>\nCONSIGNEE:<br>\nADDITIONAL 1<br>\nADDITIONAL 2<br>\nADDITIONAL 3<br>\nADDITIONAL 4<br>\nADDITIONAL 5<br>\nADDITIONAL 6<br>\nL/C NUMBER:<br>\nSTOWED INTO HOLDS NUMBER:<br>\nCOMMENTS:<br>\nDATE OF INSPECTION:<br>\nDATE OF INSPECTION II:<br>\nSIGNER:<br>\nSIGNATURE'S FOOT:<br>\n<br>\nResposta API: @{body('HTTP')}<br>\n<br>\n</p>"},"authentication":"@parameters('$authentication')"}},"HTTP":{"runAfter":{"Executar_um_fluxo_criado_com_o_Power_Automate_Desktop":["Succeeded"]},"metadata":{"operationMetadataId":"fadfb713-2863-4382-89c3-90deb91bdb4c"},"type":"Http","inputs":{"method":"POST","uri":"https://hook.integromat.com/tdpdqesrr6t57jju8tjtq16049viorxj","body":"@outputs('Executar_um_fluxo_criado_com_o_Power_Automate_Desktop')?['body']"}},"Executar_um_fluxo_criado_com_o_Power_Automate_Desktop":{"runAfter":{},"metadata":{"operationMetadataId":"cf4d889b-6045-4bbc-b3c7-d57126b694df"},"type":"OpenApiConnection","inputs":{"host":{"apiId":"/providers/Microsoft.PowerApps/apis/shared_uiflow","connectionName":"shared_uiflow","operationId":"RunUIFlow_V2"},"parameters":{"uiFlowId":"298a8e7a-8701-4afe-914e-464d7ab49c61","runMode":"attended","runPriority":"high","item/nroOpEdox":"@triggerOutputs()?['body/NroOpEdox']","item/SetExp":"@triggerOutputs()?['body/ExpEdoxSel']","x-ms-flow-trusted-access":true},"authentication":"@parameters('$authentication')"}},"Atualizar_item":{"runAfter":{"HTTP":["Succeeded"]},"metadata":{"operationMetadataId":"de134282-43f8-4de9-b8ce-7ad8eea362e1"},"type":"OpenApiConnection","inputs":{"host":{"apiId":"/providers/Microsoft.PowerApps/apis/shared_sharepointonline","connectionName":"shared_sharepointonline","operationId":"PatchItem"},"parameters":{"dataset":"https://amspecllc.sharepoint.com/sites/AgriBrasil","table":"3852bf95-0328-4fee-9e2a-f50cab0a08fe","id":"@triggerOutputs()?['body/ID']","item/Title":"@{outputs('Executar_um_fluxo_criado_com_o_Power_Automate_Desktop')?['body/certNro']}@{outputs('Executar_um_fluxo_criado_com_o_Power_Automate_Desktop')?['body/certYear']}","item/T_x00ed_tulo_x0020_do_x0020_Cert":"@outputs('Executar_um_fluxo_criado_com_o_Power_Automate_Desktop')?['body/titleCert']","item/Nro_x0020_do_x0020_Certificado":"@{outputs('Executar_um_fluxo_criado_com_o_Power_Automate_Desktop')?['body/certNro']}@{outputs('Executar_um_fluxo_criado_com_o_Power_Automate_Desktop')?['body/certYear']}","item/Local_x0020_da_x0020_Emiss_x00e3":"@outputs('Executar_um_fluxo_criado_com_o_Power_Automate_Desktop')?['body/placeOfIssue']","item/Navio_x0020__x002f__x0020_Bookin":"@outputs('Executar_um_fluxo_criado_com_o_Power_Automate_Desktop')?['body/Vessel']","item/Data_x0020_Mates_x0020_Receipt":"@outputs('Executar_um_fluxo_criado_com_o_Power_Automate_Desktop')?['body/matesReceiptDate']","item/Data_x0020_BL":"@outputs('Executar_um_fluxo_criado_com_o_Power_Automate_Desktop')?['body/blDate']","item/Peso":"@outputs('Executar_um_fluxo_criado_com_o_Power_Automate_Desktop')?['body/weightCert']","item/Descri_x00e7__x00e3_o_x0020_do_x":"@outputs('Executar_um_fluxo_criado_com_o_Power_Automate_Desktop')?['body/goodsDesc']","item/Porto_x0020_de_x0020_C_x0020_ou_":"@outputs('Executar_um_fluxo_criado_com_o_Power_Automate_Desktop')?['body/lordPort']","item/Porto_x0020_O_x0020_ou_x0020_D":"@outputs('Executar_um_fluxo_criado_com_o_Power_Automate_Desktop')?['body/oordPort']","item/Exportador":"@outputs('Executar_um_fluxo_criado_com_o_Power_Automate_Desktop')?['body/shippedBy']","item/Resposta_x0020_API_x0020_Amaggi":"@body('HTTP')","item/Umidade":"@outputs('Executar_um_fluxo_criado_com_o_Power_Automate_Desktop')?['body/moistureCert']","item/MEI":"@outputs('Executar_um_fluxo_criado_com_o_Power_Automate_Desktop')?['body/FMattersCert']"},"authentication":"@parameters('$authentication')"}}}},"connectionReferences":{"shared_smtp":{"connectionName":"shared-smtp-56033fa2-9c05-400e-9d24-e182-8b8e83ca","source":"Embedded","id":"/providers/Microsoft.PowerApps/apis/shared_smtp","tier":"NotSpecified"},"shared_uiflow":{"connectionName":"shared-uiflow-a466f388-e0d8-439f-81ef-99f6-3d244c77","source":"Embedded","id":"/providers/Microsoft.PowerApps/apis/shared_uiflow","tier":"NotSpecified"},"shared_sharepointonline":{"connectionName":"d0ed5079cc724550980fd6fb3df8dac4","source":"Embedded","id":"/providers/Microsoft.PowerApps/apis/shared_sharepointonline","tier":"NotSpecified"}},"flowFailureAlertSubscribed":false,"isManaged":false}}