{"schemaVersion":"1.0","appDefinitionTemplate":{"id":"/providers/Microsoft.PowerApps/apps/","type":"Microsoft.PowerApps/apps","tags":{"sp-site-id":"https://amspecllc-my.sharepoint.com/personal/znagui_youssef_amspecgroup_com","sp-list-id":"5bbf4122-37e9-464e-be6d-23bb928eef56","https://amspecllc-my.sharepoint.com/personal/znagui_youssef_amspecgroup_com":"5bbf4122-37e9-464e-be6d-23bb928eef56","primaryDeviceWidth":"640","primaryDeviceHeight":"1136","sienaVersion":"ac79b283-2ee7-4745-964f-e0b7ee19a8d9","deviceCapabilities":"","supportsPortrait":"true","supportsLandscape":"true","primaryFormFactor":"Phone","publisherVersion":"3.21064.25","minimumRequiredApiVersion":"2.2.0","hasComponent":"false","hasUnlockedComponent":"false","isUnifiedRootApp":"false"},"properties":{"appVersion":"2021-07-19T09:59:49Z","lifeCycleId":"Published","createdByClientVersion":{"major":3,"minor":21064,"build":25,"revision":0,"majorRevision":0,"minorRevision":0},"minClientVersion":{"major":3,"minor":21064,"build":25,"revision":0,"majorRevision":0,"minorRevision":0},"backgroundColor":"rgba(0, 176, 240, 1)","backgroundImageUri":"/2717556945186689110/N0a2af676-9da1-439a-be96-46a21757741f-logoSmallFile","displayName":"Additivation","description":"","commitMessage":"","appUris":{"documentUri":{"value":"/2717556945186689110/N027a1e75-2838-4384-b812-672528e2e221-document.msapp"},"imageUris":[]},"createdTime":"0001-01-01T00:00:00Z","lastModifiedTime":"0001-01-01T00:00:00Z","sharedGroupsCount":0,"sharedUsersCount":0,"icons":{"smallIconUri":"/2717556945186689110/N92238ea7-22e3-458c-a4ce-6b9a02835e0c-small.png","mediumIconUri":"/2717556945186689110/Nb4df6fc0-0a1c-4b69-a35e-8f79a4c91950-medium.png","largeIconUri":"/2717556945186689110/Ned656e00-226d-43fc-8f76-e5477d0194cd-large.png","wideIconUri":"/2717556945186689110/Nac899f6b-3c85-4125-b118-86219c1d0f50-wide.png"},"connectionReferences":{"a70703d1-4192-4b4b-b63d-12ef42fe45e3":{"id":"11a93981-676c-4606-a07f-edd11d7114a2","displayName":"SharePoint","iconUri":"https://connectoricons-prod.azureedge.net/releases/v1.0.1487/1.0.1487.2472/sharepointonline/icon.png","dataSources":["Suivi des opérations d'additivation"],"dependencies":[],"dependents":[],"parameterHints":{},"parameterHintsV2":{},"isOnPremiseConnection":false,"bypassConsent":false,"dataSets":{"https://amspecllc-my.sharepoint.com/personal/znagui_youssef_amspecgroup_com":{"dataSources":{"Suivi des opérations d'additivation":{"tableName":"5bbf4122-37e9-464e-be6d-23bb928eef56"}}}},"apiTier":"Standard","isCustomApiConnection":false}},"databaseReferences":{},"almMode":"Environment","performanceOptimizationEnabled":true,"canConsumeAppPass":true,"executionRestrictions":{"isTeamsOnly":false,"dataLossPreventionEvaluationResult":{"status":"Compliant","lastEvaluationDate":"2021-07-19T09:53:47.4493676Z","violations":[],"violationsByPolicy":[],"violationErrorMessage":"L’application utilise les connecteurs suivants : shared_sharepointonline."}}},"appType":"ClassicCanvasApp","appComponents":[]}}