{"name":"fc63a481-749d-485d-82ed-ae960d2fc353","id":"/providers/Microsoft.Flow/flows/fc63a481-749d-485d-82ed-ae960d2fc353","type":"Microsoft.Flow/flows","properties":{"apiId":"/providers/Microsoft.PowerApps/apis/shared_logicflows","displayName":"Obtener la previsión del tiempo de hoy para su ubicación actual","definition":{"metadata":{"workflowEntityId":null,"creator":{"id":"c1f7c151-b068-41d5-8cbf-e85b83b45518","type":"User","tenantId":"fddf0fb0-6be4-4e34-ace1-e795bc64c91f"},"provisioningMethod":"FromDefinition","failureAlertSubscription":true,"clientLastModifiedTime":"2018-12-21T15:47:12.0032084Z"},"$schema":"https://schema.management.azure.com/providers/Microsoft.Logic/schemas/2016-06-01/workflowdefinition.json#","contentVersion":"1.0.0.0","parameters":{"$connections":{"defaultValue":{},"type":"Object"},"$authentication":{"defaultValue":{},"type":"SecureObject"}},"triggers":{"manual":{"type":"Request","kind":"Button","inputs":{"schema":{"type":"object","required":["location.address.countryOrRegion","location.address.postalCode","location.address.city"],"properties":{"location.address.countryOrRegion":{"type":"string"},"location.address.postalCode":{"type":"string"},"location.address.city":{"type":"string"}}}}}},"actions":{"Condition":{"actions":{"Get_forecast_for_today":{"runAfter":{},"metadata":{"flowSystemMetadata":{"swaggerOperationId":"TodaysForecast"}},"type":"ApiConnection","inputs":{"host":{"api":{"runtimeUrl":"https://flow-apim-msmanaged-na-westus2-01.azure-apim.net/apim/msnweather"},"connection":{"name":"@json(decodeBase64(triggerOutputs().headers['X-MS-APIM-Tokens']))['$connections']['shared_msnweather']['connectionId']"}},"method":"get","path":"/forecast/today/@{encodeURIComponent(triggerBody()['location']['address']['postalCode'])}","queries":{"units":"Imperial"},"authentication":{"type":"Raw","value":"@json(decodeBase64(triggerOutputs().headers['X-MS-APIM-Tokens']))['$ConnectionKey']"}}},"Send_a_push_notification_2":{"runAfter":{"Get_forecast_for_today":["Succeeded"]},"metadata":{"flowSystemMetadata":{"swaggerOperationId":"SendNotification"}},"type":"ApiConnection","inputs":{"host":{"api":{"runtimeUrl":"https://flow-apim-msmanaged-na-eastus2-01.azure-apim.net/apim/flowpush"},"connection":{"name":"@json(decodeBase64(triggerOutputs().headers['X-MS-APIM-Tokens']))['$connections']['shared_flowpush']['connectionId']"}},"method":"post","path":"/sendNotification","body":{"notificationText":"High of @{body('Get_forecast_for_today')?['responses']?['daily']?['tempHi']}@{body('Get_forecast_for_today')?['units']?['temperature']} and low of @{body('Get_forecast_for_today')?['responses']?['daily']?['tempLo']}@{body('Get_forecast_for_today')?['units']?['temperature']}. @{body('Get_forecast_for_today')?['responses']?['daily']?['precip']}% chance of rain.","notificationLink":{"uri":"@{body('Get_forecast_for_today')?['responses']?['source']?['clickThrough']}","label":"See the full details about the @{body('Get_forecast_for_today')?['responses']?['daily']?['pvdrCap']} weather in @{body('Get_forecast_for_today')?['responses']?['source']?['location']}"}},"authentication":{"type":"Raw","value":"@json(decodeBase64(triggerOutputs().headers['X-MS-APIM-Tokens']))['$ConnectionKey']"}}}},"runAfter":{},"else":{"actions":{"Get_forecast_for_today_2":{"runAfter":{},"metadata":{"flowSystemMetadata":{"swaggerOperationId":"TodaysForecast"}},"type":"ApiConnection","inputs":{"host":{"api":{"runtimeUrl":"https://flow-apim-msmanaged-na-westus2-01.azure-apim.net/apim/msnweather"},"connection":{"name":"@json(decodeBase64(triggerOutputs().headers['X-MS-APIM-Tokens']))['$connections']['shared_msnweather']['connectionId']"}},"method":"get","path":"/forecast/today/@{encodeURIComponent(triggerBody()['location']['address']['city'],', ',triggerBody()['location']['address']['countryOrRegion'])}","queries":{"units":"Metric"},"authentication":{"type":"Raw","value":"@json(decodeBase64(triggerOutputs().headers['X-MS-APIM-Tokens']))['$ConnectionKey']"}}},"Send_a_push_notification_3":{"runAfter":{"Get_forecast_for_today_2":["Succeeded"]},"metadata":{"flowSystemMetadata":{"swaggerOperationId":"SendNotification"}},"type":"ApiConnection","inputs":{"host":{"api":{"runtimeUrl":"https://flow-apim-msmanaged-na-eastus2-01.azure-apim.net/apim/flowpush"},"connection":{"name":"@json(decodeBase64(triggerOutputs().headers['X-MS-APIM-Tokens']))['$connections']['shared_flowpush']['connectionId']"}},"method":"post","path":"/sendNotification","body":{"notificationText":"High of @{body('Get_forecast_for_today_2')?['responses']?['daily']?['tempHi']}@{body('Get_forecast_for_today_2')?['units']?['temperature']} and low of @{body('Get_forecast_for_today_2')?['responses']?['daily']?['tempLo']}@{body('Get_forecast_for_today_2')?['units']?['temperature']}. @{body('Get_forecast_for_today_2')?['responses']?['daily']?['precip']}% chance of rain.","notificationLink":{"uri":"@{body('Get_forecast_for_today_2')?['responses']?['source']?['clickThrough']}","label":"See the full details about the @{body('Get_forecast_for_today_2')?['responses']?['daily']?['pvdrCap']} weather in @{body('Get_forecast_for_today_2')?['responses']?['source']?['location']}"}},"authentication":{"type":"Raw","value":"@json(decodeBase64(triggerOutputs().headers['X-MS-APIM-Tokens']))['$ConnectionKey']"}}}}},"expression":"@equals(triggerBody()['location']['address']['countryOrRegion'], 'United States')","type":"If"}},"outputs":{}},"connectionReferences":{"shared_msnweather":{"connectionName":"shared-msnweather-31d712b5-5be6-483c-9d80-9865417106fe","source":"Invoker","id":"/providers/Microsoft.PowerApps/apis/shared_msnweather","tier":"NotSpecified"},"shared_flowpush":{"connectionName":"shared-flowpush-eb7e900d-cb6c-4371-9dd2-e1a668b66619","source":"Invoker","id":"/providers/Microsoft.PowerApps/apis/shared_flowpush","tier":"NotSpecified"}},"flowFailureAlertSubscribed":false,"isManaged":false}}