{"name":"54900233-8754-49d3-8738-e6cbe53c9ee2","id":"/providers/Microsoft.Flow/flows/54900233-8754-49d3-8738-e6cbe53c9ee2","type":"Microsoft.Flow/flows","properties":{"apiId":"/providers/Microsoft.PowerApps/apis/shared_logicflows","displayName":"Solicitar aprobación","definition":{"metadata":{"workflowEntityId":null,"processAdvisorMetadata":null,"flowclientsuspensionreason":"None","flowclientsuspensiontime":null,"creator":{"id":"5fa4b10d-97e0-4951-9a67-a6d309913a2e","type":"User","tenantId":"fddf0fb0-6be4-4e34-ace1-e795bc64c91f"},"provisioningMethod":"FromTemplate","failureAlertSubscription":true,"clientLastModifiedTime":"2022-01-28T02:15:26.461982Z"},"$schema":"https://schema.management.azure.com/providers/Microsoft.Logic/schemas/2016-06-01/workflowdefinition.json#","contentVersion":"1.0.0.0","parameters":{"$connections":{"defaultValue":{},"type":"Object"},"$authentication":{"defaultValue":{},"type":"SecureObject"},"onedrive.emailDescription":{"defaultValue":"","type":"String"},"onedrive.textDescription":{"defaultValue":"","type":"String"},"onedrive.startApprovalEmailSubject":{"defaultValue":"","type":"String"},"onedrive.startApprovalEmailDetails":{"defaultValue":"","type":"String"},"onedrive.signOffSentNotificationSubject":{"defaultValue":"","type":"String"},"onedrive.signOffSentNotificationTitle":{"defaultValue":"","type":"String"},"onedrive.signOffSentNotificationSubTitle":{"defaultValue":"","type":"String"},"onedrive.viewFileText":{"defaultValue":"","type":"String"},"onedrive.approvedNotificationSubject":{"defaultValue":"","type":"String"},"onedrive.approvedNotificationTitle":{"defaultValue":"","type":"String"},"onedrive.rejectedNotificationSubject":{"defaultValue":"","type":"String"},"onedrive.rejectedNotificationTitle":{"defaultValue":"","type":"String"}},"triggers":{"manual":{"splitOn":"@triggerBody()['rows']","type":"Request","kind":"ApiConnection","inputs":{"schema":{"type":"object","properties":{"rows":{"type":"array","items":{"type":"object","properties":{"email":{"type":"string","x-ms-dynamically-added":true,"description":"Elija la persona que aprobará este archivo","title":"Approvers","x-ms-content-hint":"EMAIL","format":"email"},"text":{"type":"string","x-ms-dynamically-added":true,"description":"Escriba un mensaje para incluirlo en la solicitud de aprobación.","title":"Add a message","x-ms-content-hint":"TEXT"},"entity":{"type":"object","required":["entity.entity.filePath","entity.fileUrl"],"properties":{"entity.filePath":{"type":"string","isEntityParameter":true},"fileUrl":{"type":"string","isEntityParameter":true}}}},"required":["email","text"]}}}},"host":{"connection":{"name":"@parameters('$connections')['shared_onedriveforbusiness']['connectionId']"},"api":{"runtimeUrl":"https://flow-apim-msmanaged-na-westus2-01.azure-apim.net/apim/onedriveforbusiness"}},"operationId":"ForASelectedFile","parameters":{"connectionId":"","folderId":"/"}}}},"actions":{"Get_file_metadata_using_path":{"runAfter":{},"metadata":{"flowSystemMetadata":{"swaggerOperationId":"GetFileMetadataByPath"}},"type":"ApiConnection","inputs":{"host":{"connection":{"name":"@json(decodeBase64(triggerOutputs().headers['X-MS-APIM-Tokens']))['$connections']['shared_onedriveforbusiness']['connectionId']"},"api":{"runtimeUrl":"https://flow-apim-msmanaged-na-westus2-01.azure-apim.net/apim/onedriveforbusiness"}},"method":"get","path":"/datasets/default/GetFileByPath","queries":{"path":"@{triggerBody()?['entity']?['filePath']}"},"authentication":{"type":"Raw","value":"@json(decodeBase64(triggerOutputs().headers['X-MS-APIM-Tokens']))['$ConnectionKey']"}}},"Start_an_approval":{"runAfter":{"Apply_to_each":["Succeeded"]},"metadata":{"flowSystemMetadata":{"swaggerOperationId":"approvalSubscribeV2"}},"type":"ApiConnectionWebhook","inputs":{"host":{"connection":{"name":"@json(decodeBase64(triggerOutputs().headers['X-MS-APIM-Tokens']))['$connections']['shared_approvals']['connectionId']"},"api":{"runtimeUrl":"https://flow-apim-msmanaged-na-westus2-01.azure-apim.net/apim/approvals"}},"body":{"title":"Por favor, aprueba @{body('Get_file_metadata_using_path')?['DisplayName']}","assignedTo":"@{triggerBody()['email']};","details":"#### @{base64ToString(triggerOutputs()['headers']['x-ms-user-name-encoded'])} hizo un comentario\n#### @{triggerBody()['text']}\n","itemLink":"@body('Create_share_link')?['WebUrl']","itemLinkDescription":"@body('Get_file_metadata_using_path')?['Name']","notificationUrl":"@{listCallbackUrl()}","enableNotifications":true},"path":"/types/@{encodeURIComponent('Basic')}/$subscriptions","authentication":{"type":"Raw","value":"@json(decodeBase64(triggerOutputs().headers['X-MS-APIM-Tokens']))['$ConnectionKey']"}}},"Condition":{"actions":{"Send_me_an_email_notification":{"runAfter":{},"metadata":{"flowSystemMetadata":{"swaggerOperationId":"SendEmailNotification"}},"type":"ApiConnection","inputs":{"host":{"connection":{"name":"@json(decodeBase64(triggerOutputs().headers['X-MS-APIM-Tokens']))['$connections']['shared_flowpush']['connectionId']"},"api":{"runtimeUrl":"https://flow-apim-msmanaged-na-westus2-01.azure-apim.net/apim/flowpush"}},"method":"post","body":{"notificationSubject":"Aprobado: @{body('Get_file_metadata_using_path')?['Name']}","notificationBody":"<!DOCTYPE html PUBLIC \"-//W3C//DTD XHTML 1.0 Transitional//EN\" \"http://www.w3.org/TR/xhtml1/DTD/xhtml1-transitional.dtd\">\n                        <html xmlns=\"http://www.w3.org/1999/xhtml\">\n\n                        <head>\n                            <meta http-equiv=\"Content-Type\" content=\"text/html; charset=UTF-8\">\n                            <meta name=\"viewport\" content=\"width=device-width, initial-scale=1\">\n                            <style type=\"text/css\">\n                                /* Your use of the content in the files referenced here are subject to the terms of the license at http://aka.ms/fabric-font-license */\n                                @font-face {\n                                    font-family: 'FabricMDL2Icons';\n                                    src: url('https://appsforoffice.microsoft.com/fabric/fonts/icons/FabricMDL2Icons.woff') format('woff'), url('https://appsforoffice.microsoft.com/fabric/fonts/icons/FabricMDL2Icons.ttf') format('truetype');\n                                    font-weight: normal;\n                                    font-style: normal;\n                                }\n\n                                @font-face {\n                                    font-family: \"Segoe UI\";\n                                    src: local(\"Segoe UI Light\"), url(\"https://appsforoffice.microsoft.com/fabric/fonts/SegoeUI-WestEuropean/SegoeUI-Light.woff2\") format(\"woff2\"), url(\"https://appsforoffice.microsoft.com/fabric/fonts/SegoeUI-WestEuropean/SegoeUI-Light.woff\") format(\"woff\"), url(\"https://appsforoffice.microsoft.com/fabric/fonts/SegoeUI-WestEuropean/SegoeUI-Light.ttf\") format(\"truetype\");\n                                    font-weight: 100;\n                                    font-style: normal;\n                                }\n\n                                @font-face {\n                                    font-family: \"Segoe UI\";\n                                    src: local(\"Segoe UI\"), url(\"https://appsforoffice.microsoft.com/fabric/fonts/SegoeUI-WestEuropean/SegoeUI-Regular.woff2\") format(\"woff2\"), url(\"https://appsforoffice.microsoft.com/fabric/fonts/SegoeUI-WestEuropean/SegoeUI-Regular.woff\") format(\"woff\"), url(\"https://appsforoffice.microsoft.com/fabric/fonts/SegoeUI-WestEuropean/SegoeUI-Regular.ttf\") format(\"truetype\");\n                                    font-weight: 400;\n                                    font-style: normal;\n                                }\n\n                                @font-face {\n                                    font-family: \"Segoe UI\";\n                                    src: local(\"Segoe UI Semibold\"), url(\"https://appsforoffice.microsoft.com/fabric/fonts/SegoeUI-WestEuropean/SegoeUI-Semibold.woff2\") format(\"woff2\"), url(\"https://appsforoffice.microsoft.com/fabric/fonts/SegoeUI-WestEuropean/SegoeUI-Semibold.woff\") format(\"woff\"), url(\"https://appsforoffice.microsoft.com/fabric/fonts/SegoeUI-WestEuropean/SegoeUI-Semibold.ttf\") format(\"truetype\");\n                                    font-weight: 600;\n                                    font-style: normal;\n                                }\n\n                                @font-face {\n                                    font-family: \"Segoe UI WestEuropean\";\n                                    src: local(\"Segoe UI Semilight\"), url(\"https://appsforoffice.microsoft.com/fabric/fonts/SegoeUI-WestEuropean/SegoeUI-Semilight.woff2\") format(\"woff2\"), url(\"https://appsforoffice.microsoft.com/fabric/fonts/SegoeUI-WestEuropean/SegoeUI-Semilight.woff\") format(\"woff\"), url(\"https://appsforoffice.microsoft.com/fabric/fonts/SegoeUI-WestEuropean/SegoeUI-Semilight.ttf\") format(\"truetype\");\n                                    font-weight: 200;\n                                    font-style: normal;\n                                }\n\n                                < !--[if gte mso 9]>body {\n                                    mso-line-height-rule: exactly;\n                                }\n\n                                table {\n                                    mso-table-lspace: 0pt;\n                                    mso-table-rspace: 0pt;\n                                }\n\n                                tr {\n                                    mso-line-height-rule: exactly;\n                                }\n\n                                td {\n                                    mso-line-height-rule: exactly;\n                                }\n\n                                < !--< ![endif]-->< !--[if gte mso 15]>body {\n                                    line-height: 0;\n                                    mso-line-height-rule: exactly;\n                                }\n\n                                table {\n                                    mso-table-lspace: 0pt;\n                                    mso-table-rspace: 0pt;\n                                }\n\n                                tr {\n                                    mso-line-height-alt: 0px;\n                                    mso-margin-top-alt: 0px;\n                                    mso-line-height-rule: exactly;\n                                }\n\n                                td {\n                                    mso-line-height-rule: exactly;\n                                }\n\n                                < !--< ![endif]-->\n\n                                /* Undo Apple autoformatting */\n                                .u-unlink--neutralSecondaryAlt a {\n                                    color: #767676 !important;\n                                    text-decoration: none !important;\n                                }\n\n                                @media only screen and (max-width: 660px) {\n\n                                    /* Mobile only styles, using important to overpower the inlined styles */\n                                    .OuterTable,\n                                    .OuterContainer {\n                                        width: 100% !important;\n                                    }\n\n                                    .GreetingParagraph {\n                                        font-size: 21px !important;\n                                        line-height: 28px !important;\n                                    }\n                                }\n                            </style>\n                        </head>\n\n                        <body style=\"-webkit-text-size-adjust: 100%; -ms-text-size-adjust: 100%; margin: 0; padding: 0; background-color: #f2f2f2\">\n                            <!--[if mso]>                        <center>                        <table><tr><td width=\"640\">                    <![endif]-->\n                            <div class=\"OuterContainer\" width=\"640\" style=\"padding: 0; margin: 0 auto; width: 640px; background-color: #f2f2f2;\">\n                                <table class=\"OuterTable\" border=\"0\" cellpadding=\"0\" cellspacing=\"0\" style=\"font-family: 'Segoe UI', -apple-system, BlinkMacSystemFont, 'Roboto', 'Helvetica Neue', sans-serif; border: 0; width: 640px; padding: 0; margin: 0 auto;\">\n                                    <!-- The following line is not used when testing with gulp build. -->\n                                    <!-- It is only used inlining css into cshtml templates when running gulp export-components -->\n                                    <tr style=\"font-family: 'Segoe UI', -apple-system, BlinkMacSystemFont, 'Roboto', 'Helvetica Neue', sans-serif;\">\n                                        <td class=\"HeaderCell\" style=\"font-family: 'Segoe UI', -apple-system, BlinkMacSystemFont, 'Roboto', 'Helvetica Neue', sans-serif; padding: 15px 20px; background-color: #e9e9e9;\">\n                                            <img width=\"90\" height=\"17\" src=\"https://odsp-ext.azurewebsites.net/mention-email/onedrive-logo.png\">\n                                        </td>\n                                    </tr> <!-- The following import is not used when testing with gulp build. -->\n                                    <!-- It is only used inlining css into cshtml templates when running gulp export-components -->\n                                    <tr style=\"font-family: 'Segoe UI', -apple-system, BlinkMacSystemFont, 'Roboto', 'Helvetica Neue', sans-serif;\">\n                                        <td class=\"ContentCell\" style=\"font-family: 'Segoe UI', -apple-system, BlinkMacSystemFont, 'Roboto', 'Helvetica Neue', sans-serif;\">\n                                            <table class=\"ContentTable\" bgcolor=\"#FFFFFF\" align=\"center\" border=\"0\" cellpadding=\"0\" cellspacing=\"0\"\n                                                width=\"100%\" style=\"font-family: 'Segoe UI', -apple-system, BlinkMacSystemFont, 'Roboto', 'Helvetica Neue', sans-serif; border: 1px solid #dedede; width: 100%; padding: 0;\">\n                                                <!-- greeting row -->\n                                                <tr style=\"font-family: 'Segoe UI', -apple-system, BlinkMacSystemFont, 'Roboto', 'Helvetica Neue', sans-serif;\">\n                                                    <td class=\"InnerHeaderCell\" style=\"font-family: 'Segoe UI', -apple-system, BlinkMacSystemFont, 'Roboto', 'Helvetica Neue', sans-serif; padding: 40px 80px 35px; text-align: center;\">\n                                                        <img class=\"GreetingImage\" width=\"34\" height=\"34\" src=\"https://odsp-ext.azurewebsites.net/mention-email/approved-icon-2x.png\">\n                                                        <p class=\"GreetingParagraph\" style=\"font-family: 'Segoe UI', -apple-system, BlinkMacSystemFont, 'Roboto', 'Helvetica Neue', sans-serif; padding: 0; margin: 15px 0 0; font-size: 24px; font-weight: 600; text-align: center; color: #222222; line-height: 32px;\">@{body('Start_an_approval')?['responder']?['displayName']} aprobó tu archivo.</p>\n                                                        <p class=\"CommentParagraph\" style=\"padding: 0; margin: 20px 0 0; font-family: 'Segoe UI', -apple-system, BlinkMacSystemFont, 'Roboto', 'Helvetica Neue', sans-serif; color: #797979;\">@{body('Start_an_approval')?['comments']}</p>\n                                                    </td>\n                                                </tr> <!-- content row -->\n                                                <tr style=\"font-family: 'Segoe UI', -apple-system, BlinkMacSystemFont, 'Roboto', 'Helvetica Neue', sans-serif;\">\n                                                    <td class=\"InnerContentCell\" style=\"font-family: 'Segoe UI', -apple-system, BlinkMacSystemFont, 'Roboto', 'Helvetica Neue', sans-serif; padding: 20px 30px 50px; background-color: #f8f8f8; border-top: 1px solid #DEDEDE;\">\n                                                        <table class=\"DocumentTable\" align=\"center\" border=\"0\" cellpadding=\"0\" cellspacing=\"0\"\n                                                            width=\"100%\" style=\"border: 0; font-family: 'Segoe UI', -apple-system, BlinkMacSystemFont, 'Roboto', 'Helvetica Neue', sans-serif;\">\n                                                            <tr style=\"font-family: 'Segoe UI', -apple-system, BlinkMacSystemFont, 'Roboto', 'Helvetica Neue', sans-serif;\">\n                                                                <td class=\"LabelCell\" style=\"font-family: 'Segoe UI', -apple-system, BlinkMacSystemFont, 'Roboto', 'Helvetica Neue', sans-serif; text-align: center; font-size: 16px; color: #8D8D8D;\">\n                                                                    <p style=\"padding: 0; margin: 0; font-family: 'Segoe UI', -apple-system, BlinkMacSystemFont, 'Roboto', 'Helvetica Neue', sans-serif;\">Ver archivo</p>\n                                                                </td>\n                                                            </tr>\n                                                            <tr style=\"font-family: 'Segoe UI', -apple-system, BlinkMacSystemFont, 'Roboto', 'Helvetica Neue', sans-serif;\">\n                                                                <td class=\"DocumentTitleCell\" valign=\"middle\" height=\"32\" style=\"font-family: 'Segoe UI', -apple-system, BlinkMacSystemFont, 'Roboto', 'Helvetica Neue', sans-serif; text-align: center; font-size: 0; vertical-align: middle;\">\n                                                                    <table class=\"DocumentTitleTable\" align=\"center\" border=\"0\" cellpadding=\"0\"\n                                                                        cellspacing=\"0\" style=\"border: 0; font-family: 'Segoe UI', -apple-system, BlinkMacSystemFont, 'Roboto', 'Helvetica Neue', sans-serif;\">\n                                                                        <tr style=\"font-family: 'Segoe UI', -apple-system, BlinkMacSystemFont, 'Roboto', 'Helvetica Neue', sans-serif;\">\n                                                                            <td style=\"font-family: 'Segoe UI', -apple-system, BlinkMacSystemFont, 'Roboto', 'Helvetica Neue', sans-serif;\">\n                                                                                <span class=\"DocumentTitle\" style=\"font-family: 'Segoe UI', -apple-system, BlinkMacSystemFont, 'Roboto', 'Helvetica Neue', sans-serif; vertical-align: middle; font-size: 17px; color: #0078D7;\"><a\n                                                                                        href=\"@{triggerBody()?['entity']?['fileUrl']}\">@{body('Get_file_metadata_using_path')?['Name']}</a></span>\n                                                                            </td>\n                                                                        </tr>\n                                                                    </table>\n                                                                </td>\n                                                            </tr>\n                                                        </table>\n                                                    </td>\n                                                </tr>\n                                            </table>\n                                        </td>\n                                    </tr>\n                                </table>\n                            </div>\n                            <!--[if mso]>                    </td></tr></table>                    </center>                    <![endif]-->\n                        </body>\n                    </html>"},"path":"/sendEmailNotification","authentication":{"type":"Raw","value":"@json(decodeBase64(triggerOutputs().headers['X-MS-APIM-Tokens']))['$ConnectionKey']"}}}},"runAfter":{"Start_an_approval":["Succeeded"]},"else":{"actions":{"Send_me_an_email_notification_2":{"runAfter":{},"metadata":{"flowSystemMetadata":{"swaggerOperationId":"SendEmailNotification"}},"type":"ApiConnection","inputs":{"host":{"connection":{"name":"@json(decodeBase64(triggerOutputs().headers['X-MS-APIM-Tokens']))['$connections']['shared_flowpush']['connectionId']"},"api":{"runtimeUrl":"https://flow-apim-msmanaged-na-westus2-01.azure-apim.net/apim/flowpush"}},"method":"post","body":{"notificationSubject":"No aprobado: @{body('Get_file_metadata_using_path')?['Name']}","notificationBody":"<!DOCTYPE html PUBLIC \"-//W3C//DTD XHTML 1.0 Transitional//EN\" \"http://www.w3.org/TR/xhtml1/DTD/xhtml1-transitional.dtd\">\n                      <html xmlns=\"http://www.w3.org/1999/xhtml\">\n\n                      <head>\n                          <meta http-equiv=\"Content-Type\" content=\"text/html; charset=UTF-8\">\n                          <meta name=\"viewport\" content=\"width=device-width, initial-scale=1\">\n                          <style type=\"text/css\">\n                              /*                                    Your use of the content in the files referenced here are subject to the terms of the license at http://aka.ms/fabric-font-license                                */\n                              @font-face {\n                                  font-family: 'FabricMDL2Icons';\n                                  src: url('https://appsforoffice.microsoft.com/fabric/fonts/icons/FabricMDL2Icons.woff') format('woff'), url('https://appsforoffice.microsoft.com/fabric/fonts/icons/FabricMDL2Icons.ttf') format('truetype');\n                                  font-weight: normal;\n                                  font-style: normal;\n                              }\n\n                              @font-face {\n                                  font-family: \"Segoe UI\";\n                                  src: local(\"Segoe UI Light\"), url(\"https://appsforoffice.microsoft.com/fabric/fonts/SegoeUI-WestEuropean/SegoeUI-Light.woff2\") format(\"woff2\"), url(\"https://appsforoffice.microsoft.com/fabric/fonts/SegoeUI-WestEuropean/SegoeUI-Light.woff\") format(\"woff\"), url(\"https://appsforoffice.microsoft.com/fabric/fonts/SegoeUI-WestEuropean/SegoeUI-Light.ttf\") format(\"truetype\");\n                                  font-weight: 100;\n                                  font-style: normal;\n                              }\n\n                              @font-face {\n                                  font-family: \"Segoe UI\";\n                                  src: local(\"Segoe UI\"), url(\"https://appsforoffice.microsoft.com/fabric/fonts/SegoeUI-WestEuropean/SegoeUI-Regular.woff2\") format(\"woff2\"), url(\"https://appsforoffice.microsoft.com/fabric/fonts/SegoeUI-WestEuropean/SegoeUI-Regular.woff\") format(\"woff\"), url(\"https://appsforoffice.microsoft.com/fabric/fonts/SegoeUI-WestEuropean/SegoeUI-Regular.ttf\") format(\"truetype\");\n                                  font-weight: 400;\n                                  font-style: normal;\n                              }\n\n                              @font-face {\n                                  font-family: \"Segoe UI\";\n                                  src: local(\"Segoe UI Semibold\"), url(\"https://appsforoffice.microsoft.com/fabric/fonts/SegoeUI-WestEuropean/SegoeUI-Semibold.woff2\") format(\"woff2\"), url(\"https://appsforoffice.microsoft.com/fabric/fonts/SegoeUI-WestEuropean/SegoeUI-Semibold.woff\") format(\"woff\"), url(\"https://appsforoffice.microsoft.com/fabric/fonts/SegoeUI-WestEuropean/SegoeUI-Semibold.ttf\") format(\"truetype\");\n                                  font-weight: 600;\n                                  font-style: normal;\n                              }\n\n                              @font-face {\n                                  font-family: \"Segoe UI WestEuropean\";\n                                  src: local(\"Segoe UI Semilight\"), url(\"https://appsforoffice.microsoft.com/fabric/fonts/SegoeUI-WestEuropean/SegoeUI-Semilight.woff2\") format(\"woff2\"), url(\"https://appsforoffice.microsoft.com/fabric/fonts/SegoeUI-WestEuropean/SegoeUI-Semilight.woff\") format(\"woff\"), url(\"https://appsforoffice.microsoft.com/fabric/fonts/SegoeUI-WestEuropean/SegoeUI-Semilight.ttf\") format(\"truetype\");\n                                  font-weight: 200;\n                                  font-style: normal;\n                              }\n\n                              < !--[if gte mso 9]>body {\n                                  mso-line-height-rule: exactly;\n                              }\n\n                              table {\n                                  mso-table-lspace: 0pt;\n                                  mso-table-rspace: 0pt;\n                              }\n\n                              tr {\n                                  mso-line-height-rule: exactly;\n                              }\n\n                              td {\n                                  mso-line-height-rule: exactly;\n                              }\n\n                              < !--< ![endif]-->< !--[if gte mso 15]>body {\n                                  line-height: 0;\n                                  mso-line-height-rule: exactly;\n                              }\n\n                              table {\n                                  mso-table-lspace: 0pt;\n                                  mso-table-rspace: 0pt;\n                              }\n\n                              tr {\n                                  mso-line-height-alt: 0px;\n                                  mso-margin-top-alt: 0px;\n                                  mso-line-height-rule: exactly;\n                              }\n\n                              td {\n                                  mso-line-height-rule: exactly;\n                              }\n\n                              < !--< ![endif]-->\n\n                              /* Undo Apple autoformatting */\n                              .u-unlink--neutralSecondaryAlt a {\n                                  color: #767676 !important;\n                                  text-decoration: none !important;\n                              }\n\n                              @media only screen and (max-width: 660px) {\n\n                                  /* Mobile only styles, using important to overpower the inlined styles */\n                                  .OuterTable,\n                                  .OuterContainer {\n                                      width: 100% !important;\n                                  }\n\n                                  .GreetingParagraph {\n                                      font-size: 21px !important;\n                                      line-height: 28px !important;\n                                  }\n                              }\n                          </style>\n                      </head>\n\n                      <body style=\"-webkit-text-size-adjust: 100%; -ms-text-size-adjust: 100%; margin: 0; padding: 0; background-color: #f2f2f2\">\n                          <!--[if mso]>                            <center>                            <table><tr><td width=\"640\">                        <![endif]-->\n                          <div class=\"OuterContainer\" width=\"640\" style=\"padding: 0; margin: 0 auto; width: 640px; background-color: #f2f2f2;\">\n                              <table class=\"OuterTable\" border=\"0\" cellpadding=\"0\" cellspacing=\"0\" style=\"font-family: 'Segoe UI', -apple-system, BlinkMacSystemFont, 'Roboto', 'Helvetica Neue', sans-serif; border: 0; width: 640px; padding: 0; margin: 0 auto;\">\n                                  <!-- The following line is not used when testing with gulp build. -->\n                                  <!-- It is only used inlining css into cshtml templates when running gulp export-components -->\n                                  <tr style=\"font-family: 'Segoe UI', -apple-system, BlinkMacSystemFont, 'Roboto', 'Helvetica Neue', sans-serif;\">\n                                      <td class=\"HeaderCell\" style=\"font-family: 'Segoe UI', -apple-system, BlinkMacSystemFont, 'Roboto', 'Helvetica Neue', sans-serif; padding: 15px 20px; background-color: #e9e9e9;\">\n                                          <img width=\"90\" height=\"17\" src=\"https://odsp-ext.azurewebsites.net/mention-email/onedrive-logo.png\">\n                                      </td>\n                                  </tr> <!-- The following import is not used when testing with gulp build. -->\n                                  <!-- It is only used inlining css into cshtml templates when running gulp export-components -->\n                                  <tr style=\"font-family: 'Segoe UI', -apple-system, BlinkMacSystemFont, 'Roboto', 'Helvetica Neue', sans-serif;\">\n                                      <td class=\"ContentCell\" style=\"font-family: 'Segoe UI', -apple-system, BlinkMacSystemFont, 'Roboto', 'Helvetica Neue', sans-serif;\">\n                                          <table class=\"ContentTable\" bgcolor=\"#FFFFFF\" align=\"center\" border=\"0\" cellpadding=\"0\" cellspacing=\"0\"\n                                              width=\"100%\" style=\"font-family: 'Segoe UI', -apple-system, BlinkMacSystemFont, 'Roboto', 'Helvetica Neue', sans-serif; border: 1px solid #dedede; width: 100%; padding: 0;\">\n                                              <!-- greeting row -->\n                                              <tr style=\"font-family: 'Segoe UI', -apple-system, BlinkMacSystemFont, 'Roboto', 'Helvetica Neue', sans-serif;\">\n                                                  <td class=\"InnerHeaderCell\" style=\"font-family: 'Segoe UI', -apple-system, BlinkMacSystemFont, 'Roboto', 'Helvetica Neue', sans-serif; padding: 40px 80px 35px; text-align: center;\">\n                                                      <img class=\"GreetingImage\" width=\"34\" height=\"34\" src=\"https://odsp-ext.azurewebsites.net/mention-email/rejected-icon-2x.png\">\n                                                      <p class=\"GreetingParagraph\" style=\"font-family: 'Segoe UI', -apple-system, BlinkMacSystemFont, 'Roboto', 'Helvetica Neue', sans-serif; padding: 0; margin: 15px 0 0; font-size: 24px; font-weight: 600; text-align: center; color: #222222; line-height: 32px;\">@{body('Start_an_approval')?['responder']?['displayName']} no ha aprobado tu archivo.</p>\n                                                      <p class=\"CommentParagraph\" style=\"padding: 0; margin: 20px 0 0; font-family: 'Segoe UI', -apple-system, BlinkMacSystemFont, 'Roboto', 'Helvetica Neue', sans-serif; color: #797979;\">@{body('Start_an_approval')?['comments']}</p>\n                                                  </td>\n                                              </tr> <!-- content row -->\n                                              <tr style=\"font-family: 'Segoe UI', -apple-system, BlinkMacSystemFont, 'Roboto', 'Helvetica Neue', sans-serif;\">\n                                                  <td class=\"InnerContentCell\" style=\"font-family: 'Segoe UI', -apple-system, BlinkMacSystemFont, 'Roboto', 'Helvetica Neue', sans-serif; padding: 20px 30px 50px; background-color: #f8f8f8; border-top: 1px solid #DEDEDE;\">\n                                                      <table class=\"DocumentTable\" align=\"center\" border=\"0\" cellpadding=\"0\" cellspacing=\"0\"\n                                                          width=\"100%\" style=\"border: 0; font-family: 'Segoe UI', -apple-system, BlinkMacSystemFont, 'Roboto', 'Helvetica Neue', sans-serif;\">\n                                                          <tr style=\"font-family: 'Segoe UI', -apple-system, BlinkMacSystemFont, 'Roboto', 'Helvetica Neue', sans-serif;\">\n                                                              <td class=\"LabelCell\" style=\"font-family: 'Segoe UI', -apple-system, BlinkMacSystemFont, 'Roboto', 'Helvetica Neue', sans-serif; text-align: center; font-size: 16px; color: #8D8D8D;\">\n                                                                  <p style=\"padding: 0; margin: 0; font-family: 'Segoe UI', -apple-system, BlinkMacSystemFont, 'Roboto', 'Helvetica Neue', sans-serif;\">Ver archivo</p>\n                                                              </td>\n                                                          </tr>\n                                                          <tr style=\"font-family: 'Segoe UI', -apple-system, BlinkMacSystemFont, 'Roboto', 'Helvetica Neue', sans-serif;\">\n                                                              <td class=\"DocumentTitleCell\" valign=\"middle\" height=\"32\" style=\"font-family: 'Segoe UI', -apple-system, BlinkMacSystemFont, 'Roboto', 'Helvetica Neue', sans-serif; text-align: center; font-size: 0; vertical-align: middle;\">\n                                                                  <table class=\"DocumentTitleTable\" align=\"center\" border=\"0\" cellpadding=\"0\"\n                                                                      cellspacing=\"0\" style=\"border: 0; font-family: 'Segoe UI', -apple-system, BlinkMacSystemFont, 'Roboto', 'Helvetica Neue', sans-serif;\">\n                                                                      <tr style=\"font-family: 'Segoe UI', -apple-system, BlinkMacSystemFont, 'Roboto', 'Helvetica Neue', sans-serif;\">\n                                                                          <td style=\"font-family: 'Segoe UI', -apple-system, BlinkMacSystemFont, 'Roboto', 'Helvetica Neue', sans-serif;\">\n                                                                              <span class=\"DocumentTitle\" style=\"font-family: 'Segoe UI', -apple-system, BlinkMacSystemFont, 'Roboto', 'Helvetica Neue', sans-serif; vertical-align: middle; font-size: 17px; color: #0078D7;\"><a\n                                                                                      href=\"@{triggerBody()?['entity']?['fileUrl']}\">@{body('Get_file_metadata_using_path')?['Name']}</a></span>\n                                                                          </td>\n                                                                      </tr>\n                                                                  </table>\n                                                              </td>\n                                                          </tr>\n                                                      </table>\n                                                  </td>\n                                              </tr>\n                                          </table>\n                                      </td>\n                                  </tr>\n                              </table>\n                          </div>\n                          <!--[if mso]>                        </td></tr></table>                        </center>                        <![endif]-->\n                      </body>\n                      </html>"},"path":"/sendEmailNotification","authentication":{"type":"Raw","value":"@json(decodeBase64(triggerOutputs().headers['X-MS-APIM-Tokens']))['$ConnectionKey']"}}}}},"expression":"@equals(body('Start_an_approval')?['response'], 'Approve')","type":"If"},"Send_me_an_email_notification_4":{"runAfter":{"Apply_to_each":["Succeeded"]},"metadata":{"flowSystemMetadata":{"swaggerOperationId":"SendEmailNotification"}},"type":"ApiConnection","inputs":{"host":{"connection":{"name":"@json(decodeBase64(triggerOutputs().headers['X-MS-APIM-Tokens']))['$connections']['shared_flowpush']['connectionId']"},"api":{"runtimeUrl":"https://flow-apim-msmanaged-na-westus2-01.azure-apim.net/apim/flowpush"}},"method":"post","body":{"notificationSubject":"Se ha enviado @{body('Get_file_metadata_using_path')?['Name']} para su aprobación.","notificationBody":"<!DOCTYPE html PUBLIC \"-//W3C//DTD XHTML 1.0 Transitional//EN\" \"http://www.w3.org/TR/xhtml1/DTD/xhtml1-transitional.dtd\">\n                <html xmlns=\"http://www.w3.org/1999/xhtml\">\n\n                <head>\n                    <meta http-equiv=\"Content-Type\" content=\"text/html; charset=UTF-8\">\n                    <meta name=\"viewport\" content=\"width=device-width, initial-scale=1\">\n                    <style type=\"text/css\">\n                        /*                                Your use of the content in the files referenced here are subject to the terms of the license at http://aka.ms/fabric-font-license                            */\n                        @font-face {\n                            font-family: 'FabricMDL2Icons';\n                            src: url('https://appsforoffice.microsoft.com/fabric/fonts/icons/FabricMDL2Icons.woff') format('woff'), url('https://appsforoffice.microsoft.com/fabric/fonts/icons/FabricMDL2Icons.ttf') format('truetype');\n                            font-weight: normal;\n                            font-style: normal;\n                        }\n\n                        @font-face {\n                            font-family: \"Segoe UI\";\n                            src: local(\"Segoe UI Light\"), url(\"https://appsforoffice.microsoft.com/fabric/fonts/SegoeUI-WestEuropean/SegoeUI-Light.woff2\") format(\"woff2\"), url(\"https://appsforoffice.microsoft.com/fabric/fonts/SegoeUI-WestEuropean/SegoeUI-Light.woff\") format(\"woff\"), url(\"https://appsforoffice.microsoft.com/fabric/fonts/SegoeUI-WestEuropean/SegoeUI-Light.ttf\") format(\"truetype\");\n                            font-weight: 100;\n                            font-style: normal;\n                        }\n\n                        @font-face {\n                            font-family: \"Segoe UI\";\n                            src: local(\"Segoe UI\"), url(\"https://appsforoffice.microsoft.com/fabric/fonts/SegoeUI-WestEuropean/SegoeUI-Regular.woff2\") format(\"woff2\"), url(\"https://appsforoffice.microsoft.com/fabric/fonts/SegoeUI-WestEuropean/SegoeUI-Regular.woff\") format(\"woff\"), url(\"https://appsforoffice.microsoft.com/fabric/fonts/SegoeUI-WestEuropean/SegoeUI-Regular.ttf\") format(\"truetype\");\n                            font-weight: 400;\n                            font-style: normal;\n                        }\n\n                        @font-face {\n                            font-family: \"Segoe UI\";\n                            src: local(\"Segoe UI Semibold\"), url(\"https://appsforoffice.microsoft.com/fabric/fonts/SegoeUI-WestEuropean/SegoeUI-Semibold.woff2\") format(\"woff2\"), url(\"https://appsforoffice.microsoft.com/fabric/fonts/SegoeUI-WestEuropean/SegoeUI-Semibold.woff\") format(\"woff\"), url(\"https://appsforoffice.microsoft.com/fabric/fonts/SegoeUI-WestEuropean/SegoeUI-Semibold.ttf\") format(\"truetype\");\n                            font-weight: 600;\n                            font-style: normal;\n                        }\n\n                        @font-face {\n                            font-family: \"Segoe UI WestEuropean\";\n                            src: local(\"Segoe UI Semilight\"), url(\"https://appsforoffice.microsoft.com/fabric/fonts/SegoeUI-WestEuropean/SegoeUI-Semilight.woff2\") format(\"woff2\"), url(\"https://appsforoffice.microsoft.com/fabric/fonts/SegoeUI-WestEuropean/SegoeUI-Semilight.woff\") format(\"woff\"), url(\"https://appsforoffice.microsoft.com/fabric/fonts/SegoeUI-WestEuropean/SegoeUI-Semilight.ttf\") format(\"truetype\");\n                            font-weight: 200;\n                            font-style: normal;\n                        }\n\n                        < !--[if gte mso 9]>body {\n                            mso-line-height-rule: exactly;\n                        }\n\n                        table {\n                            mso-table-lspace: 0pt;\n                            mso-table-rspace: 0pt;\n                        }\n\n                        tr {\n                            mso-line-height-rule: exactly;\n                        }\n\n                        td {\n                            mso-line-height-rule: exactly;\n                        }\n\n                        < !--< ![endif]-->< !--[if gte mso 15]>body {\n                            line-height: 0;\n                            mso-line-height-rule: exactly;\n                        }\n\n                        table {\n                            mso-table-lspace: 0pt;\n                            mso-table-rspace: 0pt;\n                        }\n\n                        tr {\n                            mso-line-height-alt: 0px;\n                            mso-margin-top-alt: 0px;\n                            mso-line-height-rule: exactly;\n                        }\n\n                        td {\n                            mso-line-height-rule: exactly;\n                        }\n\n                        < !--< ![endif]-->\n\n                        /* Undo Apple autoformatting */\n                        .u-unlink--neutralSecondaryAlt a {\n                            color: #767676 !important;\n                            text-decoration: none !important;\n                        }\n\n                        @media only screen and (max-width: 660px) {\n\n                            /* Mobile only styles, using important to overpower the inlined styles */\n                            .OuterTable,\n                            .OuterContainer {\n                                width: 100% !important;\n                            }\n\n                            .GreetingParagraph {\n                                font-size: 21px !important;\n                                line-height: 28px !important;\n                            }\n                        }\n                    </style>\n                </head>\n\n                <body style=\"-webkit-text-size-adjust: 100%; -ms-text-size-adjust: 100%; margin: 0; padding: 0; background-color: #f2f2f2\">\n                    <!--[if mso]>                        <center>                        <table><tr><td width=\"640\">                    <![endif]-->\n                    <div class=\"OuterContainer\" width=\"640\" style=\"padding: 0; margin: 0 auto; width: 640px; background-color: #f2f2f2;\">\n                        <table class=\"OuterTable\" border=\"0\" cellpadding=\"0\" cellspacing=\"0\" style=\"font-family: 'Segoe UI', -apple-system, BlinkMacSystemFont, 'Roboto', 'Helvetica Neue', sans-serif; border: 0; width: 640px; padding: 0; margin: 0 auto;\">\n                            <!-- The following line is not used when testing with gulp build. -->\n                            <!-- It is only used inlining css into cshtml templates when running gulp export-components -->\n                            <tr style=\"font-family: 'Segoe UI', -apple-system, BlinkMacSystemFont, 'Roboto', 'Helvetica Neue', sans-serif;\">\n                                <td class=\"HeaderCell\" style=\"font-family: 'Segoe UI', -apple-system, BlinkMacSystemFont, 'Roboto', 'Helvetica Neue', sans-serif; padding: 15px 20px; background-color: #e9e9e9;\">\n                                    <img width=\"90\" height=\"17\" src=\"https://odsp-ext.azurewebsites.net/mention-email/onedrive-logo.png\">\n                                </td>\n                            </tr> <!-- The following import is not used when testing with gulp build. -->\n                            <!-- It is only used inlining css into cshtml templates when running gulp export-components -->\n                            <tr style=\"font-family: 'Segoe UI', -apple-system, BlinkMacSystemFont, 'Roboto', 'Helvetica Neue', sans-serif;\">\n                                <td class=\"ContentCell\" style=\"font-family: 'Segoe UI', -apple-system, BlinkMacSystemFont, 'Roboto', 'Helvetica Neue', sans-serif;\">\n                                    <table class=\"ContentTable\" bgcolor=\"#FFFFFF\" align=\"center\" border=\"0\" cellpadding=\"0\" cellspacing=\"0\"\n                                        width=\"100%\" style=\"font-family: 'Segoe UI', -apple-system, BlinkMacSystemFont, 'Roboto', 'Helvetica Neue', sans-serif; border: 1px solid #dedede; width: 100%; padding: 0;\">\n                                        <!-- greeting row -->\n                                        <tr style=\"font-family: 'Segoe UI', -apple-system, BlinkMacSystemFont, 'Roboto', 'Helvetica Neue', sans-serif;\">\n                                            <td class=\"InnerHeaderCell\" style=\"font-family: 'Segoe UI', -apple-system, BlinkMacSystemFont, 'Roboto', 'Helvetica Neue', sans-serif; padding: 40px 80px 35px; text-align: center;\">\n                                                <p class=\"GreetingParagraph\" style=\"font-family: 'Segoe UI', -apple-system, BlinkMacSystemFont, 'Roboto', 'Helvetica Neue', sans-serif; padding: 0; margin: 0; font-size: 24px; font-weight: 600; text-align: center; color: #222222; line-height: 32px;\">Se envió tu solicitud de aprobación a: @{substring(variables('ApproverNames'),0,lastIndexOf(variables('ApproverNames'),','))}</p>\n                                                <p class=\"CommentParagraph\" style=\"padding: 0; margin: 20px 0 0; font-family: 'Segoe UI', -apple-system, BlinkMacSystemFont, 'Roboto', 'Helvetica Neue', sans-serif; color: #797979;\">Te avisaremos cuando alguien responda. <a href=\"@{concat('https://flow.microsoft.com/manage/environments',workflow()['tags']['environmentName'],'/approvals/','sent')}\">Comprueba el estado</a> de tu solicitud.</p>\n                                            </td>\n                                        </tr> <!-- content row -->\n                                        <tr style=\"font-family: 'Segoe UI', -apple-system, BlinkMacSystemFont, 'Roboto', 'Helvetica Neue', sans-serif;\">\n                                            <td class=\"InnerContentCell\" style=\"font-family: 'Segoe UI', -apple-system, BlinkMacSystemFont, 'Roboto', 'Helvetica Neue', sans-serif; padding: 20px 30px 50px; background-color: #f8f8f8; border-top: 1px solid #DEDEDE;\">\n                                                <table class=\"DocumentTable\" align=\"center\" border=\"0\" cellpadding=\"0\" cellspacing=\"0\"\n                                                    width=\"100%\" style=\"border: 0; font-family: 'Segoe UI', -apple-system, BlinkMacSystemFont, 'Roboto', 'Helvetica Neue', sans-serif;\">\n                                                    <tr style=\"font-family: 'Segoe UI', -apple-system, BlinkMacSystemFont, 'Roboto', 'Helvetica Neue', sans-serif;\">\n                                                        <td class=\"LabelCell\" style=\"font-family: 'Segoe UI', -apple-system, BlinkMacSystemFont, 'Roboto', 'Helvetica Neue', sans-serif; text-align: center; font-size: 16px; color: #8D8D8D;\">\n                                                            <p style=\"padding: 0; margin: 0; font-family: 'Segoe UI', -apple-system, BlinkMacSystemFont, 'Roboto', 'Helvetica Neue', sans-serif;\">Ver archivo</p>\n                                                        </td>\n                                                    </tr>\n                                                    <tr style=\"font-family: 'Segoe UI', -apple-system, BlinkMacSystemFont, 'Roboto', 'Helvetica Neue', sans-serif;\">\n                                                        <td class=\"DocumentTitleCell\" valign=\"middle\" height=\"32\" style=\"font-family: 'Segoe UI', -apple-system, BlinkMacSystemFont, 'Roboto', 'Helvetica Neue', sans-serif; text-align: center; font-size: 0; vertical-align: middle;\">\n                                                            <table class=\"DocumentTitleTable\" align=\"center\" border=\"0\" cellpadding=\"0\"\n                                                                cellspacing=\"0\" style=\"border: 0; font-family: 'Segoe UI', -apple-system, BlinkMacSystemFont, 'Roboto', 'Helvetica Neue', sans-serif;\">\n                                                                <tr style=\"font-family: 'Segoe UI', -apple-system, BlinkMacSystemFont, 'Roboto', 'Helvetica Neue', sans-serif;\">\n                                                                    <td style=\"font-family: 'Segoe UI', -apple-system, BlinkMacSystemFont, 'Roboto', 'Helvetica Neue', sans-serif;\">\n                                                                        <span class=\"DocumentTitle\" style=\"font-family: 'Segoe UI', -apple-system, BlinkMacSystemFont, 'Roboto', 'Helvetica Neue', sans-serif; vertical-align: middle; font-size: 17px; color: #0078D7;\"><a\n                                                                                href=\"@{triggerBody()?['entity']?['fileUrl']}\">@{body('Get_file_metadata_using_path')?['Name']}</a></span>\n                                                                    </td>\n                                                                </tr>\n                                                            </table>\n                                                        </td>\n                                                    </tr>\n                                                </table>\n                                            </td>\n                                        </tr>\n                                    </table>\n                                </td>\n                            </tr>\n                        </table>\n                    </div>\n                    <!--[if mso]>                    </td></tr></table>                    </center>                    <![endif]-->\n                </body>\n\n                </html>"},"path":"/sendEmailNotification","authentication":{"type":"Raw","value":"@json(decodeBase64(triggerOutputs().headers['X-MS-APIM-Tokens']))['$ConnectionKey']"}}},"Apply_to_each":{"foreach":"@split(triggerBody()['email'],';')","actions":{"Get_user_profile_(V2)":{"runAfter":{},"metadata":{"flowSystemMetadata":{"swaggerOperationId":"UserProfile_V2"}},"type":"ApiConnection","inputs":{"host":{"connection":{"name":"@json(decodeBase64(triggerOutputs().headers['X-MS-APIM-Tokens']))['$connections']['shared_office365users']['connectionId']"},"api":{"runtimeUrl":"https://flow-apim-msmanaged-na-westus2-01.azure-apim.net/apim/office365users"}},"method":"get","path":"/codeless/v1.0/users/@{encodeURIComponent(items('Apply_to_each'))}","authentication":{"type":"Raw","value":"@json(decodeBase64(triggerOutputs().headers['X-MS-APIM-Tokens']))['$ConnectionKey']"}}},"Append_to_ApproverNames":{"runAfter":{"Get_user_profile_(V2)":["Succeeded"]},"type":"AppendToStringVariable","inputs":{"name":"ApproverNames","value":"@body('Get_user_profile_(V2)')?['displayName']"}},"Add_a_comma_to_ApproverNames":{"runAfter":{"Append_to_ApproverNames":["Succeeded"]},"type":"AppendToStringVariable","inputs":{"name":"ApproverNames","value":", "}}},"runAfter":{"Initialize_variable":["Succeeded"]},"type":"Foreach"},"Initialize_variable":{"runAfter":{"Create_share_link":["Succeeded"]},"type":"InitializeVariable","inputs":{"variables":[{"name":"ApproverNames","type":"String"}]}},"Create_share_link":{"runAfter":{"Get_file_metadata_using_path":["Succeeded"]},"metadata":{"flowSystemMetadata":{"swaggerOperationId":"CreateShareLink"}},"type":"ApiConnection","inputs":{"host":{"connection":{"name":"@json(decodeBase64(triggerOutputs().headers['X-MS-APIM-Tokens']))['$connections']['shared_onedriveforbusiness']['connectionId']"},"api":{"runtimeUrl":"https://flow-apim-msmanaged-na-westus2-01.azure-apim.net/apim/onedriveforbusiness"}},"method":"post","path":"/datasets/default/files/@{encodeURIComponent(encodeURIComponent(body('Get_file_metadata_using_path')?['Id']))}/share","queries":{"type":"View","scope":"Organization"},"authentication":{"type":"Raw","value":"@json(decodeBase64(triggerOutputs().headers['X-MS-APIM-Tokens']))['$ConnectionKey']"}}}},"outputs":{},"description":"This flow lets you send a file to others to get their approval. Any one of the approvers can approve. Once they respond, you will be notified via email."},"connectionReferences":{"shared_onedriveforbusiness":{"connectionName":"shared-onedriveforbu-487856c1-f70e-4524-96fa-28ae-a02fb05a","source":"Invoker","id":"/providers/Microsoft.PowerApps/apis/shared_onedriveforbusiness","tier":"NotSpecified"},"shared_approvals":{"connectionName":"shared-approvals-01b5460a-5626-4263-bf1d-a3c9-3e0ec9b5","source":"Invoker","id":"/providers/Microsoft.PowerApps/apis/shared_approvals","tier":"NotSpecified"},"shared_flowpush":{"connectionName":"shared-flowpush-caf0f508-565e-4cfe-a8ae-fbe2-3c7e5c02","source":"Invoker","id":"/providers/Microsoft.PowerApps/apis/shared_flowpush","tier":"NotSpecified"},"shared_office365users":{"connectionName":"shared-office365user-6c073ded-1b38-459f-a35e-9420-a18252ee","source":"Invoker","id":"/providers/Microsoft.PowerApps/apis/shared_office365users","tier":"NotSpecified"}},"flowFailureAlertSubscribed":false,"isManaged":false}}