{"name":"70f54814-d320-46a6-9f1b-c0510af5b930","id":"/providers/Microsoft.Flow/flows/70f54814-d320-46a6-9f1b-c0510af5b930","type":"Microsoft.Flow/flows","properties":{"apiId":"/providers/Microsoft.PowerApps/apis/shared_logicflows","displayName":"Recurrence -> Get items","definition":{"metadata":{"workflowEntityId":null,"processAdvisorMetadata":null,"flowclientsuspensionreason":"None","flowclientsuspensiontime":null,"creator":{"id":"92b54cd9-a569-4d92-bca0-4f330d1ea600","type":"User","tenantId":"fddf0fb0-6be4-4e34-ace1-e795bc64c91f"},"provisioningMethod":"FromDefinition","failureAlertSubscription":true,"clientLastModifiedTime":"2021-05-03T07:39:36.2701832Z"},"$schema":"https://schema.management.azure.com/providers/Microsoft.Logic/schemas/2016-06-01/workflowdefinition.json#","contentVersion":"1.0.0.0","parameters":{"$connections":{"defaultValue":{},"type":"Object"},"$authentication":{"defaultValue":{},"type":"SecureObject"}},"triggers":{"Recurrence":{"recurrence":{"frequency":"Day","interval":1},"type":"Recurrence"}},"actions":{"Get_items":{"runAfter":{"Initialize_variable_2":["Succeeded"]},"type":"OpenApiConnection","inputs":{"host":{"apiId":"/providers/Microsoft.PowerApps/apis/shared_sharepointonline","connectionName":"shared_sharepointonline","operationId":"GetItems"},"parameters":{"dataset":"https://amspecllc.sharepoint.com/sites/PRATeam","table":"4f5041c8-d4ec-4a2d-81fc-57566b369862"},"authentication":"@parameters('$authentication')"}},"Initialize_variable":{"runAfter":{},"type":"InitializeVariable","inputs":{"variables":[{"name":"varNymDays","type":"integer","value":30}]}},"Initialize_variable_2":{"runAfter":{"Initialize_variable":["Succeeded"]},"type":"InitializeVariable","inputs":{"variables":[{"name":"varReminderDate","type":"string","value":"addDays(utcNow(), variables('varNumDays'), 'yyyy-MM-dd')"}]}},"Apply_to_each":{"foreach":"@body('Filter_array')","actions":{"Send_an_email_(V2)":{"runAfter":{},"type":"OpenApiConnection","inputs":{"host":{"apiId":"/providers/Microsoft.PowerApps/apis/shared_office365","connectionName":"shared_office365_1","operationId":"SendEmailV2"},"parameters":{"emailMessage/To":"Amr.Guenena@amspecgroup.com","emailMessage/Subject":"Reminder : @{items('Apply_to_each')?['PRA_x0020_Number']} due in @{items('Apply_to_each')?['Expiry_x0020_Date']}","emailMessage/Body":"<p>&lt;p&gt;&lt;strong&gt;Reminder:&lt;/strong&gt;&lt;br&gt;<br>\n&lt;br&gt;<br>\n&lt;a herf=\"@{items('Apply_to_each')?['{Link}']}\"&gt;@{items('Apply_to_each')?['Title']}&lt;/a&gt; is due on @{items('Apply_to_each')?['Expiry_x0020_Date']}. &lt;/p&gt;</p>"},"authentication":"@parameters('$authentication')"}}},"runAfter":{"Filter_array":["Succeeded"]},"type":"Foreach"},"Filter_array":{"runAfter":{"Get_items":["Succeeded"]},"type":"Query","inputs":{"from":"@outputs('Get_items')?['body/value']","where":"@equals(dayOfWeek(item()?['Expiry Date']), 2)"}}},"outputs":{}},"connectionReferences":{"shared_sharepointonline":{"connectionName":"a4ec9f1c9440458e811068e4ca62ebb8","source":"Embedded","id":"/providers/Microsoft.PowerApps/apis/shared_sharepointonline","tier":"NotSpecified"},"shared_office365_1":{"connectionName":"shared-office365-3d4ee488-32bb-4dae-92b4-872f-9867154d","source":"Embedded","id":"/providers/Microsoft.PowerApps/apis/shared_office365","tier":"NotSpecified"}},"flowFailureAlertSubscribed":false,"isManaged":false}}