{"name":"8ea5e955-46eb-4426-b9ee-a807516e7848","id":"/providers/Microsoft.Flow/flows/8ea5e955-46eb-4426-b9ee-a807516e7848","type":"Microsoft.Flow/flows","properties":{"apiId":"/providers/Microsoft.PowerApps/apis/shared_logicflows","displayName":"PRA TRACKER Notify a team of new Sharepoint list items","definition":{"metadata":{"workflowEntityId":null,"processAdvisorMetadata":null,"flowclientsuspensionreason":"None","flowclientsuspensiontime":null,"creator":{"id":"79bf7d7a-0ac1-4a32-b262-3115e0d3f1fb","type":"User","tenantId":"fddf0fb0-6be4-4e34-ace1-e795bc64c91f"},"provisioningMethod":"FromDefinition","failureAlertSubscription":true,"clientLastModifiedTime":"2022-04-01T19:23:39.4133219Z"},"$schema":"https://schema.management.azure.com/providers/Microsoft.Logic/schemas/2016-06-01/workflowdefinition.json#","contentVersion":"1.0.0.0","parameters":{"$connections":{"defaultValue":{},"type":"Object"},"$authentication":{"defaultValue":{},"type":"SecureObject"}},"triggers":{"When_an_item_is_created":{"recurrence":{"frequency":"Minute","interval":5},"splitOn":"@triggerOutputs()?['body/value']","type":"OpenApiConnection","inputs":{"host":{"apiId":"/providers/Microsoft.PowerApps/apis/shared_sharepointonline","connectionName":"shared_sharepointonline","operationId":"GetOnNewItems"},"parameters":{"dataset":"https://amspecllc.sharepoint.com/sites/PRATeam","table":"4f5041c8-d4ec-4a2d-81fc-57566b369862"},"authentication":"@parameters('$authentication')"}}},"actions":{"Post_adaptive_card_in_a_chat_or_channel":{"runAfter":{},"type":"OpenApiConnection","inputs":{"host":{"apiId":"/providers/Microsoft.PowerApps/apis/shared_teams","connectionName":"shared_teams","operationId":"PostCardToConversation"},"parameters":{"poster":"Flow bot","location":"Channel","body/recipient/groupId":"b5f58e6b-57f5-4132-b7c2-5d6300b84bfc","body/recipient/channelId":"19:7f602d97f8e345d1bfc48f0188fc4745@thread.tacv2","body/messageBody":"{\n\"type\": \"AdaptiveCard\",\n\"body\": [\n {\n \"type\": \"TextBlock\",\n \"text\": \"Update from Sharepoint\",\n\"spacing\": \"Medium\",\n\"size\": \"Large\",\n\"weight\": \"Bolder\"\n},\n{\n \"type\": \"TextBlock\",\n \"text\": \"A new item was added to a list\",\n\"size\": \"Medium\",\n\"spacing\": \"None\"\n },\n {\n\"type\": \"FactSet\",\n \"facts\": [\n {\n \"title\": \"Created by\",\n \"value\": \"[@{triggerOutputs()?['body/Author/DisplayName']}](https://teams.microsoft.com/l/chat/0/0?users=@{triggerOutputs()?['body/Author/Email']})\"\n },\n {\n \"title\": \"Time\",\n \"value\": \"@{triggerOutputs()?['body/Created']}\"\n}\n]\n },\n {\n \"type\": \"ActionSet\",\n \"actions\": [\n {\n \"type\": \"Action.OpenUrl\",\n \"title\": \"View list\",\n \"url\": \"@{triggerOutputs()?['body/{Link}']}\"\n }\n ]\n}\n],\n \"version\": \"1.2\",\n \"$schema\": \"http://adaptivecards.io/schemas/adaptive-card.json\"\n}"},"authentication":"@parameters('$authentication')"}}},"outputs":{},"description":"Post to a channel every time a new item is created in a specific Sharepoint list."},"connectionReferences":{"shared_teams":{"connectionName":"shared-teams-292abd1a-37dd-4142-bb8b-9af7f8b37c22","source":"Embedded","id":"/providers/Microsoft.PowerApps/apis/shared_teams","tier":"NotSpecified"},"shared_sharepointonline":{"connectionName":"4ecd59a72f0c407bbb4a9a2926ec016e","source":"Embedded","id":"/providers/Microsoft.PowerApps/apis/shared_sharepointonline","tier":"NotSpecified"}},"flowFailureAlertSubscribed":false,"isManaged":false}}