{"schemaVersion":"1.0","appDefinitionTemplate":{"id":"/providers/Microsoft.PowerApps/apps/","type":"Microsoft.PowerApps/apps","tags":{"primaryDeviceWidth":"640","primaryDeviceHeight":"1136","sienaVersion":"20181219T001713Z-3.18114.25.0","deviceCapabilities":"","supportsPortrait":"true","supportsLandscape":"false","primaryFormFactor":"Phone","publisherVersion":"3.18114.25","minimumRequiredApiVersion":"2.2.0"},"properties":{"appVersion":"2018-12-19T00:17:13Z","lifeCycleId":"Published","createdByClientVersion":{"major":3,"minor":18114,"build":25,"revision":0,"majorRevision":0,"minorRevision":0},"minClientVersion":{"major":3,"minor":18114,"build":25,"revision":0,"majorRevision":0,"minorRevision":0},"backgroundColor":"rgba(208, 52, 56, 1)","backgroundImageUri":"/16933786294190558909/N2e401a49-0023-46da-ba6e-a405ea79760e-logoSmallFile","displayName":"PonDens","description":"","appUris":{"documentUri":{"value":"/16933786294190558909/N5b4eb0bf-33a1-4f23-8e7b-79c30d3e84b5-document.msapp"},"imageUris":[]},"createdTime":"0001-01-01T00:00:00Z","lastModifiedTime":"0001-01-01T00:00:00Z","sharedGroupsCount":0,"sharedUsersCount":0,"icons":{"smallIconUri":"/16933786294190558909/N0a93d712-dd93-446c-b1d4-584489c2a140-small.png","mediumIconUri":"/16933786294190558909/Nabb3ea02-9f1d-4215-a2bb-67483e187cca-medium.png","largeIconUri":"/16933786294190558909/Nae2d8795-312d-4bde-ae56-78986be37465-large.png","wideIconUri":"/16933786294190558909/N290a1059-6ec1-4624-8984-93d358f961e3-wide.png"},"connectionReferences":{},"databaseReferences":{},"almMode":"Environment","performanceOptimizationEnabled":true,"executionRestrictions":{"isTeamsOnly":false,"dataLossPreventionEvaluationResult":{"status":"Compliant","lastEvaluationDate":"2020-10-27T21:31:45.8846571Z","violationDetails":[]}}},"appType":"ClassicCanvasApp","appComponents":[]}}