{"name":"9131d8a3-aab5-4947-a25c-8f165e2544ed","id":"/providers/Microsoft.Flow/flows/9131d8a3-aab5-4947-a25c-8f165e2544ed","type":"Microsoft.Flow/flows","properties":{"apiId":"/providers/Microsoft.PowerApps/apis/shared_logicflows","displayName":"Save Outlook.com email attachments to your OneDrive","definition":{"metadata":{"workflowEntityId":null,"flowclientsuspensionreason":"NeverTriggeringDetected","flowclientsuspensiontime":"2022-05-23T06:51:24.0546111Z","creator":{"id":"3c004689-d2b1-4f41-b304-2965fe37b66f","type":"User","tenantId":"fddf0fb0-6be4-4e34-ace1-e795bc64c91f"},"provisioningMethod":"FromDefinition","failureAlertSubscription":true,"clientLastModifiedTime":"2021-03-15T13:01:53.5504646Z","processAdvisorMetadata":null},"$schema":"https://schema.management.azure.com/providers/Microsoft.Logic/schemas/2016-06-01/workflowdefinition.json#","contentVersion":"1.0.0.0","parameters":{"$connections":{"defaultValue":{},"type":"Object"},"$authentication":{"defaultValue":{},"type":"SecureObject"}},"triggers":{"On_new_email":{"splitOn":"@triggerBody()?.value","metadata":{"flowSystemMetadata":{"swaggerOperationId":"OnNewEmailV2"}},"type":"ApiConnectionNotification","inputs":{"fetch":{"method":"get","pathTemplate":{"template":"/v2/Mail/OnNewEmail"},"queries":{"folderPath":"Inbox","importance":"Normal","fetchOnlyWithAttachment":true,"includeAttachments":true}},"subscribe":{"method":"post","pathTemplate":{"template":"/MailSubscriptionPoke/$subscriptions"},"body":{"NotificationUrl":"@{listCallbackUrl()}"},"queries":{"folderPath":"Inbox","importance":"Normal","fetchOnlyWithAttachment":true}},"host":{"api":{"runtimeUrl":"https://flow-apim-msmanaged-na-northcentralus-01.azure-apim.net/apim/outlook"},"connection":{"name":"@parameters('$connections')['shared_outlook']['connectionId']"}},"authentication":"@parameters('$authentication')"},"conditions":[]}},"actions":{"Apply_to_each_Attachment_on_the_email":{"foreach":"@triggerBody()['Attachments']","actions":{"Create_file":{"runAfter":{},"metadata":{"flowSystemMetadata":{"swaggerOperationId":"CreateFile"}},"type":"ApiConnection","inputs":{"host":{"api":{"runtimeUrl":"https://flow-apim-msmanaged-na-westus-01.azure-apim.net/apim/onedrive"},"connection":{"name":"@parameters('$connections')['shared_onedrive']['connectionId']"}},"method":"post","queries":{"folderPath":"/Email attachments from Power Automate","name":"@{item()['Name']}"},"body":"@base64ToBinary(item()['ContentBytes'])","path":"/datasets/default/files","authentication":"@parameters('$authentication')"}}},"runAfter":{},"type":"Foreach"}},"description":"Now you can have easy access to your Outlook.com email attachments from OneDrive. All attachments sent to your Outlook.com inbox will be saved in a folder called Email attachments from Power Automate."},"connectionReferences":{"shared_outlook":{"connectionName":"shared-outlook-85596626-ba6a-445d-9887-4ece10c40799","source":"Embedded","id":"/providers/Microsoft.PowerApps/apis/shared_outlook","tier":"NotSpecified"},"shared_onedrive":{"connectionName":"c4915f96e622466291b91ce6ba36a796","source":"Embedded","id":"/providers/Microsoft.PowerApps/apis/shared_onedrive","tier":"NotSpecified"}},"flowFailureAlertSubscribed":false,"isManaged":false}}