{"name":"d1bcc536-563d-486c-b42e-a38e1078e6aa","id":"/providers/Microsoft.Flow/flows/d1bcc536-563d-486c-b42e-a38e1078e6aa","type":"Microsoft.Flow/flows","properties":{"apiId":"/providers/Microsoft.PowerApps/apis/shared_logicflows","displayName":"Edox Collector Beta V2","definition":{"metadata":{"workflowEntityId":null,"processAdvisorMetadata":null,"flowclientsuspensionreason":"BillingConsumption","flowclientsuspensiontime":"2022-04-18T09:10:51.1656307Z","creator":{"id":"e6fa3311-d0c7-418c-85e4-e25522a6c1b2","type":"User","tenantId":"fddf0fb0-6be4-4e34-ace1-e795bc64c91f"},"provisioningMethod":"FromDefinition","failureAlertSubscription":true,"clientLastModifiedTime":"2022-03-16T16:06:37.4277263Z"},"$schema":"https://schema.management.azure.com/providers/Microsoft.Logic/schemas/2016-06-01/workflowdefinition.json#","contentVersion":"1.0.0.0","parameters":{"$connections":{"defaultValue":{},"type":"Object"},"$authentication":{"defaultValue":{},"type":"SecureObject"}},"triggers":{"manual":{"metadata":{"operationMetadataId":"7cb44b99-59b4-450a-898c-9ced190bf8a3"},"type":"Request","kind":"PowerApp","inputs":{"schema":{"type":"object","properties":{},"required":[]}}}},"actions":{"Executar_um_fluxo_criado_com_o_Power_Automate_Desktop":{"runAfter":{},"metadata":{"operationMetadataId":"2e4cf7d4-bb79-43bd-82c3-2b32d90605dd"},"type":"OpenApiConnection","inputs":{"host":{"apiId":"/providers/Microsoft.PowerApps/apis/shared_uiflow","connectionName":"shared_uiflow","operationId":"RunUIFlow_V2"},"parameters":{"uiFlowId":"505bf52c-a7af-425a-ac8c-09ab2ab732ed","runMode":"attended","runPriority":"high","item/splitCert":"Split 1","item/ProdutoCert":"Soybeans","item/nroOpEdox":"133524","item/SetExp":"All","x-ms-flow-trusted-access":true},"authentication":{"value":"@json(decodeBase64(triggerOutputs().headers['X-MS-APIM-Tokens']))['$ConnectionKey']","type":"Raw"}}},"Enviar_um_email_(V2)":{"runAfter":{"Executar_um_fluxo_criado_com_o_Power_Automate_Desktop":["Succeeded"]},"metadata":{"operationMetadataId":"819be7e7-3fd7-483f-aeb7-d31335a23965"},"type":"OpenApiConnection","inputs":{"host":{"apiId":"/providers/Microsoft.PowerApps/apis/shared_office365","connectionName":"shared_office365","operationId":"SendEmailV2"},"parameters":{"emailMessage/To":"Anderson.Reis@amspecgroup.com","emailMessage/Subject":"Test | @{concat(trim(outputs('Executar_um_fluxo_criado_com_o_Power_Automate_Desktop')?['body/certNro']),trim(outputs('Executar_um_fluxo_criado_com_o_Power_Automate_Desktop')?['body/certYear']))}","emailMessage/Body":"<p><br>\nAmSpec OS: @{concat(trim(outputs('Executar_um_fluxo_criado_com_o_Power_Automate_Desktop')?['body/certNro']),trim(outputs('Executar_um_fluxo_criado_com_o_Power_Automate_Desktop')?['body/certYear']))}<br>\n<br>\n</p>","emailMessage/ReplyTo":"Anderson.Reis@amspecgroup.com","emailMessage/Importance":"Normal"},"authentication":{"value":"@json(decodeBase64(triggerOutputs().headers['X-MS-APIM-Tokens']))['$ConnectionKey']","type":"Raw"}}}},"outputs":{}},"connectionReferences":{"shared_uiflow":{"connectionName":"shared-uiflow-49490926-2396-4b68-ae63-a5d9-b587a36b","source":"Invoker","id":"/providers/Microsoft.PowerApps/apis/shared_uiflow","tier":"NotSpecified"},"shared_office365":{"connectionName":"shared-office365-4a96a26a-cd91-4f0d-81cb-39a7-74d50b10","source":"Invoker","id":"/providers/Microsoft.PowerApps/apis/shared_office365","tier":"NotSpecified"}},"flowFailureAlertSubscribed":false,"isManaged":false}}