{"name":"dcc9e61e-571b-4e93-88d0-5955e3c81b6c","id":"/providers/Microsoft.Flow/flows/dcc9e61e-571b-4e93-88d0-5955e3c81b6c","type":"Microsoft.Flow/flows","properties":{"apiId":"/providers/Microsoft.PowerApps/apis/shared_logicflows","displayName":"API Amaggi Test","definition":{"metadata":{"workflowEntityId":null,"processAdvisorMetadata":null,"flowclientsuspensionreason":"None","flowclientsuspensiontime":null,"creator":{"id":"e6fa3311-d0c7-418c-85e4-e25522a6c1b2","type":"User","tenantId":"fddf0fb0-6be4-4e34-ace1-e795bc64c91f"},"provisioningMethod":"FromDefinition","failureAlertSubscription":true,"clientLastModifiedTime":"2022-03-16T15:46:46.737076Z"},"$schema":"https://schema.management.azure.com/providers/Microsoft.Logic/schemas/2016-06-01/workflowdefinition.json#","contentVersion":"1.0.0.0","parameters":{"$connections":{"defaultValue":{},"type":"Object"},"$authentication":{"defaultValue":{},"type":"SecureObject"}},"triggers":{"manual":{"metadata":{"operationMetadataId":"185d798d-a992-43ed-902f-7c1ff1992d6f"},"type":"Request","kind":"PowerApp","inputs":{"schema":{"type":"object","properties":{},"required":[]}}}},"actions":{"Webhook_HTTP":{"runAfter":{"Obter_itens":["Succeeded"]},"metadata":{"operationMetadataId":"ad0b97a6-4167-42a3-9037-b920ae2419db"},"type":"HttpWebhook","inputs":{"subscribe":{"method":"POST","uri":"https://hook.integromat.com/tdpdqesrr6t57jju8tjtq16049viorxj","body":"@outputs('Obter_itens')?['body']"},"unsubscribe":{}}},"Obter_itens":{"runAfter":{},"metadata":{"operationMetadataId":"7d32b4e4-ce41-45a3-978b-129fdf02d487"},"type":"OpenApiConnection","inputs":{"host":{"apiId":"/providers/Microsoft.PowerApps/apis/shared_sharepointonline","connectionName":"shared_sharepointonline","operationId":"GetItems"},"parameters":{"dataset":"https://amspecllc.sharepoint.com/sites/AgriBrasil","table":"3852bf95-0328-4fee-9e2a-f50cab0a08fe"},"authentication":{"value":"@json(decodeBase64(triggerOutputs().headers['X-MS-APIM-Tokens']))['$ConnectionKey']","type":"Raw"}}}}},"connectionReferences":{"shared_sharepointonline":{"connectionName":"d0ed5079cc724550980fd6fb3df8dac4","source":"Invoker","id":"/providers/Microsoft.PowerApps/apis/shared_sharepointonline","tier":"NotSpecified"}},"flowFailureAlertSubscribed":false,"isManaged":false}}