{"schemaVersion":"1.0","appDefinitionTemplate":{"id":"/providers/Microsoft.PowerApps/apps/","type":"Microsoft.PowerApps/apps","tags":{"primaryDeviceWidth":"640","primaryDeviceHeight":"1136","sienaVersion":"20211221T051743Z-3.21115.37.0","deviceCapabilities":"","supportsPortrait":"true","supportsLandscape":"true","primaryFormFactor":"Phone","publisherVersion":"3.21115.37","minimumRequiredApiVersion":"2.2.0","hasComponent":"false","hasUnlockedComponent":"false","isUnifiedRootApp":"false"},"properties":{"appVersion":"2021-12-21T05:17:43Z","lifeCycleId":"Published","createdByClientVersion":{"major":3,"minor":21115,"build":37,"revision":0,"majorRevision":0,"minorRevision":0},"minClientVersion":{"major":3,"minor":21115,"build":37,"revision":0,"majorRevision":0,"minorRevision":0},"backgroundColor":"RGBA(0,176,240,1)","backgroundImageUri":"/13536450042805757190/N76225db6-19f6-4a08-ac82-109537ae97c3-logoSmallFile","displayName":"ARA Sickness Reporting","description":"","commitMessage":"removed Html tags by adding PlainText( to default values","appUris":{"documentUri":{"value":"/13536450042805757190/Nfcd064d4-688f-489d-b777-a4d298ff8386-document.msapp"},"imageUris":[]},"createdTime":"0001-01-01T00:00:00Z","lastModifiedTime":"0001-01-01T00:00:00Z","sharedGroupsCount":0,"sharedUsersCount":0,"icons":{"smallIconUri":"/13536450042805757190/Nada9ecae-b389-4417-b1b8-427be7b73ba1-small.png","mediumIconUri":"/13536450042805757190/Nda456db3-0323-4a33-98cc-856d6a29b5db-medium.png","largeIconUri":"/13536450042805757190/N38b2130c-0d25-4f77-a9c1-5a7507ce4ff1-large.png","wideIconUri":"/13536450042805757190/Nbc0d8fbf-3c50-417d-b7a8-c407316c7fab-wide.png"},"connectionReferences":{"fade1e21-22e8-4aa3-a69d-f033fba392a4":{"id":"11a93981-676c-4606-a07f-edd11d7114a2","displayName":"SharePoint","iconUri":"https://connectoricons-prod.azureedge.net/releases/v1.0.1533/1.0.1533.2600/sharepointonline/icon.png","dataSources":["Sickness Reporting"],"dependencies":[],"dependents":[],"parameterHints":{},"parameterHintsV2":{},"isOnPremiseConnection":false,"bypassConsent":false,"dataSets":{"https://amspecllc.sharepoint.com/sites/EuropeTeam":{"dataSources":{"Sickness Reporting":{"tableName":"15055aab-2b28-4b03-a14d-2dd4683571be"}}}},"apiTier":"Standard","isCustomApiConnection":false,"actions":["providers/PowerPlatform.Governance/Operations/Read","providers/PowerPlatform.Governance/Operations/Write"]}},"databaseReferences":{},"almMode":"Environment","performanceOptimizationEnabled":true,"canConsumeAppPass":true,"executionRestrictions":{"isTeamsOnly":false,"dataLossPreventionEvaluationResult":{"status":"Compliant","lastEvaluationDate":"2021-12-20T17:34:30.1915Z","violations":[],"violationsByPolicy":[],"violationErrorMessage":"The app uses the following connectors: shared_sharepointonline."}}},"appType":"ClassicCanvasApp","appComponents":[]}}