{"schemaVersion":"1.0","appDefinitionTemplate":{"id":"/providers/Microsoft.PowerApps/apps/","type":"Microsoft.PowerApps/apps","tags":{"sp-site-id":"https://amspecllc.sharepoint.com/sites/EuropeTeam/FinEur/ARA","sp-list-id":"243138a4-493a-4a29-a90c-375fd9eec4bc","https://amspecllc.sharepoint.com/sites/EuropeTeam/FinEur/ARA":"243138a4-493a-4a29-a90c-375fd9eec4bc","primaryDeviceWidth":"640","primaryDeviceHeight":"1136","sienaVersion":"20201103T130320Z-3.20102.16.0","deviceCapabilities":"","supportsPortrait":"true","supportsLandscape":"false","primaryFormFactor":"Phone","publisherVersion":"3.20102.16","minimumRequiredApiVersion":"2.2.0","hasComponent":"false","hasUnlockedComponent":"false","isUnifiedRootApp":"false"},"properties":{"appVersion":"2020-11-03T13:03:20Z","lifeCycleId":"Published","createdByClientVersion":{"major":3,"minor":20102,"build":16,"revision":0,"majorRevision":0,"minorRevision":0},"minClientVersion":{"major":3,"minor":20102,"build":16,"revision":0,"majorRevision":0,"minorRevision":0},"backgroundColor":"rgba(0, 176, 240, 1)","backgroundImageUri":"/9143008403406632986/N2715b17a-7288-4a9f-9048-f046e5d367d6-logoSmallFile","displayName":"Verbruik","description":"","commitMessage":"","appUris":{"documentUri":{"value":"/9143008403406632986/Nc81b5d00-d1fe-4e5d-9cc9-f2bd6af74801-document.msapp"},"imageUris":[]},"createdTime":"0001-01-01T00:00:00Z","lastModifiedTime":"0001-01-01T00:00:00Z","sharedGroupsCount":0,"sharedUsersCount":0,"icons":{"smallIconUri":"/9143008403406632986/N8c16fc93-97f1-454a-8add-959485f83691-small.png","mediumIconUri":"/9143008403406632986/Nab45e69d-e57c-42fb-a6ef-b6fdd994f05c-medium.png","largeIconUri":"/9143008403406632986/N10abf23a-28ce-479f-9aa7-39df1216a076-large.png","wideIconUri":"/9143008403406632986/N4ae0cf23-7333-426b-9211-8b1c3258d0a4-wide.png"},"connectionReferences":{"cd60abd9-7254-495c-ad4c-0982bbba1acf":{"id":"11a93981-676c-4606-a07f-edd11d7114a2","displayName":"SharePoint","iconUri":"https://connectoricons-prod.azureedge.net/releases/v1.0.1402/1.0.1402.2163/sharepointonline/icon.png","dataSources":["Approval"],"dependencies":[],"dependents":[],"parameterHints":{},"isOnPremiseConnection":false,"dataSets":{"https://amspecllc.sharepoint.com/sites/EuropeTeam/FinEur/ARA":{"dataSources":{"Approval":{"tableName":"243138a4-493a-4a29-a90c-375fd9eec4bc"}}}},"apiTier":"Standard","isCustomApiConnection":false}},"databaseReferences":{},"almMode":"Environment","performanceOptimizationEnabled":true,"canConsumeAppPass":true,"executionRestrictions":{"isTeamsOnly":false,"dataLossPreventionEvaluationResult":{"status":"Compliant","lastEvaluationDate":"2020-11-03T13:03:31.2241652Z","violationDetails":[]}}},"isAppComponentLibrary":false,"appType":"ClassicCanvasApp","appComponents":[]}}