{"schemaVersion":"1.0","appDefinitionTemplate":{"id":"/providers/Microsoft.PowerApps/apps/","type":"Microsoft.PowerApps/apps","tags":{"primaryDeviceWidth":"640","primaryDeviceHeight":"1136","sienaVersion":"20181218T233230Z-3.18114.25.0","deviceCapabilities":"","supportsPortrait":"true","supportsLandscape":"false","primaryFormFactor":"Phone","publisherVersion":"3.18114.25","minimumRequiredApiVersion":"2.2.0"},"properties":{"appVersion":"2018-12-18T23:32:30Z","lifeCycleId":"Published","createdByClientVersion":{"major":3,"minor":18114,"build":25,"revision":0,"majorRevision":0,"minorRevision":0},"minClientVersion":{"major":3,"minor":18114,"build":25,"revision":0,"majorRevision":0,"minorRevision":0},"backgroundColor":"rgba(0, 176, 240, 1)","backgroundImageUri":"/15332752352191037687/N6d92eaec-a484-47de-bc8b-5011ae93bf80-logoSmallFile","displayName":"PN18","description":"","appUris":{"documentUri":{"value":"/15332752352191037687/Nf96b055f-d008-46f5-a7d5-93211f4a5cec-document.msapp"},"imageUris":[]},"createdTime":"0001-01-01T00:00:00Z","lastModifiedTime":"0001-01-01T00:00:00Z","sharedGroupsCount":0,"sharedUsersCount":0,"icons":{"smallIconUri":"/15332752352191037687/Nf91ca363-5ad1-485c-97a1-65574935b82a-small.png","mediumIconUri":"/15332752352191037687/N51933135-0ded-4aad-b6ee-17a2a913ace4-medium.png","largeIconUri":"/15332752352191037687/N1686acd1-b95f-4274-9107-4d382cd423f2-large.png","wideIconUri":"/15332752352191037687/Nd1532d68-12aa-4894-90b7-b69799cd6370-wide.png"},"connectionReferences":{"dfeec1b6-8b08-488d-9499-0dbeb4e9de22":{"id":"56ff5316-ad67-4696-b9b6-cc4e05859209","displayName":"Excel","iconUri":"https://connectoricons-prod.azureedge.net/excel/icon_1.0.1018.1190.png","dataSources":["_BNK18"],"dependencies":["27207d27-609a-4bc7-be43-f87a7a132170"],"dependents":[],"parameterHints":{"27207d27-609a-4bc7-be43-f87a7a132170":{"value":"fileSource"}},"isOnPremiseConnection":false,"bypassConsent":false,"dataSets":{"D82B3A8574194C20!1445":{"dataSources":{"_BNK18":{"tableName":"_BNK18"}}}},"apiTier":"Standard","isCustomApiConnection":false},"27207d27-609a-4bc7-be43-f87a7a132170":{"id":"8121933e-9e81-4f24-88f2-5bcf2f1a8d76","displayName":"OneDrive","iconUri":"https://connectoricons-prod.azureedge.net/onedrive/icon_1.0.1046.1227.png","dataSources":[],"dependencies":[],"dependents":["dfeec1b6-8b08-488d-9499-0dbeb4e9de22"],"parameterHints":{},"isOnPremiseConnection":false,"bypassConsent":false,"dataSets":{},"apiTier":"Standard","isCustomApiConnection":false}},"databaseReferences":{},"almMode":"Environment","performanceOptimizationEnabled":true,"executionRestrictions":{"isTeamsOnly":false,"dataLossPreventionEvaluationResult":{"status":"Compliant","lastEvaluationDate":"2020-10-27T21:31:46.025268Z","violationDetails":[]}}},"appType":"ClassicCanvasApp","appComponents":[]}}