{"schemaVersion":"1.0","appDefinitionTemplate":{"id":"/providers/Microsoft.PowerApps/apps/","type":"Microsoft.PowerApps/apps","tags":{"primaryDeviceWidth":"500","primaryDeviceHeight":"700","sienaVersion":"20210824T052544Z-3.21081.49.0","deviceCapabilities":"","supportsPortrait":"true","supportsLandscape":"false","primaryFormFactor":"Web","publisherVersion":"3.21081.49","minimumRequiredApiVersion":"2.2.0","hasComponent":"false","hasUnlockedComponent":"false","isUnifiedRootApp":"false"},"properties":{"appVersion":"2021-08-24T05:25:44Z","lifeCycleId":"Published","createdByClientVersion":{"major":3,"minor":21081,"build":49,"revision":0,"majorRevision":0,"minorRevision":0},"minClientVersion":{"major":3,"minor":21081,"build":49,"revision":0,"majorRevision":0,"minorRevision":0},"backgroundColor":"rgba(0, 176, 240, 1)","backgroundImageUri":"/7597555722700532784/N1e492f26-9bed-4971-ab1c-3ed8c7f089f9-logoSmallFile","displayName":"App Manager on E-Doc","description":"","commitMessage":"","appUris":{"documentUri":{"value":"/7597555722700532784/Nab604ce1-961f-4bdd-8c35-a4fd807a1d23-document.msapp"},"imageUris":[]},"createdTime":"0001-01-01T00:00:00Z","lastModifiedTime":"0001-01-01T00:00:00Z","sharedGroupsCount":0,"sharedUsersCount":0,"icons":{"smallIconUri":"/7597555722700532784/Naa836aa8-dcfb-42cd-836a-785f7c178096-small.png","mediumIconUri":"/7597555722700532784/Nb414b057-e12e-45f5-bbc3-a25bac7c08c4-medium.png","largeIconUri":"/7597555722700532784/N051813a2-e603-48d4-b79a-d406b7dda708-large.png","wideIconUri":"/7597555722700532784/Nfbe0cce2-7c1b-468b-9ee2-c18921e90777-wide.png"},"connectionReferences":{"88895938-7ed3-4fa7-bfa4-98a5d068eaa0":{"id":"11a93981-676c-4606-a07f-edd11d7114a2","displayName":"SharePoint","iconUri":"https://connectoricons-prod.azureedge.net/releases/v1.0.1505/1.0.1505.2520/sharepointonline/icon.png","dataSources":["App Manager"],"dependencies":[],"dependents":[],"parameterHints":{},"parameterHintsV2":{},"isOnPremiseConnection":false,"bypassConsent":true,"dataSets":{"https://amspecllc.sharepoint.com/sites/EDocDev4":{"dataSources":{"App Manager":{"tableName":"374b13bc-0530-4b20-9ad7-289e650fff3e"}}}},"apiTier":"Standard","isCustomApiConnection":false,"actions":["providers/PowerPlatform.Governance/Operations/Read","providers/PowerPlatform.Governance/Operations/Write"]}},"databaseReferences":{},"embeddedApp":{"siteId":"https://amspecllc.sharepoint.com/sites/EDocDev4","listId":"374B13BC-0530-4B20-9AD7-289E650FFF3E","listUrl":"https://amspecllc.sharepoint.com/sites/EDocDev4/Lists/kcsAppManager/AllItems.aspx","type":"SharepointFormApp","screenWidth":500,"screenHeight":700},"almMode":"Environment","performanceOptimizationEnabled":true,"canConsumeAppPass":true,"executionRestrictions":{"isTeamsOnly":false,"dataLossPreventionEvaluationResult":{"status":"Compliant","lastEvaluationDate":"2021-06-11T04:09:27.9305015Z","violations":[],"violationsByPolicy":[],"violationErrorMessage":"The app uses the following connectors: shared_sharepointonline."}}},"appType":"ClassicCanvasApp","appComponents":[]}}