{"name":"53cf8ab0-c5a9-48c5-b941-7280ac6e3e4e","id":"/providers/Microsoft.Flow/flows/53cf8ab0-c5a9-48c5-b941-7280ac6e3e4e","type":"Microsoft.Flow/flows","properties":{"apiId":"/providers/Microsoft.PowerApps/apis/shared_logicflows","displayName":"À la réception d'un e-mail -> Ajouter une ligne à un tableau","definition":{"metadata":{"workflowEntityId":null,"processAdvisorMetadata":null,"flowclientsuspensionreason":"None","flowclientsuspensiontime":null,"creator":{"id":"d883cf26-a52a-4275-8731-1d05bdf0689c","type":"User","tenantId":"fddf0fb0-6be4-4e34-ace1-e795bc64c91f"},"provisioningMethod":"FromDefinition","failureAlertSubscription":true,"clientLastModifiedTime":"2021-07-20T12:55:02.8915271Z"},"$schema":"https://schema.management.azure.com/providers/Microsoft.Logic/schemas/2016-06-01/workflowdefinition.json#","contentVersion":"1.0.0.0","parameters":{"$connections":{"defaultValue":{},"type":"Object"},"$authentication":{"defaultValue":{},"type":"SecureObject"}},"triggers":{"À_la_réception_d'un_e-mail":{"recurrence":{"frequency":"Minute","interval":1},"type":"OpenApiConnection","inputs":{"host":{"apiId":"/providers/Microsoft.PowerApps/apis/shared_gmail","connectionName":"shared_gmail_1","operationId":"OnNewEmail"},"parameters":{"label":"INBOX","subject":"Nomination confirmation","importance":"All","starred":"All","fetchOnlyWithAttachments":false,"includeAttachments":false},"authentication":"@parameters('$authentication')"}}},"actions":{"Ajouter_une_ligne_à_un_tableau":{"runAfter":{},"metadata":{"01EX7SA4PVHTTAB26R6JCZZ7YULSLOMTKE":"/Suivi des confirmations de nomination.xlsx"},"type":"OpenApiConnection","inputs":{"host":{"apiId":"/providers/Microsoft.PowerApps/apis/shared_excelonlinebusiness","connectionName":"shared_excelonlinebusiness","operationId":"AddRowV2"},"parameters":{"source":"me","drive":"b!BtvVXgetNUez_uvTd7Voz2JU6YFVKtdKk7t2HEaI2IQpSNkXdfd5QISuJt865TjE","file":"01EX7SA4PVHTTAB26R6JCZZ7YULSLOMTKE","table":"{B9E07F65-1C26-467A-8535-5DBCEB5EF22E}","dateTimeFormat":"Serial Number","item/Objet":"@triggerOutputs()?['body/Subject']","item/Date et heure ":"@triggerOutputs()?['body/DateTimeReceived']","item/Emetteur":"@triggerOutputs()?['body/From']"},"authentication":"@parameters('$authentication')"}}}},"connectionReferences":{"shared_gmail_1":{"connectionName":"shared-gmail-1c99d510-433e-4097-ae9a-a9d0-746a8c7d","source":"Embedded","id":"/providers/Microsoft.PowerApps/apis/shared_gmail","tier":"NotSpecified"},"shared_excelonlinebusiness":{"connectionName":"shared-excelonlinebu-4045065f-3ef8-4464-b342-ec02-b70dfcba","source":"Embedded","id":"/providers/Microsoft.PowerApps/apis/shared_excelonlinebusiness","tier":"NotSpecified"}},"flowFailureAlertSubscribed":false,"isManaged":false}}