{"schemaVersion":"1.0","appDefinitionTemplate":{"id":"/providers/Microsoft.PowerApps/apps/","type":"Microsoft.PowerApps/apps","tags":{"primaryDeviceWidth":"1366","primaryDeviceHeight":"768","sienaVersion":"20220111T053219Z-3.21115.37.0","deviceCapabilities":"","supportsPortrait":"false","supportsLandscape":"true","primaryFormFactor":"Tablet","publisherVersion":"3.21115.37","minimumRequiredApiVersion":"2.2.0","hasComponent":"false","hasUnlockedComponent":"false","isUnifiedRootApp":"false"},"properties":{"appVersion":"2022-01-11T05:32:19Z","lifeCycleId":"Published","createdByClientVersion":{"major":3,"minor":21115,"build":37,"revision":0,"majorRevision":0,"minorRevision":0},"minClientVersion":{"major":3,"minor":21115,"build":37,"revision":0,"majorRevision":0,"minorRevision":0},"backgroundColor":"rgba(215, 223, 240, 1)","backgroundImageUri":"/571467363425846227/N16ce3687-fbe0-466f-82d0-20b9cc300e19-logoSmallFile","displayName":"Covid19 Vaccination Tracker","description":"","commitMessage":"Fixed Vax details in employee list","appUris":{"documentUri":{"value":"/571467363425846227/Ncdf60257-a525-4346-a83c-2fbbdc061ceb-document.msapp"},"imageUris":[]},"createdTime":"0001-01-01T00:00:00Z","lastModifiedTime":"0001-01-01T00:00:00Z","sharedGroupsCount":0,"sharedUsersCount":0,"icons":{"smallIconUri":"/571467363425846227/N3827ebf9-24ab-46b7-b68d-019f054bb8b3-small.png","mediumIconUri":"/571467363425846227/Nfee34775-7207-4a51-bfca-850c66747b37-medium.png","largeIconUri":"/571467363425846227/Nbce53658-7149-4a7a-a8c2-bca17533015e-large.png","wideIconUri":"/571467363425846227/N6e582422-3b6b-4b29-96c7-7124084d5379-wide.png"},"connectionReferences":{"fa736de1-c489-4b68-ad38-adb741e459fe":{"id":"11a93981-676c-4606-a07f-edd11d7114a2","displayName":"SharePoint","iconUri":"https://connectoricons-prod.azureedge.net/releases/v1.0.1539/1.0.1539.2620/sharepointonline/icon.png","dataSources":["inf_certificate_categories","inf_certificates","inf_certifyingBodies"],"dependencies":[],"dependents":[],"parameterHints":{},"parameterHintsV2":{},"isOnPremiseConnection":false,"bypassConsent":false,"dataSets":{"https://amspecllc.sharepoint.com/sites/AmSpecDirectory":{"dataSources":{"inf_certificate_categories":{"tableName":"9bdb80e7-c631-4549-8f8c-1b7afe22f17c"},"inf_certificates":{"tableName":"fb39496c-d2ad-4230-b569-53bb052144fa"},"inf_certifyingBodies":{"tableName":"011ed2ac-b9b2-477f-8215-59e7e113d7f2"}}}},"apiTier":"Standard","isCustomApiConnection":false,"actions":["providers/PowerPlatform.Governance/Operations/Read"]},"90ac9843-d3d2-4904-b43b-9b09bfa10bab":{"id":"11a93981-676c-4606-a07f-edd11d7114a2","displayName":"SharePoint","iconUri":"https://connectoricons-prod.azureedge.net/releases/v1.0.1539/1.0.1539.2620/sharepointonline/icon.png","dataSources":["employees","inf_locations","employee_COVID19_Vaccination","employee_COVID19_tests","employee_COVID19_VaccineExemption","inf_countries","RLS_country"],"dependencies":[],"dependents":[],"parameterHints":{},"parameterHintsV2":{},"isOnPremiseConnection":false,"bypassConsent":false,"dataSets":{"https://amspecllc.sharepoint.com/sites/AmSpecDirectory":{"dataSources":{"employees":{"tableName":"9e5d8603-273d-4a79-b02a-1a8e946557f3"},"inf_locations":{"tableName":"376d9929-69b4-4f6d-a72d-714236977a89"},"employee_COVID19_Vaccination":{"tableName":"13c5a12f-3924-41fe-8627-820caa1a5f7f"},"employee_COVID19_tests":{"tableName":"268ea86c-5723-43b6-aafe-49fb885d5ad5"},"employee_COVID19_VaccineExemption":{"tableName":"d0d17289-69ba-46d1-a142-eb196b09f19d"},"inf_countries":{"tableName":"84f4dac2-fce9-46b2-8ee8-dced687947aa"},"RLS_country":{"tableName":"3f0c78c3-1f68-489d-bc26-4643387178bf"}}}},"apiTier":"Standard","isCustomApiConnection":false,"actions":["providers/PowerPlatform.Governance/Operations/Read"]},"febd891f-abfe-4a9d-ae65-6c64a75693f7":{"id":"11a93981-676c-4606-a07f-edd11d7114a2","displayName":"SharePoint","iconUri":"https://connectoricons-prod.azureedge.net/releases/v1.0.1539/1.0.1539.2620/sharepointonline/icon.png","dataSources":["RLS_Global","RLS_location"],"dependencies":[],"dependents":[],"parameterHints":{},"parameterHintsV2":{},"isOnPremiseConnection":false,"bypassConsent":false,"dataSets":{"https://amspecllc.sharepoint.com/sites/AmSpecDirectory":{"dataSources":{"RLS_Global":{"tableName":"dfc15711-aede-4780-aaa1-2220a709335d"},"RLS_location":{"tableName":"7729d8c0-23d1-438e-9c7f-65358770012f"}}}},"apiTier":"Standard","isCustomApiConnection":false,"actions":["providers/PowerPlatform.Governance/Operations/Read"]},"d971f349-fe8d-46c0-91d4-d422b858b0bc":{"id":"11a93981-676c-4606-a07f-edd11d7114a2","displayName":"SharePoint","iconUri":"https://connectoricons-prod.azureedge.net/releases/v1.0.1539/1.0.1539.2620/sharepointonline/icon.png","dataSources":["inf_departments","RLS_department"],"dependencies":[],"dependents":[],"parameterHints":{},"parameterHintsV2":{},"isOnPremiseConnection":false,"bypassConsent":false,"dataSets":{"https://amspecllc.sharepoint.com/sites/AmSpecDirectory/":{"dataSources":{"inf_departments":{"tableName":"62aa979a-daf7-4d09-8b2e-80139fbc1887"},"RLS_department":{"tableName":"9a5470da-3f1c-4c7e-aded-f225d4c969f7"}}}},"apiTier":"Standard","isCustomApiConnection":false,"actions":["providers/PowerPlatform.Governance/Operations/Read"]}},"databaseReferences":{},"almMode":"Environment","performanceOptimizationEnabled":true,"canConsumeAppPass":true,"executionRestrictions":{"isTeamsOnly":false,"dataLossPreventionEvaluationResult":{"status":"Compliant","lastEvaluationDate":"2021-09-10T10:35:46.0480918Z","violations":[],"violationsByPolicy":[],"violationErrorMessage":"The app uses the following connectors: shared_sharepointonline."}}},"appType":"ClassicCanvasApp","appComponents":[]}}