{"name":"81a279d3-0d9a-45d5-bf51-6c7384e91019","id":"/providers/Microsoft.Flow/flows/81a279d3-0d9a-45d5-bf51-6c7384e91019","type":"Microsoft.Flow/flows","properties":{"apiId":"/providers/Microsoft.PowerApps/apis/shared_logicflows","displayName":"Lab Capabilities Notification - When a new SharePoint list item is added","definition":{"metadata":{"workflowEntityId":null,"flowclientsuspensionreason":"NeverTriggeringDetected","flowclientsuspensiontime":"2022-05-22T08:05:55.1821644Z","creator":{"id":"92b54cd9-a569-4d92-bca0-4f330d1ea600","type":"User","tenantId":"fddf0fb0-6be4-4e34-ace1-e795bc64c91f"},"provisioningMethod":"FromDefinition","failureAlertSubscription":true,"clientLastModifiedTime":"2020-11-25T16:27:49.5416041Z","processAdvisorMetadata":null},"$schema":"https://schema.management.azure.com/providers/Microsoft.Logic/schemas/2016-06-01/workflowdefinition.json#","contentVersion":"1.0.0.0","parameters":{"$connections":{"defaultValue":{},"type":"Object"},"$authentication":{"defaultValue":{},"type":"SecureObject"},"sharepoint.site":{"defaultValue":"","type":"String"},"sharepoint.list":{"defaultValue":"","type":"String"}},"triggers":{"When_a_new_item_is_created":{"recurrence":{"frequency":"Minute","interval":5},"splitOn":"@triggerBody()?.value","metadata":{"flowSystemMetadata":{"swaggerOperationId":"GetOnNewItems"}},"type":"ApiConnection","inputs":{"host":{"connection":{"name":"@parameters('$connections')['shared_sharepointonline']['connectionId']"},"api":{"runtimeUrl":"https://flow-apim-msmanaged-na-westus-01.azure-apim.net/apim/sharepointonline"}},"method":"get","path":"/datasets/@{encodeURIComponent(encodeURIComponent('https://amspecllc.sharepoint.com/sites/LabCapabilities'))}/tables/@{encodeURIComponent(encodeURIComponent('988f9720-5d29-42b1-9058-4abdc7831005'))}/onnewitems","authentication":"@parameters('$authentication')"},"conditions":[]}},"actions":{"Send_Email":{"runAfter":{},"metadata":{"flowSystemMetadata":{"swaggerOperationId":"SendEmailV2"}},"type":"ApiConnection","inputs":{"host":{"connection":{"name":"@parameters('$connections')['shared_office365']['connectionId']"},"api":{"runtimeUrl":"https://flow-apim-msmanaged-na-eastus-01.azure-apim.net/apim/office365"}},"method":"post","body":{"To":"Michael.Bailey@amspecgroup.com","Subject":"New Lab Capability was added","Body":"A new Lab Capability was added at @{coalesce(triggerBody()?['Created'],'')} by @{coalesce(triggerBody()?['Author']?['DisplayName'],'someone')}.  <br/>\n\nDetails:  <br/>\nLab : @{triggerBody()?['Lab']?['Value']}  <br/>\nTest Method: @{triggerBody()?['Test']?['Value']}  <br/> \nTest Name: @{triggerBody()?['Test_x003a_Test_x0020_Name']?['Value']}  <br/>\n","From":"notification@amspecgroup.net"},"path":"/v2/Mail","authentication":"@parameters('$authentication')"}}},"description":"Send yourself or someone else a customized email whenever a new item is added to a selected SharePoint list."},"connectionReferences":{"shared_office365":{"connectionName":"shared-office365-720e7905-a620-4d52-9945-3f9b-b0540b91","source":"Embedded","id":"/providers/Microsoft.PowerApps/apis/shared_office365","tier":"NotSpecified"},"shared_sharepointonline":{"connectionName":"ac9698e6f7f64695801fa48ec75abfe8","source":"Embedded","id":"/providers/Microsoft.PowerApps/apis/shared_sharepointonline","tier":"NotSpecified"}},"flowFailureAlertSubscribed":false,"isManaged":false}}