{"schemaVersion":"1.0","appDefinitionTemplate":{"id":"/providers/Microsoft.PowerApps/apps/","type":"Microsoft.PowerApps/apps","tags":{"sp-site-id":"https://amspecllc.sharepoint.com/sites/LaboratoryTraining","sp-list-id":"7a942b74-236c-4d3e-89e3-d9a88e1cb2b9","https://amspecllc.sharepoint.com/sites/LaboratoryTraining":"7a942b74-236c-4d3e-89e3-d9a88e1cb2b9","primaryDeviceWidth":"640","primaryDeviceHeight":"1136","sienaVersion":"a2d5c3b7-10e0-4d14-b2ca-ea4566538782","deviceCapabilities":"","supportsPortrait":"true","supportsLandscape":"false","primaryFormFactor":"Phone","publisherVersion":"3.21033.47","minimumRequiredApiVersion":"2.2.0","hasComponent":"false","hasUnlockedComponent":"false","isUnifiedRootApp":"false"},"properties":{"appVersion":"2021-04-05T15:57:02Z","lifeCycleId":"Published","createdByClientVersion":{"major":3,"minor":21033,"build":47,"revision":0,"majorRevision":0,"minorRevision":0},"minClientVersion":{"major":3,"minor":21033,"build":47,"revision":0,"majorRevision":0,"minorRevision":0},"backgroundColor":"rgba(0, 176, 240, 1)","backgroundImageUri":"/17607094083992711331/Nb14ab6ea-0169-4e46-b7e8-b3cf1a78ce22-logoSmallFile","displayName":"FL 101 Outsourcing Form","description":"","commitMessage":"","appUris":{"documentUri":{"value":"/17607094083992711331/N3636ac91-ee0b-4324-8ab7-f87f2e1c44ec-document.msapp"},"imageUris":[]},"createdTime":"0001-01-01T00:00:00Z","lastModifiedTime":"0001-01-01T00:00:00Z","sharedGroupsCount":0,"sharedUsersCount":0,"icons":{"smallIconUri":"/17607094083992711331/Nc5707c02-0bc4-4f9f-95b8-a951272fbb24-small.png","mediumIconUri":"/17607094083992711331/N75b0cbb1-c7ff-401d-945e-b6dc05e940e7-medium.png","largeIconUri":"/17607094083992711331/N90de7e37-ffb2-45a9-ac3d-4cc5b55c17e4-large.png","wideIconUri":"/17607094083992711331/Naac7ec0d-080e-4e30-b85b-324a0289de44-wide.png"},"connectionReferences":{"b28f1000-b486-4a10-adf4-d006eb42d06d":{"id":"11a93981-676c-4606-a07f-edd11d7114a2","displayName":"SharePoint","iconUri":"https://connectoricons-prod.azureedge.net/releases/v1.0.1451/1.0.1451.2361/sharepointonline/icon.png","dataSources":["FL 101 Laboratory Testing Outsourcing"],"dependencies":[],"dependents":[],"parameterHints":{},"isOnPremiseConnection":false,"dataSets":{"https://amspecllc.sharepoint.com/sites/LaboratoryTraining":{"dataSources":{"FL 101 Laboratory Testing Outsourcing":{"tableName":"7a942b74-236c-4d3e-89e3-d9a88e1cb2b9"}}}},"apiTier":"Standard","isCustomApiConnection":false}},"databaseReferences":{},"almMode":"Environment","performanceOptimizationEnabled":true,"canConsumeAppPass":true,"executionRestrictions":{"isTeamsOnly":false,"dataLossPreventionEvaluationResult":{"status":"Compliant","lastEvaluationDate":"2021-04-05T15:57:12.6758882Z","violationDetails":[]}}},"isAppComponentLibrary":false,"appType":"ClassicCanvasApp","appComponents":[]}}