{"schemaVersion":"1.0","appDefinitionTemplate":{"id":"/providers/Microsoft.PowerApps/apps/","type":"Microsoft.PowerApps/apps","tags":{"primaryDeviceWidth":"640","primaryDeviceHeight":"1136","sienaVersion":"2a1b674a-dd51-4865-a266-9c84175a0d13","deviceCapabilities":"","supportsPortrait":"true","supportsLandscape":"false","primaryFormFactor":"Phone","publisherVersion":"3.21061.19","minimumRequiredApiVersion":"2.2.0","hasComponent":"false","hasUnlockedComponent":"false","isUnifiedRootApp":"false"},"properties":{"appVersion":"2021-06-24T13:35:43Z","lifeCycleId":"Published","createdByClientVersion":{"major":3,"minor":21061,"build":19,"revision":0,"majorRevision":0,"minorRevision":0},"minClientVersion":{"major":3,"minor":21061,"build":19,"revision":0,"majorRevision":0,"minorRevision":0},"backgroundColor":"rgba(158, 11, 15, 1)","backgroundImageUri":"/3436526868612393506/Na79c69d2-dc38-45da-b51b-950f99f5717a-logoSmallFile","displayName":"Help Desk_1332","description":"Help Desk provides a user-friendly experience to connect end users with support professionals. Quickly find answers to your most important questions, track progress of open tickets, and review details of previous requests. This app will open with sample data, but requires a small amount of setup to make it your own.","commitMessage":"","appUris":{"documentUri":{"value":"/3436526868612393506/N7e2ff6ad-7956-4197-8be0-e5dfcffe4c0a-document.msapp"},"imageUris":[]},"createdTime":"0001-01-01T00:00:00Z","lastModifiedTime":"0001-01-01T00:00:00Z","sharedGroupsCount":0,"sharedUsersCount":0,"icons":{"smallIconUri":"/3436526868612393506/Nc9844cb2-482f-4439-8e25-7b144d33e748-small.png","mediumIconUri":"/3436526868612393506/N7a1982ae-d615-4d95-8255-adfd058929c5-medium.png","largeIconUri":"/3436526868612393506/N536f98eb-9cdf-4f14-a19d-203fd302868c-large.png","wideIconUri":"/3436526868612393506/N8317cd42-af4e-4a49-9b3c-2b26a181de79-wide.png"},"connectionReferences":{"ff18bc1f-8075-4e48-b5f1-63a22b275810":{"id":"5c3e009c-b4ae-4852-8c9b-756acc2258d6","displayName":"Utilisateurs d’Office 365","iconUri":"https://connectoricons-prod.azureedge.net/releases/v1.0.1472/1.0.1472.2427/office365users/icon.png","dataSources":["Office365Users"],"dependencies":[],"dependents":[],"parameterHints":{},"parameterHintsV2":{},"isOnPremiseConnection":false,"dataSets":{},"apiTier":"Standard","isCustomApiConnection":false,"actions":["MyProfile","SearchUser"]}},"databaseReferences":{},"almMode":"Environment","performanceOptimizationEnabled":true,"canConsumeAppPass":true,"executionRestrictions":{"isTeamsOnly":false,"dataLossPreventionEvaluationResult":{"status":"Compliant","lastEvaluationDate":"2021-06-24T13:35:54.0964349Z","violations":[],"violationsByPolicy":[],"violationErrorMessage":"L’application utilise les connecteurs suivants : shared_office365users."}}},"appType":"ClassicCanvasApp","appComponents":[]}}