{"name":"0f2455c0-2061-4c15-859f-49e6e3c2fcff","id":"/providers/Microsoft.Flow/flows/0f2455c0-2061-4c15-859f-49e6e3c2fcff","type":"Microsoft.Flow/flows","properties":{"apiId":"/providers/Microsoft.PowerApps/apis/shared_logicflows","displayName":"Een pushmelding met updates ontvangen van het Power Automate-blog","definition":{"metadata":{"workflowEntityId":null,"flowclientsuspensionreason":"None","flowclientsuspensiontime":null,"creator":{"id":"230e6caa-91b2-4a7d-99a0-5c1af0d4cf76","type":"User","tenantId":"fddf0fb0-6be4-4e34-ace1-e795bc64c91f"},"provisioningMethod":"FromDefinition","failureAlertSubscription":true,"clientLastModifiedTime":"2020-12-08T11:21:15.5711116Z","processAdvisorMetadata":null},"$schema":"https://schema.management.azure.com/providers/Microsoft.Logic/schemas/2016-06-01/workflowdefinition.json#","contentVersion":"1.0.0.0","parameters":{"$connections":{"defaultValue":{},"type":"Object"},"$authentication":{"defaultValue":{},"type":"SecureObject"}},"triggers":{"When_a_feed_item_is_published":{"recurrence":{"frequency":"Minute","interval":5},"splitOn":"@triggerBody()?.value","metadata":{"flowSystemMetadata":{"swaggerOperationId":"OnNewFeed"}},"type":"ApiConnection","inputs":{"host":{"api":{"runtimeUrl":"https://flow-apim-msmanaged-na-northcentralus-01.azure-apim.net/apim/rss"},"connection":{"name":"@parameters('$connections')['shared_rss']['connectionId']"}},"method":"get","path":"/OnNewFeed","queries":{"feedUrl":"https://flow.microsoft.com/en-us/blog/feed/"},"authentication":"@parameters('$authentication')"}}},"actions":{"Send_a_push_notification":{"runAfter":{},"metadata":{"flowSystemMetadata":{"swaggerOperationId":"SendNotification"}},"type":"ApiConnection","inputs":{"host":{"api":{"runtimeUrl":"https://flow-apim-msmanaged-na-northcentralus-01.azure-apim.net/apim/flowpush"},"connection":{"name":"@parameters('$connections')['shared_flowpush']['connectionId']"}},"method":"post","path":"/sendNotification","body":{"notificationText":"Power Automate blog update - @{triggerBody()?['title']}","notificationLink":{"uri":"@{triggerBody()?['primaryLink']}","label":"Go to feed"}},"authentication":"@parameters('$authentication')"}}},"outputs":{}},"connectionReferences":{"shared_rss":{"connectionName":"shared-rss-efa24f91-d47f-46f2-ad0e-eb07d223c85e","source":"Embedded","id":"/providers/Microsoft.PowerApps/apis/shared_rss","tier":"NotSpecified"},"shared_flowpush":{"connectionName":"shared-flowpush-0f4e7bdd-a195-43e2-b7bd-0759df629619","source":"Embedded","id":"/providers/Microsoft.PowerApps/apis/shared_flowpush","tier":"NotSpecified"}},"flowFailureAlertSubscribed":false,"isManaged":false}}