{"schemaVersion":"1.0","appDefinitionTemplate":{"id":"/providers/Microsoft.PowerApps/apps/","type":"Microsoft.PowerApps/apps","tags":{"primaryDeviceWidth":"640","primaryDeviceHeight":"1136","sienaVersion":"89410efd-4556-44fb-b079-f547da7b51a8","deviceCapabilities":"","supportsPortrait":"true","supportsLandscape":"false","primaryFormFactor":"Phone","publisherVersion":"3.21034.27","minimumRequiredApiVersion":"2.2.0","hasComponent":"false","hasUnlockedComponent":"false","isUnifiedRootApp":"false"},"properties":{"appVersion":"2021-04-12T18:27:51Z","lifeCycleId":"Published","createdByClientVersion":{"major":3,"minor":21034,"build":27,"revision":0,"majorRevision":0,"minorRevision":0},"minClientVersion":{"major":3,"minor":21034,"build":27,"revision":0,"majorRevision":0,"minorRevision":0},"backgroundColor":"rgba(37, 62, 143, 1)","backgroundImageUri":"/8784881350035124688/N3fb10aa7-3b72-429c-a681-61eca01df7dc-logoSmallFile","displayName":"HoustonOps","description":"","commitMessage":"","appUris":{"documentUri":{"value":"/8784881350035124688/Ne51c7c09-fd3f-49c4-899b-31cd844effa8-document.msapp"},"imageUris":[]},"createdTime":"0001-01-01T00:00:00Z","lastModifiedTime":"0001-01-01T00:00:00Z","sharedGroupsCount":0,"sharedUsersCount":0,"icons":{"smallIconUri":"/8784881350035124688/N4e16ad97-f1b0-4b87-95cb-0f0fa991f6bf-small.png","mediumIconUri":"/8784881350035124688/N5e642159-30f0-4032-ada3-f4c295b070c7-medium.png","largeIconUri":"/8784881350035124688/Nb8b7b2f2-8181-47ca-82aa-87e31560b786-large.png","wideIconUri":"/8784881350035124688/N64885bd6-ca1a-4110-a7ca-e9c9a30a8bf7-wide.png"},"connectionReferences":{"058304f5-4336-4d26-82d1-efca7f9c00ab":{"id":"ad36ac11-7b1e-406c-96f8-aa70757bad00","displayName":"SQL Server","iconUri":"https://connectoricons-prod.azureedge.net/releases/v1.0.1457/1.0.1457.2379/sql/icon.png","dataSources":["[dbo].[inf_Houston_coordinators_mapping]"],"dependencies":[],"dependents":[],"parameterHints":{},"isOnPremiseConnection":false,"sharedConnectionId":"27844279-898f-4ac4-ba42-4985cb344c29","dataSets":{"amspecopsql.database.windows.net,AmspecMDM":{"dataSources":{"[dbo].[inf_Houston_coordinators_mapping]":{"tableName":"[dbo].[inf_Houston_coordinators_mapping]"}}}},"apiTier":"Premium","isCustomApiConnection":false,"authenticationType":"sqlAuthentication","endpoints":["amspecopsql.database.windows.net,AmspecMDM"]}},"databaseReferences":{},"almMode":"Environment","performanceOptimizationEnabled":true,"canConsumeAppPass":true,"executionRestrictions":{"isTeamsOnly":false,"dataLossPreventionEvaluationResult":{"status":"Compliant","lastEvaluationDate":"2021-04-12T18:28:01.4128825Z","violationDetails":[]}}},"isAppComponentLibrary":false,"appType":"ClassicCanvasApp","appComponents":[]}}