{"name":"4551f85e-7b0c-4b30-943e-83cd7c929271","id":"/providers/Microsoft.Flow/flows/4551f85e-7b0c-4b30-943e-83cd7c929271","type":"Microsoft.Flow/flows","properties":{"apiId":"/providers/Microsoft.PowerApps/apis/shared_logicflows","displayName":"Recibir una notificación push cuando reciba un correo electrónico del jefe","definition":{"metadata":{"workflowEntityId":null,"processAdvisorMetadata":null,"flowclientsuspensionreason":"AlwaysFailingDetected","flowclientsuspensiontime":"2021-09-30T18:29:45.7853491Z","creator":{"id":"8c69fb82-e451-4b56-9103-0108bf037389","type":"User","tenantId":"fddf0fb0-6be4-4e34-ace1-e795bc64c91f"},"provisioningMethod":"FromDefinition","failureAlertSubscription":true,"clientLastModifiedTime":"2021-09-11T14:07:44.6705835Z"},"$schema":"https://schema.management.azure.com/providers/Microsoft.Logic/schemas/2016-06-01/workflowdefinition.json#","contentVersion":"1.0.0.0","parameters":{"$connections":{"defaultValue":{},"type":"Object"},"$authentication":{"defaultValue":{},"type":"SecureObject"}},"triggers":{"On_new_email":{"splitOn":"@triggerBody()?.value","metadata":{"flowSystemMetadata":{"swaggerOperationId":"OnNewEmail"}},"type":"ApiConnectionNotification","inputs":{"fetch":{"method":"get","pathTemplate":{"template":"/Mail/OnNewEmail"},"queries":{"folderPath":"Inbox","importance":"Normal"}},"subscribe":{"method":"post","pathTemplate":{"template":"/MailSubscriptionPoke/$subscriptions"},"body":{"NotificationUrl":"@{listCallbackUrl()}"},"queries":{"folderPath":"Inbox","importance":"Normal"}},"host":{"api":{"runtimeUrl":"https://flow-apim-msmanaged-na-eastus2-01.azure-apim.net/apim/office365"},"connection":{"name":"@parameters('$connections')['shared_office365']['connectionId']"}},"authentication":"@parameters('$authentication')"},"conditions":[]}},"actions":{"Check_if_it_is_my_manager":{"actions":{"Send_a_push_notification":{"runAfter":{},"metadata":{"flowSystemMetadata":{"swaggerOperationId":"SendNotification"}},"type":"ApiConnection","inputs":{"host":{"api":{"runtimeUrl":"https://flow-apim-msmanaged-na-eastus2-01.azure-apim.net/apim/flowpush"},"connection":{"name":"@parameters('$connections')['shared_flowpush']['connectionId']"}},"method":"post","body":{"notificationText":"Boss said: @{triggerBody()['Subject']}","notificationLink":{"uri":"https://outlook.office365.com/","label":"Go to Outlook Office 365"}},"path":"/sendNotification","authentication":"@parameters('$authentication')"}}},"runAfter":{"Get_manager":["Succeeded","Failed","Skipped"]},"else":{"actions":{}},"expression":"@equals(triggerBody()['From'], body('Get_manager')?['Mail'])","type":"If"},"Get_my_profile":{"runAfter":{},"metadata":{"flowSystemMetadata":{"swaggerOperationId":"MyProfile"}},"type":"ApiConnection","inputs":{"host":{"api":{"runtimeUrl":"https://flow-apim-msmanaged-na-eastus2-01.azure-apim.net/apim/office365users"},"connection":{"name":"@parameters('$connections')['shared_office365users']['connectionId']"}},"method":"get","path":"/users/me","authentication":"@parameters('$authentication')"}},"Get_manager":{"runAfter":{"Get_my_profile":["Succeeded"]},"metadata":{"flowSystemMetadata":{"swaggerOperationId":"Manager"}},"type":"ApiConnection","inputs":{"host":{"api":{"runtimeUrl":"https://flow-apim-msmanaged-na-eastus2-01.azure-apim.net/apim/office365users"},"connection":{"name":"@parameters('$connections')['shared_office365users']['connectionId']"}},"method":"get","path":"/users/@{encodeURIComponent(string(body('Get_my_profile')['UserPrincipalName']))}/manager","authentication":"@parameters('$authentication')"}}}},"connectionReferences":{"shared_office365":{"connectionName":"shared-office365-8df5e993-f618-4af1-bb78-629b12d5ce6d","source":"Embedded","id":"/providers/Microsoft.PowerApps/apis/shared_office365","tier":"NotSpecified"},"shared_office365users":{"connectionName":"shared-office365user-f132e83a-97c9-46aa-a758-28622dee36fe","source":"Embedded","id":"/providers/Microsoft.PowerApps/apis/shared_office365users","tier":"NotSpecified"},"shared_flowpush":{"connectionName":"shared-flowpush-4c04df46-3d64-45d1-9381-4828b252b01c","source":"Embedded","id":"/providers/Microsoft.PowerApps/apis/shared_flowpush","tier":"NotSpecified"}},"flowFailureAlertSubscribed":false,"isManaged":false}}