{"schemaVersion":"1.0","appDefinitionTemplate":{"id":"/providers/Microsoft.PowerApps/apps/","type":"Microsoft.PowerApps/apps","tags":{"sp-site-id":"https://amspecllc.sharepoint.com/sites/LaboratoryEquipmentInventory","sp-list-id":"46268274-22be-4a8c-b5db-b02ffb900796","https://amspecllc.sharepoint.com/sites/LaboratoryEquipmentInventory":"46268274-22be-4a8c-b5db-b02ffb900796","primaryDeviceWidth":"640","primaryDeviceHeight":"1136","sienaVersion":"20210324T111159Z-3.21032.45.0","deviceCapabilities":"","supportsPortrait":"true","supportsLandscape":"false","primaryFormFactor":"Phone","publisherVersion":"3.21032.45","minimumRequiredApiVersion":"2.2.0","hasComponent":"false","hasUnlockedComponent":"false","isUnifiedRootApp":"false"},"properties":{"appVersion":"2021-03-24T11:11:59Z","lifeCycleId":"Published","createdByClientVersion":{"major":3,"minor":21032,"build":45,"revision":0,"majorRevision":0,"minorRevision":0},"minClientVersion":{"major":3,"minor":21032,"build":45,"revision":0,"majorRevision":0,"minorRevision":0},"backgroundColor":"rgba(0, 176, 240, 1)","backgroundImageUri":"/10316076370173969005/N11614038-ff6a-4994-b18d-2ed91f2cde7d-logoSmallFile","displayName":"Laboratory Equipment Management1","description":"","commitMessage":"","appUris":{"documentUri":{"value":"/10316076370173969005/Nfd1de9f8-b3d6-403d-a563-3586a1e62e4b-document.msapp"},"imageUris":[]},"createdTime":"0001-01-01T00:00:00Z","lastModifiedTime":"0001-01-01T00:00:00Z","sharedGroupsCount":0,"sharedUsersCount":0,"icons":{"smallIconUri":"/10316076370173969005/N3ceba11b-a737-4c37-b742-6eca5ccb9604-small.png","mediumIconUri":"/10316076370173969005/Nc3a8ea0f-09a0-4d56-81a3-38220af73441-medium.png","largeIconUri":"/10316076370173969005/N3d6d5dda-8f65-4a96-abfe-1d47e2cbb494-large.png","wideIconUri":"/10316076370173969005/N596bf626-cf5f-4fac-9f85-5c5398ccec1c-wide.png"},"connectionReferences":{"52b7e1c6-5c8d-481c-91d4-b4bc56c89e1f":{"id":"11a93981-676c-4606-a07f-edd11d7114a2","displayName":"SharePoint","iconUri":"https://connectoricons-prod.azureedge.net/releases/v1.0.1451/1.0.1451.2361/sharepointonline/icon.png","dataSources":["Lab Equipment Inventory"],"dependencies":[],"dependents":[],"parameterHints":{},"isOnPremiseConnection":false,"dataSets":{"https://amspecllc.sharepoint.com/sites/LaboratoryEquipmentInventory":{"dataSources":{"Lab Equipment Inventory":{"tableName":"46268274-22be-4a8c-b5db-b02ffb900796"}}}},"apiTier":"Standard","isCustomApiConnection":false}},"databaseReferences":{},"almMode":"Environment","performanceOptimizationEnabled":true,"canConsumeAppPass":true,"executionRestrictions":{"isTeamsOnly":false,"dataLossPreventionEvaluationResult":{"status":"Compliant","lastEvaluationDate":"2021-03-24T11:12:09.987785Z","violationDetails":[]}}},"isAppComponentLibrary":false,"appType":"ClassicCanvasApp","appComponents":[]}}