{"name":"bb884033-1e12-4d0d-b347-9f88495814ff","id":"/providers/Microsoft.Flow/flows/bb884033-1e12-4d0d-b347-9f88495814ff","type":"Microsoft.Flow/flows","properties":{"apiId":"/providers/Microsoft.PowerApps/apis/shared_logicflows","displayName":"Inter- When an item is created in SharePoint List, send approval and create item","definition":{"metadata":{"workflowEntityId":null,"creator":{"id":"e456b72f-9959-40a6-a475-bee3f7842ea9","type":"User","tenantId":"fddf0fb0-6be4-4e34-ace1-e795bc64c91f"},"provisioningMethod":"FromDefinition","failureAlertSubscription":true,"clientLastModifiedTime":"2019-12-21T12:40:10.7054168Z","flowclientsuspensionreason":"None","flowclientsuspensiontime":null,"processAdvisorMetadata":null},"$schema":"https://schema.management.azure.com/providers/Microsoft.Logic/schemas/2016-06-01/workflowdefinition.json#","contentVersion":"1.0.0.0","parameters":{"$connections":{"defaultValue":{},"type":"Object"},"$authentication":{"defaultValue":{},"type":"SecureObject"},"sharepoint.site":{"defaultValue":"","type":"String"},"sharepoint.list":{"defaultValue":"","type":"String"}},"triggers":{"When_a_new_item_is_created":{"recurrence":{"frequency":"Minute","interval":1},"splitOn":"@triggerBody()?.value","metadata":{"flowSystemMetadata":{"swaggerOperationId":"GetOnNewItems"}},"type":"ApiConnection","inputs":{"host":{"connection":{"name":"@parameters('$connections')['shared_sharepointonline']['connectionId']"},"api":{"runtimeUrl":"https://flow-apim-msmanaged-na-westus-01.azure-apim.net/apim/sharepointonline"}},"method":"get","path":"/datasets/@{encodeURIComponent(encodeURIComponent('https://amspecllc.sharepoint.com/sites/EuropeTeam/FinEur/Intercompany/PO'))}/tables/@{encodeURIComponent(encodeURIComponent('9d3d76ed-201c-47f5-9b36-a919ab670a36'))}/onnewitems","authentication":"@parameters('$authentication')"},"conditions":[]}},"actions":{"Start_an_approval":{"runAfter":{"Compose_8":["Succeeded"]},"metadata":{"flowSystemMetadata":{"swaggerOperationId":"approvalSubscribeV2"}},"type":"ApiConnectionWebhook","inputs":{"host":{"connection":{"name":"@parameters('$connections')['shared_approvals']['connectionId']"},"api":{"runtimeUrl":"https://flow-apim-msmanaged-na-northcentralus-01.azure-apim.net/apim/approvals"}},"body":{"notificationUrl":"@listCallbackUrl()","title":"Approval Request","assignedTo":"@{triggerBody()?['Department_x003a_Approver1']?['Value']};","details":"A new PO has been created by @{triggerBody()?['Author']?['DisplayName']} \nDetails: @{triggerBody()?['Comments']}\nDept: @{triggerBody()?['Department']?['Value']}\nLoc: @{triggerBody()?['Location']?['Value']}\nTotal Amount: €@{outputs('Compose_8')} ","itemLink":"@triggerBody()?['{Link}']","requestor":"@{triggerBody()?['Author']?['Email']};","enableNotifications":true},"path":"/types/@{encodeURIComponent('BasicAwaitAll')}/$subscriptions","authentication":"@parameters('$authentication')"}},"Condition":{"actions":{"Get_item":{"runAfter":{},"metadata":{"flowSystemMetadata":{"swaggerOperationId":"GetItem"}},"type":"ApiConnection","inputs":{"host":{"connection":{"name":"@parameters('$connections')['shared_sharepointonline']['connectionId']"},"api":{"runtimeUrl":"https://flow-apim-msmanaged-na-westus-01.azure-apim.net/apim/sharepointonline"}},"method":"get","path":"/datasets/@{encodeURIComponent(encodeURIComponent('https://amspecllc.sharepoint.com/sites/EuropeTeam/FinEur/Intercompany/PO'))}/tables/@{encodeURIComponent(encodeURIComponent('9d3d76ed-201c-47f5-9b36-a919ab670a36'))}/items/@{encodeURIComponent(triggerBody()?['ID'])}","authentication":"@parameters('$authentication')"}},"Apply_to_each_2":{"foreach":"@body('Start_an_approval')?['responses']","actions":{"Update_item":{"runAfter":{},"metadata":{"flowSystemMetadata":{"swaggerOperationId":"PatchItem"}},"type":"ApiConnection","inputs":{"host":{"connection":{"name":"@parameters('$connections')['shared_sharepointonline']['connectionId']"},"api":{"runtimeUrl":"https://flow-apim-msmanaged-na-westus-01.azure-apim.net/apim/sharepointonline"}},"method":"patch","body":{"Title":"@body('Get_item')['Title']","PO_x0020_Number":"@add(body('Get_item_2')['NextNumber'],1)","Approved":true,"Manager_x0020_comments":"@items('Apply_to_each_2')?['comments']","Invoiced_x0020_Received":false,"Receiving":false,"ApprovalDate":"@items('Apply_to_each_2')?['responseDate']"},"path":"/datasets/@{encodeURIComponent(encodeURIComponent('https://amspecllc.sharepoint.com/sites/EuropeTeam/FinEur/Intercompany/PO'))}/tables/@{encodeURIComponent(encodeURIComponent('9d3d76ed-201c-47f5-9b36-a919ab670a36'))}/items/@{encodeURIComponent(triggerBody()?['ID'])}","authentication":"@parameters('$authentication')"}}},"runAfter":{"Update_item_3":["Succeeded"]},"type":"Foreach"},"Get_item_2":{"runAfter":{"Get_item":["Succeeded"]},"metadata":{"flowSystemMetadata":{"swaggerOperationId":"GetItem"}},"type":"ApiConnection","inputs":{"host":{"connection":{"name":"@parameters('$connections')['shared_sharepointonline']['connectionId']"},"api":{"runtimeUrl":"https://flow-apim-msmanaged-na-westus-01.azure-apim.net/apim/sharepointonline"}},"method":"get","path":"/datasets/@{encodeURIComponent(encodeURIComponent('https://amspecllc.sharepoint.com/sites/EuropeTeam/FinEur/Intercompany/PO'))}/tables/@{encodeURIComponent(encodeURIComponent('0d981a70-be6e-44ce-ab71-01472271f9bc'))}/items/@{encodeURIComponent('1')}","authentication":"@parameters('$authentication')"}},"Update_item_3":{"runAfter":{"Get_item_2":["Succeeded"]},"metadata":{"flowSystemMetadata":{"swaggerOperationId":"PatchItem"}},"type":"ApiConnection","inputs":{"host":{"connection":{"name":"@parameters('$connections')['shared_sharepointonline']['connectionId']"},"api":{"runtimeUrl":"https://flow-apim-msmanaged-na-westus-01.azure-apim.net/apim/sharepointonline"}},"method":"patch","body":{"Title":"@body('Get_item_2')['Title']","NextNumber":"@add(body('Get_item_2')['NextNumber'],1)"},"path":"/datasets/@{encodeURIComponent(encodeURIComponent('https://amspecllc.sharepoint.com/sites/EuropeTeam/FinEur/Intercompany/PO'))}/tables/@{encodeURIComponent(encodeURIComponent('0d981a70-be6e-44ce-ab71-01472271f9bc'))}/items/@{encodeURIComponent('1')}","authentication":"@parameters('$authentication')"}},"Send_an_email_notification_2":{"runAfter":{"Apply_to_each_2":["Succeeded"]},"metadata":{"flowSystemMetadata":{"swaggerOperationId":"SendEmail"}},"type":"ApiConnection","inputs":{"host":{"connection":{"name":"@parameters('$connections')['shared_sendmail']['connectionId']"},"api":{"runtimeUrl":"https://flow-apim-msmanaged-na-eastus2-01.azure-apim.net/apim/sendmail"}},"method":"post","body":{"to":"@{triggerBody()?['Author']?['Email']};","subject":"@triggerBody()?['Title']","text":"Your PO has been approved\nPO Link:\n@{triggerBody()?['{Link}']}","ishtml":true},"path":"/mail/send","authentication":"@parameters('$authentication')"}}},"runAfter":{"2ndApprover":["Succeeded"]},"else":{"actions":{"Get_items":{"runAfter":{},"metadata":{"flowSystemMetadata":{"swaggerOperationId":"GetItems"}},"type":"ApiConnection","inputs":{"host":{"connection":{"name":"@parameters('$connections')['shared_sharepointonline']['connectionId']"},"api":{"runtimeUrl":"https://flow-apim-msmanaged-na-westus-01.azure-apim.net/apim/sharepointonline"}},"method":"get","path":"/datasets/@{encodeURIComponent(encodeURIComponent('https://amspecllc.sharepoint.com/sites/EuropeTeam/FinEur/Intercompany/PO'))}/tables/@{encodeURIComponent(encodeURIComponent('9d3d76ed-201c-47f5-9b36-a919ab670a36'))}/items","authentication":"@parameters('$authentication')"}},"Apply_to_each":{"foreach":"@body('Get_items')?['value']","actions":{"Update_item_2":{"runAfter":{},"metadata":{"flowSystemMetadata":{"swaggerOperationId":"PatchItem"}},"type":"ApiConnection","inputs":{"host":{"connection":{"name":"@parameters('$connections')['shared_sharepointonline']['connectionId']"},"api":{"runtimeUrl":"https://flow-apim-msmanaged-na-westus-01.azure-apim.net/apim/sharepointonline"}},"method":"patch","body":{"Title":"@items('Apply_to_each')?['Title']","Approved":false,"Manager_x0020_comments":"@body('Start_an_approval')?['comments']","Invoiced_x0020_Received":false,"Receiving":false},"path":"/datasets/@{encodeURIComponent(encodeURIComponent('https://amspecllc.sharepoint.com/sites/EuropeTeam/FinEur/Intercompany/PO'))}/tables/@{encodeURIComponent(encodeURIComponent('9d3d76ed-201c-47f5-9b36-a919ab670a36'))}/items/@{encodeURIComponent(triggerBody()?['ID'])}","authentication":"@parameters('$authentication')"}}},"runAfter":{"Get_items":["Succeeded"]},"type":"Foreach"},"Send_an_email_notification_6":{"runAfter":{"Apply_to_each":["Succeeded"]},"metadata":{"flowSystemMetadata":{"swaggerOperationId":"SendEmail"}},"type":"ApiConnection","inputs":{"host":{"connection":{"name":"@parameters('$connections')['shared_sendmail']['connectionId']"},"api":{"runtimeUrl":"https://flow-apim-msmanaged-na-eastus2-01.azure-apim.net/apim/sendmail"}},"method":"post","body":{"to":"@{triggerBody()?['Author']?['Email']};","subject":"@triggerBody()?['Title']","text":"Your PO has been rejected\nPO Link:\n@{triggerBody()?['{Link}']}","ishtml":true},"path":"/mail/send","authentication":"@parameters('$authentication')"}}}},"expression":"@equals(body('Start_an_approval')?['response'], 'Approve')","type":"If"},"2ndApprover":{"actions":{"Update_item_6":{"runAfter":{},"metadata":{"flowSystemMetadata":{"swaggerOperationId":"PatchItem"}},"type":"ApiConnection","inputs":{"host":{"connection":{"name":"@parameters('$connections')['shared_sharepointonline']['connectionId']"},"api":{"runtimeUrl":"https://flow-apim-msmanaged-na-westus-01.azure-apim.net/apim/sharepointonline"}},"method":"patch","body":{"Title":"@triggerBody()?['Title']","ApprovedByPerson":"@triggerBody()?['Department_x003a_Approver1']?['Value']","ApprovalDate":"@triggerBody()?['ApprovalDate']"},"path":"/datasets/@{encodeURIComponent(encodeURIComponent('https://amspecllc.sharepoint.com/sites/EuropeTeam/FinEur/Intercompany/PO'))}/tables/@{encodeURIComponent(encodeURIComponent('9d3d76ed-201c-47f5-9b36-a919ab670a36'))}/items/@{encodeURIComponent(triggerBody()?['ID'])}","authentication":"@parameters('$authentication')"}}},"runAfter":{"Compose_4":["Succeeded"]},"else":{"actions":{"Condition_7":{"actions":{"Condition_2":{"actions":{"Condition_4":{"actions":{},"runAfter":{},"else":{"actions":{"Start_an_approval_3":{"runAfter":{},"metadata":{"flowSystemMetadata":{"swaggerOperationId":"approvalSubscribeV2"}},"type":"ApiConnectionWebhook","inputs":{"host":{"connection":{"name":"@parameters('$connections')['shared_approvals']['connectionId']"},"api":{"runtimeUrl":"https://flow-apim-msmanaged-na-northcentralus-01.azure-apim.net/apim/approvals"}},"body":{"notificationUrl":"@{listCallbackUrl()}","title":"3nd Approval request","assignedTo":"@{triggerBody()?['Department_x003a_Approver3']?['Value']};","details":"User @{triggerBody()?['Author']?['DisplayName']} from @{triggerBody()?['Author']?['Department']} has sent you a PO amounting to @{triggerBody()?['NewColumn10']} for dept @{triggerBody()?['Department']?['Value']} - Final APPROVAL","itemLink":"@triggerBody()?['{Link}']","requestor":"Miguel.Scicluna@amspecgroup.com;","enableNotifications":true},"path":"/types/@{encodeURIComponent('Basic')}/$subscriptions","authentication":"@parameters('$authentication')"}},"Condition_3":{"actions":{},"runAfter":{"Start_an_approval_3":["Succeeded"]},"else":{"actions":{"Terminate_3":{"runAfter":{},"type":"Terminate","inputs":{"runStatus":"Failed"}}}},"expression":"@equals(body('Start_an_approval_3')?['response'], 'Approve')","type":"If"}}},"expression":"@lessOrEquals(outputs('Compose_2'), outputs('Compose_6'))","type":"If"}},"runAfter":{"Start_an_approval_2":["Succeeded"]},"else":{"actions":{"Terminate":{"runAfter":{"Send_an_email_notification_3":["Succeeded"]},"type":"Terminate","inputs":{"runStatus":"Failed"}},"Send_an_email_notification_3":{"runAfter":{},"metadata":{"flowSystemMetadata":{"swaggerOperationId":"SendEmail"}},"type":"ApiConnection","inputs":{"host":{"connection":{"name":"@parameters('$connections')['shared_sendmail']['connectionId']"},"api":{"runtimeUrl":"https://flow-apim-msmanaged-na-eastus2-01.azure-apim.net/apim/sendmail"}},"method":"post","body":{"to":"@{triggerBody()?['Author']?['Email']};","subject":"@triggerBody()?['Title']","text":"Your PO has been rejected\nPO Link:\n@{triggerBody()?['{Link}']}","ishtml":true},"path":"/mail/send","authentication":"@parameters('$authentication')"}}}},"expression":"@equals(body('Start_an_approval_2')?['response'], 'Approve')","type":"If"},"Send_an_email_notification_(V3)":{"runAfter":{},"metadata":{"flowSystemMetadata":{"swaggerOperationId":"SendEmailV3"}},"type":"ApiConnection","inputs":{"host":{"connection":{"name":"@parameters('$connections')['shared_sendmail']['connectionId']"},"api":{"runtimeUrl":"https://flow-apim-msmanaged-na-eastus2-01.azure-apim.net/apim/sendmail"}},"method":"post","body":{"to":"@{triggerBody()?['Author']?['Email']};;","subject":"Second approval - @{triggerBody()?['Title']}","text":"<p>This is an automated email.<br>\n<br>\nKindly note that your PO request has been sent to @{triggerBody()?['Department_x003a_Approver2']?['Value']} for the second approval.</p>","ishtml":true},"path":"/v3/mail/send","authentication":"@parameters('$authentication')"}},"Start_an_approval_2":{"runAfter":{"Send_an_email_notification_(V3)":["Succeeded"]},"metadata":{"flowSystemMetadata":{"swaggerOperationId":"approvalSubscribeV2"}},"type":"ApiConnectionWebhook","inputs":{"host":{"connection":{"name":"@parameters('$connections')['shared_approvals']['connectionId']"},"api":{"runtimeUrl":"https://flow-apim-msmanaged-na-northcentralus-01.azure-apim.net/apim/approvals"}},"body":{"notificationUrl":"@{listCallbackUrl()}","title":"2nd Approval request","assignedTo":"@{triggerBody()?['Department_x003a_Approver2']?['Value']};","details":"A new PO has been created by @{triggerBody()?['Author']?['DisplayName']} \nDetails: @{triggerBody()?['Comments']}\nDept: @{triggerBody()?['Department']?['Value']}\nLoc: @{triggerBody()?['Location']?['Value']}\nTotal Amount: €@{outputs('Compose_8')} \n--Second Approval","itemLink":"@triggerBody()?['{Link}']","requestor":"@{triggerBody()?['Author']?['Email']};","enableNotifications":true},"path":"/types/@{encodeURIComponent('BasicAwaitAll')}/$subscriptions","authentication":"@parameters('$authentication')"}}},"runAfter":{"Compose_6":["Succeeded"]},"else":{"actions":{"Condition_5":{"actions":{"Condition_8":{"actions":{"Update_item_7":{"runAfter":{},"metadata":{"flowSystemMetadata":{"swaggerOperationId":"PatchItem"}},"type":"ApiConnection","inputs":{"host":{"connection":{"name":"@parameters('$connections')['shared_sharepointonline']['connectionId']"},"api":{"runtimeUrl":"https://flow-apim-msmanaged-na-westus-01.azure-apim.net/apim/sharepointonline"}},"method":"patch","body":{"Title":"@triggerBody()?['Title']","ApprovedByPerson":"@body('Start_an_approval_4')?['responder']?['email']","ApprovalDate":"@body('Start_an_approval_4')?['responseDate']"},"path":"/datasets/@{encodeURIComponent(encodeURIComponent('https://amspecllc.sharepoint.com/sites/EuropeTeam/FinEur/Intercompany/PO'))}/tables/@{encodeURIComponent(encodeURIComponent('9d3d76ed-201c-47f5-9b36-a919ab670a36'))}/items/@{encodeURIComponent(triggerBody()?['ID'])}","authentication":"@parameters('$authentication')"}}},"runAfter":{"Start_an_approval_4":["Succeeded"]},"else":{"actions":{"Terminate_5":{"runAfter":{"Send_an_email_notification_7":["Succeeded"]},"type":"Terminate","inputs":{"runStatus":"Failed"}},"Send_an_email_notification_7":{"runAfter":{},"metadata":{"flowSystemMetadata":{"swaggerOperationId":"SendEmail"}},"type":"ApiConnection","inputs":{"host":{"connection":{"name":"@parameters('$connections')['shared_sendmail']['connectionId']"},"api":{"runtimeUrl":"https://flow-apim-msmanaged-na-eastus2-01.azure-apim.net/apim/sendmail"}},"method":"post","body":{"to":"@{triggerBody()?['Author']?['Email']};","subject":"@triggerBody()?['Title']","text":"Your PO has been rejected\nPO Link:\n@{triggerBody()?['{Link}']}","ishtml":true},"path":"/mail/send","authentication":"@parameters('$authentication')"}}}},"expression":"@equals(body('Start_an_approval_4')?['response'], 'Approve')","type":"If"},"Send_an_email_notification_(V3)_2":{"runAfter":{},"metadata":{"flowSystemMetadata":{"swaggerOperationId":"SendEmailV3"}},"type":"ApiConnection","inputs":{"host":{"connection":{"name":"@parameters('$connections')['shared_sendmail']['connectionId']"},"api":{"runtimeUrl":"https://flow-apim-msmanaged-na-eastus2-01.azure-apim.net/apim/sendmail"}},"method":"post","body":{"to":"@{triggerBody()?['Author']?['Email']};","subject":"Second approval - @{triggerBody()?['Title']}","text":"<p>This is an automated email.<br>\n<br>\nKindly note that your PO request has been sent to @{triggerBody()?['Department_x003a_Approver2']?['Value']} for the second approval.</p>","ishtml":true},"path":"/v3/mail/send","authentication":"@parameters('$authentication')"}},"Start_an_approval_4":{"runAfter":{"Send_an_email_notification_(V3)_2":["Succeeded"]},"metadata":{"flowSystemMetadata":{"swaggerOperationId":"approvalSubscribeV2"}},"type":"ApiConnectionWebhook","inputs":{"host":{"connection":{"name":"@parameters('$connections')['shared_approvals']['connectionId']"},"api":{"runtimeUrl":"https://flow-apim-msmanaged-na-northcentralus-01.azure-apim.net/apim/approvals"}},"body":{"notificationUrl":"@{listCallbackUrl()}","title":"2nd Approval request","assignedTo":"@{triggerBody()?['Department_x003a_Approver3']?['Value']};;","details":"A new PO has been created by @{triggerBody()?['Author']?['DisplayName']} \nDetails: @{triggerBody()?['Comments']}\nDept: @{triggerBody()?['Department']?['Value']}\nLoc: @{triggerBody()?['Location']?['Value']}\nTotal Amount: €@{outputs('Compose_8')} \n- FInal APPROVAL","itemLink":"@triggerBody()?['{Link}']","requestor":"@{triggerBody()?['Author']?['Email']};","enableNotifications":true},"path":"/types/@{encodeURIComponent('Basic')}/$subscriptions","authentication":"@parameters('$authentication')"}}},"runAfter":{},"else":{"actions":{"Condition_9":{"actions":{"Start_an_approval_6":{"runAfter":{"Send_an_email_notification_(V3)_4":["Succeeded"]},"metadata":{"flowSystemMetadata":{"swaggerOperationId":"approvalSubscribeV2"}},"type":"ApiConnectionWebhook","inputs":{"host":{"connection":{"name":"@parameters('$connections')['shared_approvals']['connectionId']"},"api":{"runtimeUrl":"https://flow-apim-msmanaged-na-northcentralus-01.azure-apim.net/apim/approvals"}},"body":{"notificationUrl":"@{listCallbackUrl()}","title":"3rd Approval","assignedTo":"@{triggerBody()?['Department_x003a_Approver3']?['Value']};;","details":"A new PO has been created by @{triggerBody()?['Author']?['DisplayName']} \nDetails: @{triggerBody()?['Comments']}\nDept: @{triggerBody()?['Department']?['Value']}\nLoc: @{triggerBody()?['Location']?['Value']}\nTotal Amount: €@{outputs('Compose_8')} \n - Final APPROVAL","itemLink":"@triggerBody()?['{Link}']","requestor":"@{triggerBody()?['Author']?['Email']};","enableNotifications":true},"path":"/types/@{encodeURIComponent('Basic')}/$subscriptions","authentication":"@parameters('$authentication')"}},"Condition_10":{"actions":{"Update_item_4":{"runAfter":{},"metadata":{"flowSystemMetadata":{"swaggerOperationId":"PatchItem"}},"type":"ApiConnection","inputs":{"host":{"connection":{"name":"@parameters('$connections')['shared_sharepointonline']['connectionId']"},"api":{"runtimeUrl":"https://flow-apim-msmanaged-na-westus-01.azure-apim.net/apim/sharepointonline"}},"method":"patch","body":{"Title":"@triggerBody()?['Title']","ApprovedByPerson":"@body('Update_item_5')?['Department_x003a_Approver3']?['Value']"},"path":"/datasets/@{encodeURIComponent(encodeURIComponent('https://amspecllc.sharepoint.com/sites/EuropeTeam/FinEur/Intercompany/PO'))}/tables/@{encodeURIComponent(encodeURIComponent('9d3d76ed-201c-47f5-9b36-a919ab670a36'))}/items/@{encodeURIComponent(triggerBody()?['ID'])}","authentication":"@parameters('$authentication')"}}},"runAfter":{"Start_an_approval_6":["Succeeded"]},"else":{"actions":{"Terminate_6":{"runAfter":{"Update_item_10":["Succeeded"]},"type":"Terminate","inputs":{"runStatus":"Failed"}},"Send_an_email_notification_5":{"runAfter":{},"metadata":{"flowSystemMetadata":{"swaggerOperationId":"SendEmail"}},"type":"ApiConnection","inputs":{"host":{"connection":{"name":"@parameters('$connections')['shared_sendmail']['connectionId']"},"api":{"runtimeUrl":"https://flow-apim-msmanaged-na-eastus2-01.azure-apim.net/apim/sendmail"}},"method":"post","body":{"to":"@{triggerBody()?['Author']?['Email']};","subject":"@body('Update_item_5')['Title']","text":"Your PO has been rejected\nPO Link:\n@{triggerBody()?['{Link}']}","ishtml":true},"path":"/mail/send","authentication":"@parameters('$authentication')"}},"Update_item_10":{"runAfter":{"Send_an_email_notification_5":["Succeeded"]},"metadata":{"flowSystemMetadata":{"swaggerOperationId":"PatchItem"}},"type":"ApiConnection","inputs":{"host":{"connection":{"name":"@parameters('$connections')['shared_sharepointonline']['connectionId']"},"api":{"runtimeUrl":"https://flow-apim-msmanaged-na-westus-01.azure-apim.net/apim/sharepointonline"}},"method":"patch","body":{"Title":"@triggerBody()?['Title']","Comments":"","Approved":false,"Manager_x0020_comments":"","Invoiced_x0020_Received":false,"Invoice_x0020_Reference":"","Receiving":false,"Internal_x0020_Reference":"","ApprovedByPerson":"","NotApproved":"","OData__x0052_ID1":"","OData__x0052_ID2":"","OData__x0052_ID3":"","OData__x0052_ID4":"","OData__x0052_ID5":"","OData__x0052_ID6":"","OData__x0052_ID7":"","OData__x0052_ID8":"","OData__x0052_ID9":"","OData__x0052_ID10":"","Location":{"Id":"@triggerBody()?['Location']?['Id']"}},"path":"/datasets/@{encodeURIComponent(encodeURIComponent('https://amspecllc.sharepoint.com/sites/EuropeTeam/FinEur/Intercompany/PO'))}/tables/@{encodeURIComponent(encodeURIComponent('9d3d76ed-201c-47f5-9b36-a919ab670a36'))}/items/@{encodeURIComponent(triggerBody()?['ID'])}","authentication":"@parameters('$authentication')"}}}},"expression":"@equals(body('Start_an_approval_6')?['response'], 'Approve')","type":"If"},"Update_item_5":{"runAfter":{},"metadata":{"flowSystemMetadata":{"swaggerOperationId":"PatchItem"}},"type":"ApiConnection","inputs":{"host":{"connection":{"name":"@parameters('$connections')['shared_sharepointonline']['connectionId']"},"api":{"runtimeUrl":"https://flow-apim-msmanaged-na-westus-01.azure-apim.net/apim/sharepointonline"}},"method":"patch","body":{"Title":"@triggerBody()?['Title']","ApprovedByPerson":"@triggerBody()?['Department_x003a_Approver2']?['Value']"},"path":"/datasets/@{encodeURIComponent(encodeURIComponent('https://amspecllc.sharepoint.com/sites/EuropeTeam/FinEur/Intercompany/PO'))}/tables/@{encodeURIComponent(encodeURIComponent('9d3d76ed-201c-47f5-9b36-a919ab670a36'))}/items/@{encodeURIComponent(triggerBody()?['ID'])}","authentication":"@parameters('$authentication')"}},"Send_an_email_notification_(V3)_4":{"runAfter":{"Update_item_5":["Succeeded"]},"metadata":{"flowSystemMetadata":{"swaggerOperationId":"SendEmailV3"}},"type":"ApiConnection","inputs":{"host":{"connection":{"name":"@parameters('$connections')['shared_sendmail']['connectionId']"},"api":{"runtimeUrl":"https://flow-apim-msmanaged-na-eastus2-01.azure-apim.net/apim/sendmail"}},"method":"post","body":{"to":"@{triggerBody()?['Author']?['Email']};","subject":"Third approval - @{triggerBody()?['Title']}","text":"<p>This is an automated email.<br>\n<br>\nKindly note that your PO request has been sent to @{triggerBody()?['Department_x003a_Approver2']?['Value']} for the third approval.</p>","ishtml":true},"path":"/v3/mail/send","authentication":"@parameters('$authentication')"}}},"runAfter":{"Start_an_approval_5":["Succeeded"]},"else":{"actions":{"Terminate_2":{"runAfter":{"Update_item_9":["Succeeded"]},"type":"Terminate","inputs":{"runStatus":"Failed"}},"Send_an_email_notification_4":{"runAfter":{},"metadata":{"flowSystemMetadata":{"swaggerOperationId":"SendEmail"}},"type":"ApiConnection","inputs":{"host":{"connection":{"name":"@parameters('$connections')['shared_sendmail']['connectionId']"},"api":{"runtimeUrl":"https://flow-apim-msmanaged-na-eastus2-01.azure-apim.net/apim/sendmail"}},"method":"post","body":{"to":"@{triggerBody()?['Author']?['Email']};","subject":"@triggerBody()?['Title']","text":"Your PO has been rejected\nPO Link:\n@{triggerBody()?['{Link}']}","ishtml":true},"path":"/mail/send","authentication":"@parameters('$authentication')"}},"Update_item_9":{"runAfter":{"Send_an_email_notification_4":["Succeeded"]},"metadata":{"flowSystemMetadata":{"swaggerOperationId":"PatchItem"}},"type":"ApiConnection","inputs":{"host":{"connection":{"name":"@parameters('$connections')['shared_sharepointonline']['connectionId']"},"api":{"runtimeUrl":"https://flow-apim-msmanaged-na-westus-01.azure-apim.net/apim/sharepointonline"}},"method":"patch","body":{"Title":"@triggerBody()?['Title']","Comments":"","Approved":false,"Manager_x0020_comments":"","Invoiced_x0020_Received":false,"Invoice_x0020_Reference":"","Receiving":false,"Internal_x0020_Reference":"","ApprovedByPerson":"","NotApproved":"","OData__x0052_ID1":"","OData__x0052_ID2":"","OData__x0052_ID3":"","OData__x0052_ID4":"","OData__x0052_ID5":"","OData__x0052_ID6":"","OData__x0052_ID7":"","OData__x0052_ID8":"","OData__x0052_ID9":"","OData__x0052_ID10":"","Location":{"Id":"@triggerBody()?['Location']?['Id']"}},"path":"/datasets/@{encodeURIComponent(encodeURIComponent('https://amspecllc.sharepoint.com/sites/EuropeTeam/FinEur/Intercompany/PO'))}/tables/@{encodeURIComponent(encodeURIComponent('9d3d76ed-201c-47f5-9b36-a919ab670a36'))}/items/@{encodeURIComponent(triggerBody()?['ID'])}","authentication":"@parameters('$authentication')"}}}},"expression":"@equals(body('Start_an_approval_5')?['response'], 'Approve')","type":"If"},"Send_an_email_notification_(V3)_3":{"runAfter":{},"metadata":{"flowSystemMetadata":{"swaggerOperationId":"SendEmailV3"}},"type":"ApiConnection","inputs":{"host":{"connection":{"name":"@parameters('$connections')['shared_sendmail']['connectionId']"},"api":{"runtimeUrl":"https://flow-apim-msmanaged-na-eastus2-01.azure-apim.net/apim/sendmail"}},"method":"post","body":{"to":"@{triggerBody()?['Author']?['Email']};","subject":"Second approval - @{triggerBody()?['Title']}","text":"<p>This is an automated email.<br>\n<br>\nKindly note that your PO request has been sent to @{triggerBody()?['Department_x003a_Approver2']?['Value']} for the second approval.</p>","ishtml":true},"path":"/v3/mail/send","authentication":"@parameters('$authentication')"}},"Start_an_approval_5":{"runAfter":{"Send_an_email_notification_(V3)_3":["Succeeded"]},"metadata":{"flowSystemMetadata":{"swaggerOperationId":"approvalSubscribeV2"}},"type":"ApiConnectionWebhook","inputs":{"host":{"connection":{"name":"@parameters('$connections')['shared_approvals']['connectionId']"},"api":{"runtimeUrl":"https://flow-apim-msmanaged-na-northcentralus-01.azure-apim.net/apim/approvals"}},"body":{"notificationUrl":"@{listCallbackUrl()}","title":"2nd approval","assignedTo":"@{triggerBody()?['Department_x003a_Approver2']?['Value']};","details":"A new PO has been created by @{triggerBody()?['Author']?['DisplayName']} \nDetails: @{triggerBody()?['Comments']}\nDept: @{triggerBody()?['Department']?['Value']}\nLoc: @{triggerBody()?['Location']?['Value']}\nTotal Amount: €@{outputs('Compose_8')} \n--Second Approval","itemLink":"@triggerBody()?['{Link}']","requestor":"@{triggerBody()?['Author']?['Email']};","enableNotifications":true},"path":"/types/@{encodeURIComponent('Basic')}/$subscriptions","authentication":"@parameters('$authentication')"}}}},"expression":"@equals(outputs('Compose_6'), 0)","type":"If"}}},"expression":"@lessOrEquals(outputs('Compose_2'), outputs('Compose_6'))","type":"If"},"Compose_5":{"runAfter":{},"type":"Compose","inputs":"@triggerBody()?['Department_x003a_Approver2Limit']?['Value']"},"Compose_6":{"runAfter":{"Compose_5":["Succeeded"]},"type":"Compose","inputs":"@float(outputs('Compose_5'))"}}},"expression":"@lessOrEquals(outputs('Compose_2'), outputs('Compose_4'))","type":"If"},"Condition_6":{"actions":{},"runAfter":{"Start_an_approval":["Succeeded"]},"else":{"actions":{"Terminate_4":{"runAfter":{"Update_item_8":["Succeeded"]},"type":"Terminate","inputs":{"runStatus":"Failed"}},"Send_an_email_notification":{"runAfter":{},"metadata":{"flowSystemMetadata":{"swaggerOperationId":"SendEmail"}},"type":"ApiConnection","inputs":{"host":{"connection":{"name":"@parameters('$connections')['shared_sendmail']['connectionId']"},"api":{"runtimeUrl":"https://flow-apim-msmanaged-na-eastus2-01.azure-apim.net/apim/sendmail"}},"method":"post","body":{"to":"@{triggerBody()?['Author']?['Email']};","subject":"@triggerBody()?['Title']","text":"Your PO has been rejected\nPO Link:\n@{triggerBody()?['{Link}']}","ishtml":true},"path":"/mail/send","authentication":"@parameters('$authentication')"}},"Update_item_8":{"runAfter":{"Send_an_email_notification":["Succeeded"]},"metadata":{"flowSystemMetadata":{"swaggerOperationId":"PatchItem"}},"type":"ApiConnection","inputs":{"host":{"connection":{"name":"@parameters('$connections')['shared_sharepointonline']['connectionId']"},"api":{"runtimeUrl":"https://flow-apim-msmanaged-na-westus-01.azure-apim.net/apim/sharepointonline"}},"method":"patch","body":{"Title":"@triggerBody()?['Title']","Comments":"@triggerBody()?['Comments']","Approved":false,"Manager_x0020_comments":"@triggerBody()?['Manager_x0020_comments']","Invoiced_x0020_Received":false,"Invoice_x0020_Reference":"","Receiving":false,"Internal_x0020_Reference":"","ApprovedByPerson":"","NotApproved":"","OData__x0052_ID1":"","OData__x0052_ID2":"","OData__x0052_ID3":"","OData__x0052_ID4":"","OData__x0052_ID5":"","OData__x0052_ID6":"","OData__x0052_ID7":"","OData__x0052_ID8":"","OData__x0052_ID9":"","OData__x0052_ID10":"","Location":{"Id":"@triggerBody()?['Location']?['Id']"}},"path":"/datasets/@{encodeURIComponent(encodeURIComponent('https://amspecllc.sharepoint.com/sites/EuropeTeam/FinEur/Intercompany/PO'))}/tables/@{encodeURIComponent(encodeURIComponent('9d3d76ed-201c-47f5-9b36-a919ab670a36'))}/items/@{encodeURIComponent(triggerBody()?['ID'])}","authentication":"@parameters('$authentication')"}}}},"expression":"@equals(body('Start_an_approval')?['response'], 'Approve')","type":"If"},"Compose":{"runAfter":{"Condition_6":["Succeeded"]},"type":"Compose","inputs":"@triggerBody()?['NewColumn10']"},"Compose_2":{"runAfter":{"Compose":["Succeeded"]},"type":"Compose","inputs":"@float(outputs('Compose'))"},"Compose_3":{"runAfter":{"Compose_2":["Succeeded"]},"type":"Compose","inputs":"@triggerBody()?['Department_x003a_Approver1Limit']?['Value']"},"Compose_4":{"runAfter":{"Compose_3":["Succeeded"]},"type":"Compose","inputs":"@float(outputs('Compose_3'))"},"Compose_7":{"runAfter":{},"type":"Compose","inputs":"@triggerBody()?['NewColumn10']"},"Compose_8":{"runAfter":{"Compose_7":["Succeeded"]},"type":"Compose","inputs":"@float(outputs('Compose_7'))"}},"description":"When an item is created in a specified SharePoint List, send an approval. On approval, create same item in another specified SharePoint List."},"connectionReferences":{"shared_approvals":{"connectionName":"shared-approvals-242de1cf-ecb6-408b-b657-7dd60c8ebe66","source":"Embedded","id":"/providers/Microsoft.PowerApps/apis/shared_approvals","tier":"NotSpecified"},"shared_sharepointonline":{"connectionName":"shared-sharepointonl-b1c13963-384e-4fd4-aa7d-cb04cce99e69","source":"Embedded","id":"/providers/Microsoft.PowerApps/apis/shared_sharepointonline","tier":"NotSpecified"},"shared_sendmail":{"connectionName":"shared-sendmail-e95dbcba-12d4-4a52-8818-c358af5c924d","source":"Embedded","id":"/providers/Microsoft.PowerApps/apis/shared_sendmail","tier":"NotSpecified"}},"flowFailureAlertSubscribed":false,"isManaged":false}}