{"schemaVersion":"1.0","appDefinitionTemplate":{"id":"/providers/Microsoft.PowerApps/apps/","type":"Microsoft.PowerApps/apps","tags":{"primaryDeviceWidth":"640","primaryDeviceHeight":"1136","sienaVersion":"20181203T192913Z-3.18112.22.0","deviceCapabilities":"","supportsPortrait":"true","supportsLandscape":"false","primaryFormFactor":"Phone","publisherVersion":"3.18112.22","minimumRequiredApiVersion":"2.2.0"},"properties":{"appVersion":"2018-12-03T19:29:13Z","lifeCycleId":"Published","createdByClientVersion":{"major":3,"minor":18112,"build":22,"revision":0,"majorRevision":0,"minorRevision":0},"minClientVersion":{"major":3,"minor":18112,"build":22,"revision":0,"majorRevision":0,"minorRevision":0},"backgroundColor":"rgba(0, 176, 240, 1)","backgroundImageUri":"/12970428311381293962/Na833f958-1e17-4793-9fff-482b0d987b43-logoSmallFile","displayName":"tablica","description":"","appUris":{"documentUri":{"value":"/12970428311381293962/N0d9a8ebe-fe12-43af-8f0a-d928c0308ac8-document.msapp"},"imageUris":[]},"createdTime":"0001-01-01T00:00:00Z","lastModifiedTime":"0001-01-01T00:00:00Z","sharedGroupsCount":0,"sharedUsersCount":0,"icons":{"smallIconUri":"/12970428311381293962/N94e305f0-f212-487e-a823-c7837fef9a13-small.png","mediumIconUri":"/12970428311381293962/N6f494d80-041c-4214-bdbb-33a97b2ca771-medium.png","largeIconUri":"/12970428311381293962/Nf559e322-2939-4043-98d3-41daa9942d3d-large.png","wideIconUri":"/12970428311381293962/N1cfd13a3-e1fa-43a9-99d6-cda49dfd83b2-wide.png"},"connectionReferences":{},"databaseReferences":{},"almMode":"Environment","performanceOptimizationEnabled":true,"executionRestrictions":{"isTeamsOnly":false,"dataLossPreventionEvaluationResult":{"status":"Compliant","lastEvaluationDate":"2020-10-27T21:31:46.11901Z","violationDetails":[]}}},"appType":"ClassicCanvasApp","appComponents":[]}}