{"name":"f79e73f1-4fb6-4ac7-82c5-f2df4d0115c9","id":"/providers/Microsoft.Flow/flows/f79e73f1-4fb6-4ac7-82c5-f2df4d0115c9","type":"Microsoft.Flow/flows","properties":{"apiId":"/providers/Microsoft.PowerApps/apis/shared_logicflows","displayName":"Get today's weather forecast for my current location","definition":{"metadata":{"workflowEntityId":null,"flowclientsuspensionreason":"None","flowclientsuspensiontime":null,"creator":{"id":"92b54cd9-a569-4d92-bca0-4f330d1ea600","type":"User","tenantId":"fddf0fb0-6be4-4e34-ace1-e795bc64c91f"},"provisioningMethod":"FromDefinition","failureAlertSubscription":true,"clientLastModifiedTime":"2021-01-29T06:36:28.9975881Z"},"$schema":"https://schema.management.azure.com/providers/Microsoft.Logic/schemas/2016-06-01/workflowdefinition.json#","contentVersion":"1.0.0.0","parameters":{"$connections":{"defaultValue":{},"type":"Object"},"$authentication":{"defaultValue":{},"type":"SecureObject"}},"triggers":{"manual":{"type":"Request","kind":"Button","inputs":{"schema":{"type":"object","properties":{"location":{"type":"object","properties":{"address":{"type":"object","properties":{"countryOrRegion":{"type":"string","x-ms-dynamically-added":false},"city":{"title":"City","type":"string","x-ms-dynamically-added":false}},"required":["countryOrRegion","city"]},"coordinates":{"type":"object","properties":{"longitude":{"type":"string","x-ms-dynamically-added":false},"latitude":{"type":"string","x-ms-dynamically-added":false}},"required":["longitude","latitude"]}},"required":["address","coordinates"]}},"required":["location"]}}}},"actions":{"Condition":{"actions":{"Get_forecast_for_today_(US)":{"runAfter":{},"metadata":{"flowSystemMetadata":{"swaggerOperationId":"TodaysForecast"}},"type":"ApiConnection","inputs":{"host":{"api":{"runtimeUrl":"https://flow-apim-msmanaged-na-westus2-01.azure-apim.net/apim/msnweather"},"connection":{"name":"@json(decodeBase64(triggerOutputs().headers['X-MS-APIM-Tokens']))['$connections']['shared_msnweather']['connectionId']"}},"method":"get","path":"/forecast/today/@{encodeURIComponent(triggerBody()['location']['coordinates']['latitude'],', ',triggerBody()['location']['coordinates']['longitude'])}","queries":{"units":"Imperial"},"authentication":{"type":"Raw","value":"@json(decodeBase64(triggerOutputs().headers['X-MS-APIM-Tokens']))['$ConnectionKey']"}}},"Send_a_push_notification_(US)":{"runAfter":{"Get_forecast_for_today_(US)":["Succeeded"]},"metadata":{"flowSystemMetadata":{"swaggerOperationId":"SendNotification"}},"type":"ApiConnection","inputs":{"host":{"api":{"runtimeUrl":"https://flow-apim-msmanaged-na-eastus2-01.azure-apim.net/apim/flowpush"},"connection":{"name":"@json(decodeBase64(triggerOutputs().headers['X-MS-APIM-Tokens']))['$connections']['shared_flowpush']['connectionId']"}},"method":"post","body":{"notificationText":"High of @{body('Get_forecast_for_today_(US)')?['responses']?['daily']?['tempHi']}@{body('Get_forecast_for_today_(US)')?['units']?['temperature']} and low of @{body('Get_forecast_for_today_(US)')?['responses']?['daily']?['tempLo']}@{body('Get_forecast_for_today_(US)')?['units']?['temperature']}. @{body('Get_forecast_for_today_(US)')?['responses']?['daily']?['precip']}% chance of rain.","notificationLink":{"uri":"@{body('Get_forecast_for_today_(US)')?['responses']?['source']?['clickThrough']}","label":"See the full details about the @{body('Get_forecast_for_today_(US)')?['responses']?['daily']?['pvdrCap']} weather in @{body('Get_forecast_for_today_(US)')?['responses']?['source']?['location']}"}},"path":"/sendNotification","authentication":{"type":"Raw","value":"@json(decodeBase64(triggerOutputs().headers['X-MS-APIM-Tokens']))['$ConnectionKey']"}}}},"runAfter":{},"else":{"actions":{"Send_a_push_notification_(Metric)":{"runAfter":{"Get_forecast_for_today_(Metric)":["Succeeded"]},"metadata":{"flowSystemMetadata":{"swaggerOperationId":"SendNotification"}},"type":"ApiConnection","inputs":{"host":{"api":{"runtimeUrl":"https://flow-apim-msmanaged-na-eastus2-01.azure-apim.net/apim/flowpush"},"connection":{"name":"@json(decodeBase64(triggerOutputs().headers['X-MS-APIM-Tokens']))['$connections']['shared_flowpush']['connectionId']"}},"method":"post","body":{"notificationText":"High of @{body('Get_forecast_for_today_(Metric)')?['responses']?['daily']?['tempHi']}@{body('Get_forecast_for_today_(Metric)')?['units']?['temperature']} and low of @{body('Get_forecast_for_today_(Metric)')?['responses']?['daily']?['tempLo']}@{body('Get_forecast_for_today_(Metric)')?['units']?['temperature']}. @{body('Get_forecast_for_today_(Metric)')?['responses']?['daily']?['precip']}% chance of rain.","notificationLink":{"uri":"@{body('Get_forecast_for_today_(Metric)')?['responses']?['source']?['clickThrough']}","label":"See the full details about the @{body('Get_forecast_for_today_(Metric)')?['responses']?['daily']?['pvdrCap']} weather in @{body('Get_forecast_for_today_(Metric)')?['responses']?['source']?['location']}"}},"path":"/sendNotification","authentication":{"type":"Raw","value":"@json(decodeBase64(triggerOutputs().headers['X-MS-APIM-Tokens']))['$ConnectionKey']"}}},"Get_forecast_for_today_(Metric)":{"runAfter":{},"metadata":{"flowSystemMetadata":{"swaggerOperationId":"TodaysForecast"}},"type":"ApiConnection","inputs":{"host":{"api":{"runtimeUrl":"https://flow-apim-msmanaged-na-westus2-01.azure-apim.net/apim/msnweather"},"connection":{"name":"@json(decodeBase64(triggerOutputs().headers['X-MS-APIM-Tokens']))['$connections']['shared_msnweather']['connectionId']"}},"method":"get","path":"/forecast/today/@{encodeURIComponent(triggerBody()['location']['coordinates']['latitude'],', ',triggerBody()['location']['coordinates']['longitude'])}","queries":{"units":"Metric"},"authentication":{"type":"Raw","value":"@json(decodeBase64(triggerOutputs().headers['X-MS-APIM-Tokens']))['$ConnectionKey']"}}}}},"expression":"@equals(triggerBody()['location']['address']['countryOrRegion'], triggerBody()['location']['address']['city'])","type":"If"}},"outputs":{}},"connectionReferences":{"shared_msnweather":{"connectionName":"shared-msnweather-6fc3ae7a-71ae-450e-8efc-77dcb5a6e596","source":"Invoker","id":"/providers/Microsoft.PowerApps/apis/shared_msnweather","tier":"NotSpecified"},"shared_flowpush":{"connectionName":"shared-flowpush-eef3605f-404b-49cb-8db8-96f3-451ed01a","source":"Invoker","id":"/providers/Microsoft.PowerApps/apis/shared_flowpush","tier":"NotSpecified"}},"flowFailureAlertSubscribed":false,"isManaged":false}}