{"name":"802f2de0-0b74-40e2-8080-d3ce465a6f79","id":"/providers/Microsoft.Flow/flows/802f2de0-0b74-40e2-8080-d3ce465a6f79","type":"Microsoft.Flow/flows","properties":{"apiId":"/providers/Microsoft.PowerApps/apis/shared_logicflows","displayName":"Recevoir une notification Push lors de la réception d’un e-mail provenant de votre patron","definition":{"metadata":{"workflowEntityId":null,"creator":{"id":"cff46316-3fd0-41f7-84d2-f8a419517a2d","type":"User","tenantId":"fddf0fb0-6be4-4e34-ace1-e795bc64c91f"},"provisioningMethod":"FromDefinition","failureAlertSubscription":true,"clientLastModifiedTime":"2019-01-07T04:39:38.0926104Z","flowclientsuspensionreason":"None","flowclientsuspensiontime":null,"processAdvisorMetadata":null},"$schema":"https://schema.management.azure.com/providers/Microsoft.Logic/schemas/2016-06-01/workflowdefinition.json#","contentVersion":"1.0.0.0","parameters":{"$connections":{"defaultValue":{},"type":"Object"},"$authentication":{"defaultValue":{},"type":"SecureObject"}},"triggers":{"On_new_email":{"splitOn":"@triggerBody()?.value","metadata":{"flowSystemMetadata":{"swaggerOperationId":"OnNewEmail"}},"type":"ApiConnectionNotification","inputs":{"fetch":{"method":"get","pathTemplate":{"template":"/Mail/OnNewEmail"},"queries":{"folderPath":"Inbox","importance":"Normal"}},"subscribe":{"method":"post","pathTemplate":{"template":"/MailSubscriptionPoke/$subscriptions"},"body":{"NotificationUrl":"@{listCallbackUrl()}"},"queries":{"folderPath":"Inbox","importance":"Normal"}},"host":{"api":{"runtimeUrl":"https://flow-apim-msmanaged-na-centralus-01.azure-apim.net/apim/office365"},"connection":{"name":"@parameters('$connections')['shared_office365']['connectionId']"}},"authentication":"@parameters('$authentication')"},"conditions":[]}},"actions":{"Check_if_it_is_my_manager":{"actions":{"Send_a_push_notification":{"runAfter":{},"metadata":{"flowSystemMetadata":{"swaggerOperationId":"SendNotification"}},"type":"ApiConnection","inputs":{"host":{"api":{"runtimeUrl":"https://flow-apim-msmanaged-na-westus-01.azure-apim.net/apim/flowpush"},"connection":{"name":"@parameters('$connections')['shared_flowpush']['connectionId']"}},"method":"post","body":{"notificationText":"Boss said: @{triggerBody()['Subject']}","notificationLink":{"uri":"https://outlook.office365.com/","label":"Go to Outlook Office 365"}},"path":"/sendNotification","authentication":"@parameters('$authentication')"}}},"runAfter":{"Get_manager":["Succeeded","Failed","Skipped"]},"else":{"actions":{}},"expression":"@equals(triggerBody()['From'], body('Get_manager')?['Mail'])","type":"If"},"Get_my_profile":{"runAfter":{},"metadata":{"flowSystemMetadata":{"swaggerOperationId":"MyProfile"}},"type":"ApiConnection","inputs":{"host":{"api":{"runtimeUrl":"https://flow-apim-msmanaged-na-centralus-01.azure-apim.net/apim/office365users"},"connection":{"name":"@parameters('$connections')['shared_office365users']['connectionId']"}},"method":"get","path":"/users/me","authentication":"@parameters('$authentication')"}},"Get_manager":{"runAfter":{"Get_my_profile":["Succeeded"]},"metadata":{"flowSystemMetadata":{"swaggerOperationId":"Manager"}},"type":"ApiConnection","inputs":{"host":{"api":{"runtimeUrl":"https://flow-apim-msmanaged-na-centralus-01.azure-apim.net/apim/office365users"},"connection":{"name":"@parameters('$connections')['shared_office365users']['connectionId']"}},"method":"get","path":"/users/@{encodeURIComponent(string(body('Get_my_profile')['UserPrincipalName']))}/manager","authentication":"@parameters('$authentication')"}}}},"connectionReferences":{"shared_office365":{"connectionName":"shared-office365-5c3b83e9-2a3a-4063-a1ee-0a274d64af0c","source":"Embedded","id":"/providers/Microsoft.PowerApps/apis/shared_office365","tier":"NotSpecified"},"shared_office365users":{"connectionName":"shared-office365user-d855effe-c743-4139-ba97-f8f651d4f3f0","source":"Embedded","id":"/providers/Microsoft.PowerApps/apis/shared_office365users","tier":"NotSpecified"},"shared_flowpush":{"connectionName":"shared-flowpush-78efe446-2ede-4333-9013-640fdbaf71e9","source":"Embedded","id":"/providers/Microsoft.PowerApps/apis/shared_flowpush","tier":"NotSpecified"}},"flowFailureAlertSubscribed":false,"isManaged":false}}