{"name":"d7ef20c4-68fb-4850-91fc-c3367f337f61","id":"/providers/Microsoft.Flow/flows/d7ef20c4-68fb-4850-91fc-c3367f337f61","type":"Microsoft.Flow/flows","properties":{"apiId":"/providers/Microsoft.PowerApps/apis/shared_logicflows","displayName":"BID PAGE Create a Planner task when a channel post starts with TODO","definition":{"metadata":{"workflowEntityId":null,"processAdvisorMetadata":null,"flowclientsuspensionreason":"None","flowclientsuspensiontime":null,"creator":{"id":"79bf7d7a-0ac1-4a32-b262-3115e0d3f1fb","type":"User","tenantId":"fddf0fb0-6be4-4e34-ace1-e795bc64c91f"},"provisioningMethod":"FromDefinition","failureAlertSubscription":true,"clientLastModifiedTime":"2022-04-01T19:04:47.901722Z"},"$schema":"https://schema.management.azure.com/providers/Microsoft.Logic/schemas/2016-06-01/workflowdefinition.json#","contentVersion":"1.0.0.0","parameters":{"$connections":{"defaultValue":{},"type":"Object"},"$authentication":{"defaultValue":{},"type":"SecureObject"}},"triggers":{"When_keywords_are_mentioned":{"type":"OpenApiConnectionWebhook","inputs":{"host":{"apiId":"/providers/Microsoft.PowerApps/apis/shared_teams","connectionName":"shared_teams","operationId":"WebhookKeywordTrigger"},"parameters":{"threadType":"channel","$search":"TODO","requestBody/groupId":"b5f58e6b-57f5-4132-b7c2-5d6300b84bfc","requestBody/channels":["19:070818ebbe3b4288906fdc758d6a633c@thread.tacv2"]},"authentication":"@parameters('$authentication')"}}},"actions":{"Apply_to_each":{"foreach":"@triggerOutputs()?['body/value']","actions":{"Get_message_details":{"runAfter":{},"type":"OpenApiConnection","inputs":{"host":{"apiId":"/providers/Microsoft.PowerApps/apis/shared_teams","connectionName":"shared_teams","operationId":"GetMessageDetails"},"parameters":{"messageId":"@items('Apply_to_each')?['messageId']","threadType":"channel","body/recipient/groupId":"@items('Apply_to_each')?['teamId']","body/recipient/channelId":"@items('Apply_to_each')?['channelId']","body/recipient/parentMessageId":"@items('Apply_to_each')?['replyToMessageId']"},"authentication":"@parameters('$authentication')"}},"Condition":{"actions":{"Compose":{"runAfter":{},"type":"Compose","inputs":"@substring(outputs('Get_message_details')?['body/body/plainTextContent'], add(int(outputs('Find_text_position')?['body']),4))"},"Create_a_task":{"runAfter":{"Compose":["Succeeded"]},"type":"OpenApiConnection","inputs":{"host":{"apiId":"/providers/Microsoft.PowerApps/apis/shared_planner","connectionName":"shared_planner","operationId":"CreateTask_V4"},"parameters":{"body/groupId":"b5f58e6b-57f5-4132-b7c2-5d6300b84bfc","body/planId":"E9UzRtXfKUWg5AsNvTuA4mUAHstu","body/title":"@outputs('Compose')"},"authentication":"@parameters('$authentication')"}},"Reply_with_a_message_in_a_channel":{"runAfter":{"Create_a_task":["Succeeded"]},"type":"OpenApiConnection","inputs":{"host":{"apiId":"/providers/Microsoft.PowerApps/apis/shared_teams","connectionName":"shared_teams","operationId":"ReplyWithMessageToConversation"},"parameters":{"poster":"Flow bot","location":"Channel","body/parentMessageId":"@items('Apply_to_each')?['replyToMessageId']","body/recipient/groupId":"@items('Apply_to_each')?['teamId']","body/recipient/channelId":"@items('Apply_to_each')?['channelId']","body/messageBody":"<p>Task created!<br>\n<a href=\"https://tasks.office.com/Home/Task/@{outputs('Create_a_task')?['body/id']}\">View Task</a>&nbsp;</p>"},"authentication":"@parameters('$authentication')"}}},"runAfter":{"Find_text_position":["Succeeded"]},"expression":{"greaterOrEquals":["@outputs('Find_text_position')?['body']",0]},"type":"If"},"Find_text_position":{"runAfter":{"Get_message_details":["Succeeded"]},"type":"Expression","kind":"IndexOf","inputs":{"text":"@toLower(outputs('Get_message_details')?['body/body/plainTextContent'])","searchText":"todo"}}},"runAfter":{},"type":"Foreach"}},"outputs":{},"description":"Automatically create a new task when a channel post starts with the keyword 'TODO'."},"connectionReferences":{"shared_teams":{"connectionName":"shared-teams-292abd1a-37dd-4142-bb8b-9af7f8b37c22","source":"Embedded","id":"/providers/Microsoft.PowerApps/apis/shared_teams","tier":"NotSpecified"},"shared_planner":{"connectionName":"shared-planner-9b02109f-bcc1-473d-b292-36336884ec74","source":"Embedded","id":"/providers/Microsoft.PowerApps/apis/shared_planner","tier":"NotSpecified"}},"flowFailureAlertSubscribed":false,"isManaged":false}}