{"schemaVersion":"1.0","appDefinitionTemplate":{"id":"/providers/Microsoft.PowerApps/apps/","type":"Microsoft.PowerApps/apps","tags":{"sp-site-id":"https://amspecllc.sharepoint.com/sites/TexasCityOps","sp-list-id":"a44bc4d2-2725-43f4-b764-e9a004e94979","https://amspecllc.sharepoint.com/sites/TexasCityOps":"a44bc4d2-2725-43f4-b764-e9a004e94979","primaryDeviceWidth":"640","primaryDeviceHeight":"1136","sienaVersion":"20201230T181206Z-3.20114.22.0","deviceCapabilities":"","supportsPortrait":"true","supportsLandscape":"false","primaryFormFactor":"Phone","publisherVersion":"3.20114.22","minimumRequiredApiVersion":"2.2.0","hasComponent":"false","hasUnlockedComponent":"false","isUnifiedRootApp":"false"},"properties":{"appVersion":"2020-12-30T18:12:06Z","lifeCycleId":"Published","createdByClientVersion":{"major":3,"minor":20114,"build":22,"revision":0,"majorRevision":0,"minorRevision":0},"minClientVersion":{"major":3,"minor":20114,"build":22,"revision":0,"majorRevision":0,"minorRevision":0},"backgroundColor":"rgba(0, 176, 240, 1)","backgroundImageUri":"/5557980479382118976/N662a24fd-070e-484a-938a-d69b589632db-logoSmallFile","displayName":"carlos Cirnigliaro","description":"","commitMessage":"","appUris":{"documentUri":{"value":"/5557980479382118976/N3fc5514e-f238-498a-bd7d-28c8cb0a9898-document.msapp"},"imageUris":[]},"createdTime":"0001-01-01T00:00:00Z","lastModifiedTime":"0001-01-01T00:00:00Z","sharedGroupsCount":0,"sharedUsersCount":0,"icons":{"smallIconUri":"/5557980479382118976/Ndd92c25d-6a26-4a4c-ad2e-63205c1a2870-small.png","mediumIconUri":"/5557980479382118976/N722794c8-fe86-4f36-ac31-3f8fc167aa39-medium.png","largeIconUri":"/5557980479382118976/N1c0de681-e5fc-4752-b427-b34049ae27a5-large.png","wideIconUri":"/5557980479382118976/N3ab6544a-c8e4-4f3d-be49-cd7eddf2ecbf-wide.png"},"connectionReferences":{"f1344bb7-c1d6-4b62-8a69-05a05d4a1a44":{"id":"11a93981-676c-4606-a07f-edd11d7114a2","displayName":"SharePoint","iconUri":"https://connectoricons-prod.azureedge.net/releases/v1.0.1426/1.0.1426.2268/sharepointonline/icon.png","dataSources":["Ana_req_Blk"],"dependencies":[],"dependents":[],"parameterHints":{},"isOnPremiseConnection":false,"dataSets":{"https://amspecllc.sharepoint.com/sites/TexasCityOps":{"dataSources":{"Ana_req_Blk":{"tableName":"a44bc4d2-2725-43f4-b764-e9a004e94979"}}}},"apiTier":"Standard","isCustomApiConnection":false}},"databaseReferences":{},"almMode":"Environment","performanceOptimizationEnabled":true,"canConsumeAppPass":true,"executionRestrictions":{"isTeamsOnly":false,"dataLossPreventionEvaluationResult":{"status":"Compliant","lastEvaluationDate":"2020-12-31T01:29:58.8264065Z","violationDetails":[]}}},"isAppComponentLibrary":false,"appType":"ClassicCanvasApp","appComponents":[]}}