{"schemaVersion":"1.0","appDefinitionTemplate":{"id":"/providers/Microsoft.PowerApps/apps/","type":"Microsoft.PowerApps/apps","tags":{"primaryDeviceWidth":"640","primaryDeviceHeight":"1136","sienaVersion":"20181219T001454Z-3.18114.25.0","deviceCapabilities":"","supportsPortrait":"true","supportsLandscape":"false","primaryFormFactor":"Phone","publisherVersion":"3.18114.25","minimumRequiredApiVersion":"2.2.0"},"properties":{"appVersion":"2018-12-19T00:14:54Z","lifeCycleId":"Published","createdByClientVersion":{"major":3,"minor":18114,"build":25,"revision":0,"majorRevision":0,"minorRevision":0},"minClientVersion":{"major":3,"minor":18114,"build":25,"revision":0,"majorRevision":0,"minorRevision":0},"backgroundColor":"rgba(253, 193, 2, 1)","backgroundImageUri":"/8400434552539624156/Nae124bb5-66cf-496c-a967-df55065b6d64-logoSmallFile","displayName":"PutNi18","description":"","appUris":{"documentUri":{"value":"/8400434552539624156/Nb6f8bacd-baa0-4ad5-85af-4fdca90bf9d7-document.msapp"},"imageUris":[]},"createdTime":"0001-01-01T00:00:00Z","lastModifiedTime":"0001-01-01T00:00:00Z","sharedGroupsCount":0,"sharedUsersCount":0,"icons":{"smallIconUri":"/8400434552539624156/N3800d48c-a55d-4d7c-be6c-52968365a16d-small.png","mediumIconUri":"/8400434552539624156/Ne0288139-7190-4cb7-9465-73171ddc0d18-medium.png","largeIconUri":"/8400434552539624156/N49cfb23f-5dd7-42f5-ae8e-750736b2b617-large.png","wideIconUri":"/8400434552539624156/N84751e61-2dc5-4089-931f-a56d2b3d550b-wide.png"},"connectionReferences":{"dfeec1b6-8b08-488d-9499-0dbeb4e9de22":{"id":"56ff5316-ad67-4696-b9b6-cc4e05859209","displayName":"Excel","iconUri":"https://connectoricons-prod.azureedge.net/excel/icon_1.0.1018.1190.png","dataSources":["_BNK18"],"dependencies":["27207d27-609a-4bc7-be43-f87a7a132170"],"dependents":[],"parameterHints":{"27207d27-609a-4bc7-be43-f87a7a132170":{"value":"fileSource"}},"isOnPremiseConnection":false,"bypassConsent":false,"dataSets":{"D82B3A8574194C20!1445":{"dataSources":{"_BNK18":{"tableName":"_BNK18"}}}},"apiTier":"Standard","isCustomApiConnection":false},"27207d27-609a-4bc7-be43-f87a7a132170":{"id":"8121933e-9e81-4f24-88f2-5bcf2f1a8d76","displayName":"OneDrive","iconUri":"https://connectoricons-prod.azureedge.net/onedrive/icon_1.0.1046.1227.png","dataSources":[],"dependencies":[],"dependents":["dfeec1b6-8b08-488d-9499-0dbeb4e9de22"],"parameterHints":{},"isOnPremiseConnection":false,"bypassConsent":false,"dataSets":{},"apiTier":"Standard","isCustomApiConnection":false}},"databaseReferences":{},"almMode":"Environment","performanceOptimizationEnabled":true,"executionRestrictions":{"isTeamsOnly":false,"dataLossPreventionEvaluationResult":{"status":"Compliant","lastEvaluationDate":"2020-10-27T21:31:45.9627609Z","violationDetails":[]}}},"appType":"ClassicCanvasApp","appComponents":[]}}