{"name":"8fa2bdba-cb03-471f-bbe8-5bbde3fd56ef","id":"/providers/Microsoft.Flow/flows/8fa2bdba-cb03-471f-bbe8-5bbde3fd56ef","type":"Microsoft.Flow/flows","properties":{"apiId":"/providers/Microsoft.PowerApps/apis/shared_logicflows","displayName":"Save an Adobe Sign completed agreement to SharePoint library","definition":{"metadata":{"workflowEntityId":null,"creator":{"id":"1cc5a94a-99ef-4f3b-b136-beb616ebbcd2","type":"User","tenantId":"fddf0fb0-6be4-4e34-ace1-e795bc64c91f"},"provisioningMethod":"FromDefinition","failureAlertSubscription":true,"clientLastModifiedTime":"2019-05-04T11:22:23.9582772Z","flowclientsuspensionreason":"NeverTriggeringDetected","flowclientsuspensiontime":"2022-05-20T13:55:09.0420095Z","processAdvisorMetadata":null},"$schema":"https://schema.management.azure.com/providers/Microsoft.Logic/schemas/2016-06-01/workflowdefinition.json#","contentVersion":"1.0.0.0","parameters":{"$connections":{"defaultValue":{},"type":"Object"},"$authentication":{"defaultValue":{},"type":"SecureObject"}},"triggers":{"When_an_agreement_workflow_is_completed_successfully":{"metadata":{"flowSystemMetadata":{"swaggerOperationId":"CreateWebhookForAgreementSignedEvent"}},"type":"ApiConnectionWebhook","inputs":{"host":{"api":{"runtimeUrl":"https://flow-apim-msmanaged-na-westus-01.azure-apim.net/apim/adobesign"},"connection":{"name":"@parameters('$connections')['shared_adobesign']['connectionId']"}},"body":{"state":"ACTIVE","webhookUrlInfo":{"url":"@{listCallbackUrl()}"},"name":"Test sign","scope":"Any of my agreements","resourceType":"AGREEMENT","webhookSubscriptionEvents":["AGREEMENT_WORKFLOW_COMPLETED"],"webhookConditionalParams":{"webhookAgreementEvents":{"includeDetailedInfo":false,"includeParticipantsInfo":false,"includeDocumentsInfo":false,"includeSignedDocuments":true}}},"headers":{"x-api-client-id":"MicrosoftFlow;v2.0.0;;;"},"path":"/createwebhookforSignedDocumentEvent_custom/v6/webhooks","authentication":"@parameters('$authentication')"}}},"actions":{"Create_file":{"runAfter":{},"metadata":{"flowSystemMetadata":{"swaggerOperationId":"CreateFile"}},"type":"ApiConnection","inputs":{"host":{"api":{"runtimeUrl":"https://flow-apim-msmanaged-na-eastus-01.azure-apim.net/apim/sharepointonline"},"connection":{"name":"@parameters('$connections')['shared_sharepointonline']['connectionId']"}},"method":"post","body":"@base64ToBinary(triggerBody()?['agreement']?['signedDocumentInfo']?['document'])","path":"/datasets/@{encodeURIComponent(encodeURIComponent('https://amspecllc.sharepoint.com/sites/AmspecEuropeunderdevelopment/OPS'))}/files","queries":{"folderPath":"https://amspecllc.sharepoint.com/sites/AmspecEuropeunderdevelopment/OPS/OPS%20ALL%20Europe%20Library/Forms/AllItems.aspx?newTargetListUrl=%2Fsites%2FAmspecEuropeunderdevelopment%2FOPS%2FOPS%20ALL%20Europe%20Library&viewpath=%2Fsites%2FAmspecEuropeunderdevelopment%2FOPS%2FOPS%20ALL%20Europe%20Library%2FForms%2FAllItems%2Easpx&id=%2Fsites%2FAmspecEuropeunderdevelopment%2FOPS%2FOPS%20ALL%20Europe%20Library%2FCommunication","name":"@{triggerBody()?['agreement']?['name']}-signed.pdf","queryParametersSingleEncoded":true},"authentication":"@parameters('$authentication')"}}},"outputs":{},"description":"Whenever the agreement workflow gets completed, save the final copy in a SharePoint library."},"connectionReferences":{"shared_sharepointonline":{"connectionName":"shared-sharepointonl-3a0898b1-879c-4a76-a08a-951c3a72d986","source":"Embedded","id":"/providers/Microsoft.PowerApps/apis/shared_sharepointonline","tier":"NotSpecified"},"shared_adobesign":{"connectionName":"shared-adobesign-1a628b4b-df36-4299-a972-3e111151d2b0","source":"Embedded","id":"/providers/Microsoft.PowerApps/apis/shared_adobesign","tier":"NotSpecified"}},"flowFailureAlertSubscribed":false,"isManaged":false}}