{"schemaVersion":"1.0","appDefinitionTemplate":{"id":"/providers/Microsoft.PowerApps/apps/","type":"Microsoft.PowerApps/apps","tags":{"sp-site-id":"https://amspecllc.sharepoint.com/sites/EuropeTeam/Croatia","sp-list-id":"49b3f4e1-9832-4502-8bc1-249bdb896db0","https://amspecllc.sharepoint.com/sites/EuropeTeam/Croatia":"49b3f4e1-9832-4502-8bc1-249bdb896db0","primaryDeviceWidth":"640","primaryDeviceHeight":"1136","sienaVersion":"20210310T085602Z-3.21024.25.0","deviceCapabilities":"","supportsPortrait":"true","supportsLandscape":"false","primaryFormFactor":"Phone","publisherVersion":"3.21024.25","minimumRequiredApiVersion":"2.2.0","hasComponent":"false","hasUnlockedComponent":"false","isUnifiedRootApp":"false"},"properties":{"appVersion":"2021-03-10T08:56:02Z","lifeCycleId":"Published","createdByClientVersion":{"major":3,"minor":21024,"build":25,"revision":0,"majorRevision":0,"minorRevision":0},"minClientVersion":{"major":3,"minor":21024,"build":25,"revision":0,"majorRevision":0,"minorRevision":0},"backgroundColor":"rgba(0, 176, 240, 1)","backgroundImageUri":"/8612154934531849116/N273765ea-f0fa-4938-be8d-bb76aa4dfd4d-logoSmallFile","displayName":"jobs","description":"","commitMessage":"","appUris":{"documentUri":{"value":"/8612154934531849116/N47962255-839d-4c2e-a3fa-fca2a7cc7cfc-document.msapp"},"imageUris":[]},"createdTime":"0001-01-01T00:00:00Z","lastModifiedTime":"0001-01-01T00:00:00Z","sharedGroupsCount":0,"sharedUsersCount":0,"icons":{"smallIconUri":"/8612154934531849116/N29331cfa-1f0b-46c0-8565-905915b76149-small.png","mediumIconUri":"/8612154934531849116/N1fe6c44a-8b8e-47bb-8919-871ab3521a71-medium.png","largeIconUri":"/8612154934531849116/Nf113b3b9-9024-45a6-a45c-a1b5f9ad717d-large.png","wideIconUri":"/8612154934531849116/Nb1680726-b7d9-4bf9-bdb7-2861982717a7-wide.png"},"connectionReferences":{"3402941d-af3a-4682-8c83-ecd73cb44c78":{"id":"11a93981-676c-4606-a07f-edd11d7114a2","displayName":"SharePoint","iconUri":"https://connectoricons-prod.azureedge.net/releases/v1.0.1445/1.0.1445.2347/sharepointonline/icon.png","dataSources":["share_jobs"],"dependencies":[],"dependents":[],"parameterHints":{},"isOnPremiseConnection":false,"dataSets":{"https://amspecllc.sharepoint.com/sites/EuropeTeam/Croatia":{"dataSources":{"share_jobs":{"tableName":"49b3f4e1-9832-4502-8bc1-249bdb896db0"}}}},"apiTier":"Standard","isCustomApiConnection":false}},"databaseReferences":{},"almMode":"Environment","performanceOptimizationEnabled":true,"canConsumeAppPass":true,"executionRestrictions":{"isTeamsOnly":false,"dataLossPreventionEvaluationResult":{"status":"Compliant","lastEvaluationDate":"2021-03-10T08:56:13.3057306Z","violationDetails":[]}}},"isAppComponentLibrary":false,"appType":"ClassicCanvasApp","appComponents":[]}}