{"schemaVersion":"1.0","appDefinitionTemplate":{"id":"/providers/Microsoft.PowerApps/apps/","type":"Microsoft.PowerApps/apps","tags":{"primaryDeviceWidth":"640","primaryDeviceHeight":"1136","sienaVersion":"89410efd-4556-44fb-b079-f547da7b51a8","deviceCapabilities":"","supportsPortrait":"true","supportsLandscape":"false","primaryFormFactor":"Phone","publisherVersion":"3.21034.27","minimumRequiredApiVersion":"2.2.0","hasComponent":"false","hasUnlockedComponent":"false","isUnifiedRootApp":"false"},"properties":{"appVersion":"2021-04-12T18:27:51Z","lifeCycleId":"Published","createdByClientVersion":{"major":3,"minor":21034,"build":27,"revision":0,"majorRevision":0,"minorRevision":0},"minClientVersion":{"major":3,"minor":21034,"build":27,"revision":0,"majorRevision":0,"minorRevision":0},"backgroundColor":"rgba(37, 62, 143, 1)","backgroundImageUri":"/8784881350035124688/Nbc42858a-d863-4811-8a22-9dce4166ca9a-logoSmallFile","displayName":"HoustonOps","description":"","commitMessage":"","appUris":{"documentUri":{"value":"/8784881350035124688/Nf8709962-74fd-49ce-8c22-df7743cb903f-document.msapp"},"imageUris":[]},"createdTime":"0001-01-01T00:00:00Z","lastModifiedTime":"0001-01-01T00:00:00Z","sharedGroupsCount":0,"sharedUsersCount":0,"icons":{"smallIconUri":"/8784881350035124688/N812e632c-59b5-40b7-882f-aa52c0d159bc-small.png","mediumIconUri":"/8784881350035124688/N1bdde34c-6776-4638-9ddc-f9ba402de8a8-medium.png","largeIconUri":"/8784881350035124688/N63bd7f91-aa01-4a74-aa23-8aa6fc24db40-large.png","wideIconUri":"/8784881350035124688/Ncb99fd24-b46c-446c-a385-2a02e0142fcc-wide.png"},"connectionReferences":{"058304f5-4336-4d26-82d1-efca7f9c00ab":{"id":"ad36ac11-7b1e-406c-96f8-aa70757bad00","displayName":"SQL Server","iconUri":"https://connectoricons-prod.azureedge.net/releases/v1.0.1457/1.0.1457.2379/sql/icon.png","dataSources":["[dbo].[inf_Houston_coordinators_mapping]"],"dependencies":[],"dependents":[],"parameterHints":{},"isOnPremiseConnection":false,"sharedConnectionId":"27844279-898f-4ac4-ba42-4985cb344c29","dataSets":{"amspecopsql.database.windows.net,AmspecMDM":{"dataSources":{"[dbo].[inf_Houston_coordinators_mapping]":{"tableName":"[dbo].[inf_Houston_coordinators_mapping]"}}}},"apiTier":"Premium","isCustomApiConnection":false,"authenticationType":"sqlAuthentication","endpoints":["amspecopsql.database.windows.net,AmspecMDM"]}},"databaseReferences":{},"almMode":"Environment","performanceOptimizationEnabled":true,"canConsumeAppPass":true,"executionRestrictions":{"isTeamsOnly":false,"dataLossPreventionEvaluationResult":{"status":"Compliant","lastEvaluationDate":"2021-04-12T18:28:01.4128825Z","violationDetails":[]}}},"isAppComponentLibrary":false,"appType":"ClassicCanvasApp","appComponents":[]}}