{"schemaVersion":"1.0","appDefinitionTemplate":{"id":"/providers/Microsoft.PowerApps/apps/","type":"Microsoft.PowerApps/apps","tags":{"primaryDeviceWidth":"640","primaryDeviceHeight":"1136","sienaVersion":"20181216T170755Z-3.18114.25.0","deviceCapabilities":"","supportsPortrait":"true","supportsLandscape":"false","primaryFormFactor":"Phone","publisherVersion":"3.18114.25","minimumRequiredApiVersion":"2.2.0"},"properties":{"appVersion":"2018-12-16T17:07:55Z","lifeCycleId":"Published","createdByClientVersion":{"major":3,"minor":18114,"build":25,"revision":0,"majorRevision":0,"minorRevision":0},"minClientVersion":{"major":3,"minor":18114,"build":25,"revision":0,"majorRevision":0,"minorRevision":0},"backgroundColor":"rgba(165, 34, 55, 1)","backgroundImageUri":"/12101654448945075807/Ne9a82821-75ec-40eb-8754-e9621bfbc2a3-logoSmallFile","displayName":"INTERPOLATOR","description":"","appUris":{"documentUri":{"value":"/12101654448945075807/N6b2754a6-ebf4-4713-b131-cefa71c2b8ed-document.msapp"},"imageUris":[]},"createdTime":"0001-01-01T00:00:00Z","lastModifiedTime":"0001-01-01T00:00:00Z","sharedGroupsCount":0,"sharedUsersCount":0,"icons":{"smallIconUri":"/12101654448945075807/N719a3ff6-0244-4f53-8d13-9237123f822c-small.png","mediumIconUri":"/12101654448945075807/N3b6e6417-f0b5-4525-bfe4-e535b95ee9a4-medium.png","largeIconUri":"/12101654448945075807/Ne1283e3e-5e58-4533-b8f6-42e1d7f9ba0a-large.png","wideIconUri":"/12101654448945075807/N7bd6a410-b337-4826-aa1c-27ab48fe7ab1-wide.png"},"connectionReferences":{},"databaseReferences":{},"almMode":"Environment","performanceOptimizationEnabled":true,"executionRestrictions":{"isTeamsOnly":false,"dataLossPreventionEvaluationResult":{"status":"Compliant","lastEvaluationDate":"2020-10-27T21:31:46.0877608Z","violationDetails":[]}}},"appType":"ClassicCanvasApp","appComponents":[]}}