{"name":"7c8dd815-635c-4fe4-b84d-ed7539a681a6","id":"/providers/Microsoft.Flow/flows/7c8dd815-635c-4fe4-b84d-ed7539a681a6","type":"Microsoft.Flow/flows","properties":{"apiId":"/providers/Microsoft.PowerApps/apis/shared_logicflows","displayName":"Quand un fichier est ajouté ou modifié (propriétés uniquement) -> D...","definition":{"metadata":{"workflowEntityId":null,"processAdvisorMetadata":null,"flowclientsuspensionreason":"AlwaysFailingDetected","flowclientsuspensiontime":"2022-04-19T17:20:37.7243487Z","creator":{"id":"d883cf26-a52a-4275-8731-1d05bdf0689c","type":"User","tenantId":"fddf0fb0-6be4-4e34-ace1-e795bc64c91f"},"provisioningMethod":"FromDefinition","failureAlertSubscription":true,"clientLastModifiedTime":"2022-02-03T12:13:51.5484632Z"},"$schema":"https://schema.management.azure.com/providers/Microsoft.Logic/schemas/2016-06-01/workflowdefinition.json#","contentVersion":"1.0.0.0","parameters":{"$connections":{"defaultValue":{},"type":"Object"},"$authentication":{"defaultValue":{},"type":"SecureObject"}},"triggers":{"Quand_un_fichier_est_ajouté_ou_modifié_(propriétés_uniquement)":{"recurrence":{"frequency":"Minute","interval":1},"splitOn":"@triggerOutputs()?['body/value']","metadata":{"operationMetadataId":"d239e685-cc40-48fd-981e-cd7da5cae445"},"type":"OpenApiConnection","inputs":{"host":{"apiId":"/providers/Microsoft.PowerApps/apis/shared_sharepointonline","connectionName":"shared_sharepointonline","operationId":"GetOnUpdatedFileItems"},"parameters":{"dataset":"https://amspecllc.sharepoint.com/sites/EuropeTeam/Morocco","table":"76394b4f-3cfb-4288-b3fd-fdc676c41a20","folderPath":"/Morocco Quality Management System/Management"},"authentication":"@parameters('$authentication')"}}},"actions":{"Démarrer_et_attendre_une_approbation":{"runAfter":{},"metadata":{"operationMetadataId":"d71177a8-0f0e-46a2-a540-23d8ede3b7ee"},"type":"OpenApiConnectionWebhook","inputs":{"host":{"apiId":"/providers/Microsoft.PowerApps/apis/shared_approvals","connectionName":"shared_approvals","operationId":"StartAndWaitForAnApproval"},"parameters":{"approvalType":"Basic","WebhookApprovalCreationInput/title":"Vérification","WebhookApprovalCreationInput/assignedTo":"Znagui.Youssef@amspecgroup.com;","WebhookApprovalCreationInput/enableNotifications":true,"WebhookApprovalCreationInput/enableReassignment":true},"authentication":"@parameters('$authentication')"}},"Condition":{"actions":{"Démarrer_et_attendre_une_approbation_2":{"runAfter":{},"metadata":{"operationMetadataId":"ef225cec-6c77-42d1-8e76-ca825a313dcb"},"type":"OpenApiConnectionWebhook","inputs":{"host":{"apiId":"/providers/Microsoft.PowerApps/apis/shared_approvals","connectionName":"shared_approvals","operationId":"StartAndWaitForAnApproval"},"parameters":{"approvalType":"Basic","WebhookApprovalCreationInput/title":"Approbation","WebhookApprovalCreationInput/assignedTo":"Znagui.Youssef@amspecgroup.com;","WebhookApprovalCreationInput/enableNotifications":true,"WebhookApprovalCreationInput/enableReassignment":true},"authentication":"@parameters('$authentication')"}},"Condition_2":{"actions":{"Définir_le_statut_d'approbation_du_contenu":{"runAfter":{},"metadata":{"operationMetadataId":"b55a480e-9ba4-4c8b-837a-bccea5148571"},"type":"OpenApiConnection","inputs":{"host":{"apiId":"/providers/Microsoft.PowerApps/apis/shared_sharepointonline","connectionName":"shared_sharepointonline","operationId":"SetApprovalStatus"},"parameters":{"dataset":"https://amspecllc.sharepoint.com/sites/EuropeTeam/Morocco","table":"76394b4f-3cfb-4288-b3fd-fdc676c41a20","id":"@triggerOutputs()?['body/ID']","approvalAction":"Approve","comments":"","entityTag":""},"authentication":"@parameters('$authentication')"}}},"runAfter":{"Démarrer_et_attendre_une_approbation_2":["Succeeded"]},"else":{"actions":{"Définir_le_statut_d'approbation_du_contenu_2":{"runAfter":{},"metadata":{"operationMetadataId":"5bf08355-fb93-40a2-a009-c1b6f1cce02d"},"type":"OpenApiConnection","inputs":{"host":{"apiId":"/providers/Microsoft.PowerApps/apis/shared_sharepointonline","connectionName":"shared_sharepointonline","operationId":"SetApprovalStatus"},"parameters":{"dataset":"https://amspecllc.sharepoint.com/sites/EuropeTeam/Morocco","table":"76394b4f-3cfb-4288-b3fd-fdc676c41a20","id":"@triggerOutputs()?['body/ID']","approvalAction":"Reject","comments":"","entityTag":""},"authentication":"@parameters('$authentication')"}}}},"expression":{"equals":["@outputs('Démarrer_et_attendre_une_approbation_2')?['body/outcome']","Approve"]},"metadata":{"operationMetadataId":"8d11a070-c223-4872-b4f4-f6702b7ee1cd"},"type":"If"}},"runAfter":{"Démarrer_et_attendre_une_approbation":["Succeeded"]},"else":{"actions":{"Définir_le_statut_d'approbation_du_contenu_3":{"runAfter":{},"metadata":{"operationMetadataId":"cfc2eddc-806e-4b80-8d79-d46938570ca1"},"type":"OpenApiConnection","inputs":{"host":{"apiId":"/providers/Microsoft.PowerApps/apis/shared_sharepointonline","connectionName":"shared_sharepointonline","operationId":"SetApprovalStatus"},"parameters":{"dataset":"https://amspecllc.sharepoint.com/sites/EuropeTeam/Morocco","table":"76394b4f-3cfb-4288-b3fd-fdc676c41a20","id":"@triggerOutputs()?['body/ID']","approvalAction":"Reject","comments":"","entityTag":""},"authentication":"@parameters('$authentication')"}}}},"expression":{"equals":["@outputs('Démarrer_et_attendre_une_approbation')?['body/outcome']","Approuvé"]},"metadata":{"operationMetadataId":"e375ab7a-a998-463a-a955-39fd6320d7f5"},"type":"If"}}},"connectionReferences":{"shared_sharepointonline":{"connectionName":"6406096f55fd401fbb02c1650b6cc63c","source":"Embedded","id":"/providers/Microsoft.PowerApps/apis/shared_sharepointonline","tier":"NotSpecified"},"shared_approvals":{"connectionName":"31cacbd3f7ac44a9a21d488bfad157df","source":"Embedded","id":"/providers/Microsoft.PowerApps/apis/shared_approvals","tier":"NotSpecified"}},"flowFailureAlertSubscribed":false,"isManaged":false}}