{"schemaVersion":"1.0","appDefinitionTemplate":{"id":"/providers/Microsoft.PowerApps/apps/","type":"Microsoft.PowerApps/apps","tags":{"sp-site-id":"https://amspecllc.sharepoint.com/sites/TexasCityOps","sp-list-id":"a44bc4d2-2725-43f4-b764-e9a004e94979","https://amspecllc.sharepoint.com/sites/TexasCityOps":"a44bc4d2-2725-43f4-b764-e9a004e94979","primaryDeviceWidth":"640","primaryDeviceHeight":"1136","sienaVersion":"20201230T181206Z-3.20114.22.0","deviceCapabilities":"","supportsPortrait":"true","supportsLandscape":"false","primaryFormFactor":"Phone","publisherVersion":"3.20114.22","minimumRequiredApiVersion":"2.2.0","hasComponent":"false","hasUnlockedComponent":"false","isUnifiedRootApp":"false"},"properties":{"appVersion":"2020-12-30T18:12:06Z","lifeCycleId":"Published","createdByClientVersion":{"major":3,"minor":20114,"build":22,"revision":0,"majorRevision":0,"minorRevision":0},"minClientVersion":{"major":3,"minor":20114,"build":22,"revision":0,"majorRevision":0,"minorRevision":0},"backgroundColor":"rgba(0, 176, 240, 1)","backgroundImageUri":"/5557980479382118976/Nbc1b101e-0368-4640-bf5f-3d7d08bca1ce-logoSmallFile","displayName":"carlos Cirnigliaro","description":"","commitMessage":"","appUris":{"documentUri":{"value":"/5557980479382118976/N412b9752-9c2d-464e-ac4c-4f6ae195cd74-document.msapp"},"imageUris":[]},"createdTime":"0001-01-01T00:00:00Z","lastModifiedTime":"0001-01-01T00:00:00Z","sharedGroupsCount":0,"sharedUsersCount":0,"icons":{"smallIconUri":"/5557980479382118976/Ne3c59292-e3bc-45c8-abc6-2b71a90a951c-small.png","mediumIconUri":"/5557980479382118976/Nd5f80951-9ae2-4208-90db-72145b64f3e1-medium.png","largeIconUri":"/5557980479382118976/Ncd5c4d84-9ca6-43d1-8855-f39389710ed7-large.png","wideIconUri":"/5557980479382118976/N002c5ba3-b2c6-4708-ba59-0c1335826272-wide.png"},"connectionReferences":{"f1344bb7-c1d6-4b62-8a69-05a05d4a1a44":{"id":"11a93981-676c-4606-a07f-edd11d7114a2","displayName":"SharePoint","iconUri":"https://connectoricons-prod.azureedge.net/releases/v1.0.1426/1.0.1426.2268/sharepointonline/icon.png","dataSources":["Ana_req_Blk"],"dependencies":[],"dependents":[],"parameterHints":{},"isOnPremiseConnection":false,"dataSets":{"https://amspecllc.sharepoint.com/sites/TexasCityOps":{"dataSources":{"Ana_req_Blk":{"tableName":"a44bc4d2-2725-43f4-b764-e9a004e94979"}}}},"apiTier":"Standard","isCustomApiConnection":false}},"databaseReferences":{},"almMode":"Environment","performanceOptimizationEnabled":true,"canConsumeAppPass":true,"executionRestrictions":{"isTeamsOnly":false,"dataLossPreventionEvaluationResult":{"status":"Compliant","lastEvaluationDate":"2020-12-31T01:29:58.8264065Z","violationDetails":[]}}},"isAppComponentLibrary":false,"appType":"ClassicCanvasApp","appComponents":[]}}