{"schemaVersion":"1.0","appDefinitionTemplate":{"id":"/providers/Microsoft.PowerApps/apps/","type":"Microsoft.PowerApps/apps","tags":{"primaryDeviceWidth":"640","primaryDeviceHeight":"1136","sienaVersion":"20210218T073831Z-3.20113.31.0","deviceCapabilities":"","supportsPortrait":"true","supportsLandscape":"false","primaryFormFactor":"Phone","publisherVersion":"3.20113.31","minimumRequiredApiVersion":"2.2.0","hasComponent":"true","hasUnlockedComponent":"true","isUnifiedRootApp":"false"},"properties":{"appVersion":"2021-02-18T07:38:31Z","lifeCycleId":"Published","createdByClientVersion":{"major":3,"minor":20113,"build":31,"revision":0,"majorRevision":0,"minorRevision":0},"minClientVersion":{"major":3,"minor":20113,"build":31,"revision":0,"majorRevision":0,"minorRevision":0},"backgroundColor":"rgba(104, 101, 171, 1)","backgroundImageUri":"/15442898396337455891/N0648bb61-4dd0-40b0-9b26-02256795586a-msft_areainspection_9036a_BackgroundImageUri","displayName":"Inspection","description":"","commitMessage":"Fixed some minor issues","appUris":{"documentUri":{"value":"/15442898396337455891/Nefc8ebc6-da15-48c3-85cd-02a8997f978c-msft_areainspection_9036a_DocumentUri.msapp"},"imageUris":[]},"createdTime":"0001-01-01T00:00:00Z","lastModifiedTime":"0001-01-01T00:00:00Z","sharedGroupsCount":0,"sharedUsersCount":0,"icons":{"smallIconUri":"/15442898396337455891/Na96ee33d-990e-4158-8bb1-b6e3e0c964b4-small.png","mediumIconUri":"/15442898396337455891/N32775e59-83f2-4761-9a31-54abd60fb614-medium.png","largeIconUri":"/15442898396337455891/N39f5a074-a7af-4599-a56a-13a33a0b7fb0-large.png","wideIconUri":"/15442898396337455891/N1220adb4-19c1-436c-a86d-8c11e1053e97-wide.png"},"connectionReferences":{"fa6fce3b-5755-4086-a166-62e0e4ffc5da":{"id":"3cc2cdaf-6bb5-4c04-bfd4-ac23ed33000b","displayName":"Planner","iconUri":"https://connectoricons-prod.azureedge.net/releases/v1.0.1440/1.0.1440.2331/planner/icon.png","dataSources":["Planner"],"dependencies":[],"dependents":[],"parameterHints":{},"isOnPremiseConnection":false,"bypassConsent":false,"dataSets":{},"apiTier":"Standard","isCustomApiConnection":false,"actions":["ListTasksV3","ListTasks","ListMyTasks","ListBucketsV3","CreateBucketV2","CreateTaskV3","UpdateTaskDetails"]},"f111bc8a-90b6-4d12-a0cb-4f9093204175":{"id":"430a563f-09a8-47d6-844e-44bb9bd266a3","displayName":"Microsoft Teams","iconUri":"https://connectoricons-prod.azureedge.net/releases/v1.0.1436/1.0.1436.2319/teams/icon.png","dataSources":["MicrosoftTeams"],"dependencies":[],"dependents":[],"parameterHints":{},"isOnPremiseConnection":false,"bypassConsent":false,"dataSets":{},"apiTier":"Standard","isCustomApiConnection":false,"actions":["PostMessageToChannelV3"]},"532bb144-34b9-4eaa-8514-108f04c5b357":{"id":"51687488-8af1-4ba4-b02d-cfa96874cf41","displayName":"Office 365 Users","iconUri":"https://connectoricons-prod.azureedge.net/releases/v1.0.1430/1.0.1430.2296/office365users/icon.png","dataSources":["Office365Users"],"dependencies":[],"dependents":[],"parameterHints":{},"isOnPremiseConnection":false,"bypassConsent":false,"dataSets":{},"apiTier":"Standard","isCustomApiConnection":false,"actions":["SearchUser","UserProfileV2","UserPhotoV2"]},"101da89b-cfe1-4a96-9808-c3bcd58ae2b3":{"id":"51687488-8af1-4ba4-b02d-cfa96874cf41","displayName":"Office 365 Users","iconUri":"https://connectoricons-prod.azureedge.net/releases/v1.0.1430/1.0.1430.2296/office365users/icon.png","dataSources":["Microsoft365Users"],"dependencies":[],"dependents":[],"parameterHints":{},"isOnPremiseConnection":false,"bypassConsent":false,"dataSets":{},"apiTier":"Standard","isCustomApiConnection":false}},"databaseReferences":{"default.cds":{"databaseDetails":{"referenceType":"Environmental","environmentName":"default.cds"},"dataSources":{"Users":{"entitySetName":"systemusers","logicalName":"systemuser"},"Area Inspection Locations":{"entitySetName":"msft_areainspection_locations","logicalName":"msft_areainspection_location"},"Area Inspection Location Types":{"entitySetName":"msft_areainspection_locationtypes","logicalName":"msft_areainspection_locationtype"},"Area Inspection Checklists":{"entitySetName":"msft_areainspection_checklists","logicalName":"msft_areainspection_checklist"},"Area Inspection Checklist Steps":{"entitySetName":"msft_areainspection_checkliststeps","logicalName":"msft_areainspection_checkliststep"},"Area Inspection Steps":{"entitySetName":"msft_areainspection_steps","logicalName":"msft_areainspection_step"},"Area Inspections":{"entitySetName":"msft_areainspections","logicalName":"msft_areainspection"},"Area Inspection Images":{"entitySetName":"msft_areainspectionimages","logicalName":"msft_areainspectionimage"},"Teams Settings":{"entitySetName":"msft_areainspections_teamssettingses","logicalName":"msft_areainspections_teamssettings"},"Area Inspection Tasks":{"entitySetName":"msft_areainspection_plannertaskses","logicalName":"msft_areainspection_plannertasks"},"Area Inspection Labels":{"entitySetName":"msft_areainspectionlabels","logicalName":"msft_areainspectionlabel"},"Area inspection Groups":{"entitySetName":"msft_areainspectiongroups","logicalName":"msft_areainspectiongroup"}}}},"almMode":"Solution","performanceOptimizationEnabled":true,"executionRestrictions":{"isTeamsOnly":false,"dataLossPreventionEvaluationResult":{"status":"Compliant","lastEvaluationDate":"2021-02-18T07:38:45.7057425Z","violationDetails":[]}}},"isAppComponentLibrary":false,"appType":"ClassicCanvasApp","appComponents":[]}}