{"name":"f1ed036b-ebe1-4ad8-a6b3-cb64f9b3567b","id":"/providers/Microsoft.Flow/flows/f1ed036b-ebe1-4ad8-a6b3-cb64f9b3567b","type":"Microsoft.Flow/flows","properties":{"apiId":"/providers/Microsoft.PowerApps/apis/shared_logicflows","displayName":"New Location Added to AmSpec Directory","definition":{"metadata":{"workflowEntityId":null,"processAdvisorMetadata":null,"flowclientsuspensionreason":"NeverTriggeringDetected","flowclientsuspensiontime":"2022-05-01T07:14:32.5342182Z","creator":{"id":"92b54cd9-a569-4d92-bca0-4f330d1ea600","type":"User","tenantId":"fddf0fb0-6be4-4e34-ace1-e795bc64c91f"},"provisioningMethod":"FromDefinition","failureAlertSubscription":true,"clientLastModifiedTime":"2022-05-01T07:14:32.5342182Z"},"$schema":"https://schema.management.azure.com/providers/Microsoft.Logic/schemas/2016-06-01/workflowdefinition.json#","contentVersion":"1.0.0.0","parameters":{"$connections":{"defaultValue":{},"type":"Object"},"$authentication":{"defaultValue":{},"type":"SecureObject"},"sharepoint.site":{"defaultValue":"","type":"String"},"sharepoint.list":{"defaultValue":"","type":"String"}},"triggers":{"When_a_new_item_is_created":{"recurrence":{"frequency":"Minute","interval":5},"splitOn":"@triggerBody()?.value","metadata":{"flowSystemMetadata":{"swaggerOperationId":"GetOnNewItems"},"operationMetadataId":"c9bf656b-c13a-4832-ab42-2ef5903ae364"},"type":"ApiConnection","inputs":{"host":{"connection":{"name":"@parameters('$connections')['shared_sharepointonline']['connectionId']"},"api":{"runtimeUrl":"https://flow-apim-msmanaged-na-westus-01.azure-apim.net/apim/sharepointonline"}},"method":"get","path":"/datasets/@{encodeURIComponent(encodeURIComponent('https://amspecllc.sharepoint.com/sites/AmSpecDirectory'))}/tables/@{encodeURIComponent(encodeURIComponent('a804dddf-58aa-451a-b60a-323a4d0d7253'))}/onnewitems","authentication":"@parameters('$authentication')"},"conditions":[]}},"actions":{"Send_Email":{"runAfter":{},"metadata":{"flowSystemMetadata":{"swaggerOperationId":"SendEmailV2"},"operationMetadataId":"55514e68-aa8a-428d-b7fa-4d2dbafb6205"},"type":"ApiConnection","inputs":{"host":{"connection":{"name":"@parameters('$connections')['shared_office365']['connectionId']"},"api":{"runtimeUrl":"https://flow-apim-msmanaged-na-centralus-01.azure-apim.net/apim/office365"}},"method":"post","body":{"To":"Amr.Guenena@amspecgroup.com;Vita.Brandimarte@amspecgroup.com","Subject":"A New Location was added to Global Properties - @{triggerBody()?['LocationLegalName']}","Body":"Hi Team, <BR> \nA new item was added at @{coalesce(triggerBody()?['Created'],'')} by @{coalesce(triggerBody()?['Author']?['DisplayName'],'someone')}. <BR><BR>\n\nDetails: @{coalesce(triggerBody()?['{Name}'],'A SharePoint item')}<BR>\n\nLocation Name: @{triggerBody()?['LocationLegalName']} <BR>\nUse: @{triggerBody()?['Use_x0020_']} <BR>\nAddress: @{triggerBody()?['Address']} <BR>\nCity: @{triggerBody()?['City']} <BR>\nState: @{triggerBody()?['State_x0020_']} <BR>\nCountry: @{triggerBody()?['Country0']?['Value']} <BR><BR>\nInclude in Directory: @{triggerBody()?['Include_x0020_in_x0020_Directory']}<BR>\nDirectory Location Name:@{triggerBody()?['DirectoryLocationName']}<BR>","From":"notification@amspecgroup.net"},"path":"/v2/Mail","authentication":"@parameters('$authentication')"}}},"description":"Send yourself or someone else a customized email whenever a new item is added to a selected SharePoint list."},"connectionReferences":{"shared_office365":{"connectionName":"shared-office365-3d4ee488-32bb-4dae-92b4-872f-9867154d","source":"Embedded","id":"/providers/Microsoft.PowerApps/apis/shared_office365","tier":"NotSpecified"},"shared_sharepointonline":{"connectionName":"ac9698e6f7f64695801fa48ec75abfe8","source":"Embedded","id":"/providers/Microsoft.PowerApps/apis/shared_sharepointonline","tier":"NotSpecified"}},"flowFailureAlertSubscribed":false,"isManaged":false}}