{"name":"f14a3450-0d09-4c7d-a817-46b92e257cd7","id":"/providers/Microsoft.Flow/flows/f14a3450-0d09-4c7d-a817-46b92e257cd7","type":"Microsoft.Flow/flows","properties":{"apiId":"/providers/Microsoft.PowerApps/apis/shared_logicflows","displayName":"AOBR_eSocial_2240_Gerador_XML","definition":{"metadata":{"workflowEntityId":null,"processAdvisorMetadata":null,"flowclientsuspensionreason":"None","flowclientsuspensiontime":null,"creator":{"id":"e6fa3311-d0c7-418c-85e4-e25522a6c1b2","type":"User","tenantId":"fddf0fb0-6be4-4e34-ace1-e795bc64c91f"},"provisioningMethod":"FromDefinition","failureAlertSubscription":true,"clientLastModifiedTime":"2022-02-15T19:21:45.224162Z"},"$schema":"https://schema.management.azure.com/providers/Microsoft.Logic/schemas/2016-06-01/workflowdefinition.json#","contentVersion":"1.0.0.0","parameters":{"$connections":{"defaultValue":{},"type":"Object"},"$authentication":{"defaultValue":{},"type":"SecureObject"}},"triggers":{"manual":{"metadata":{"operationMetadataId":"3bc7e520-cfc6-4ef8-8bb9-5bd2c1f3c111"},"type":"Request","kind":"Button","inputs":{"schema":{"type":"object","properties":{},"required":[]}}}},"actions":{"HTTP":{"runAfter":{},"metadata":{"operationMetadataId":"c10dcb93-5d84-4625-9c71-8006a32d952f"},"type":"Http","inputs":{"method":"POST","uri":"https://esocial.grupobrmed.com.br/o/token/","queries":{"username":"amspec","password":"-!gc%Z!5wN$S8=5R","grant_type":"password"},"authentication":{"type":"Basic","username":"YQ6TMRGm8bjCZ4PfqFAQM7JFMKv0z56n6MTeVLTH","password":"KWn5OrDbHoM2Fu5KEkPlSFOazOCh4BieM3jaF3ayQ8uBotVqU31bC2RJIUQoiMqMxE5qpH1CssDi8Z6VghjF6niHFuOAOpMiMawQtG501t7ms7yoNRTJHoCLduj9MBth"}}},"HTTP_2":{"runAfter":{"HTTP":["Succeeded"]},"metadata":{"operationMetadataId":"f9161a5c-90a2-4893-a17e-6c5347ba72a1"},"type":"Http","inputs":{"method":"GET","uri":"https://esocial.grupobrmed.com.br/events/S-2240/?format=json&release_date=2021-01-06T09:42:00","queries":"@body('HTTP')"}},"Analisar_JSON":{"runAfter":{"HTTP_2":["Succeeded"]},"metadata":{"operationMetadataId":"8ef0b28e-9ba5-4f83-b1bf-6d6c29ee16a2"},"type":"ParseJson","inputs":{"content":"@body('HTTP_2')","schema":{"type":"array","items":{"type":"object","properties":{"evtExpRisco":{"type":"object","properties":{"Id":{"type":"string"},"IdeEvento":{"type":"object","properties":{"indRetif":{"type":"string"},"nrRecibo":{"type":"string"},"tpAmb":{"type":"string"},"procEmi":{"type":"string"},"verProc":{"type":"string"}}},"ideEmpregador":{"type":"object","properties":{"tpInsc":{"type":"string"},"nrInsc":{"type":"string"}}},"ideVinculo":{"type":"object","properties":{"cpfTrab":{"type":"string"},"matricula":{"type":"string"},"codCateg":{"type":"string"}}},"infoExpRisco":{"type":"object","properties":{"dtIniCondicao":{"type":"string"},"infoAmb":{"type":"object","properties":{"localAmb":{},"dscSetor":{"type":"string"},"tpInsc":{"type":"string"},"nrInsc":{"type":"string"}}},"infoAtiv":{"type":"object","properties":{"dscAtivDes":{"type":"string"},"ativPericInsal":{"type":"object","properties":{"codAtiv":{"type":"string"}}}}},"agNoc":{"type":"array","items":{"type":"object","properties":{"unMed":{},"epcEpi":{"type":"object","properties":{"epi":{"type":"array"},"eficEpc":{},"epiCompl":{"type":"object","properties":{"przValid":{"type":"string"},"usoInint":{"type":"string"},"condFuncto":{"type":"string"},"medProtecao":{"type":"string"},"higienizacao":{"type":"string"},"periodicTroca":{"type":"string"}}},"utilizEPC":{"type":"integer"},"utilizEPI":{"type":"integer"}}},"limTol":{},"tpAval":{},"intConc":{},"codAgNoc":{},"dscAgNoc":{},"aposentEsp":{"type":"string"},"tecMedicao":{},"insalubridade":{"type":"string"},"periculosidade":{"type":"string"}},"required":["unMed","epcEpi","limTol","tpAval","intConc","codAgNoc","dscAgNoc","aposentEsp","tecMedicao","insalubridade","periculosidade"]}},"respReg":{"type":"object","properties":{"nrOC":{},"ufOC":{},"dscOC":{},"ideOC":{},"cpfResp":{}}},"obs":{}}}}}},"required":["evtExpRisco"]}}}},"Aplicar_a_cada":{"foreach":"@body('Filtro_Até')","actions":{"Obter_uma_linha":{"runAfter":{},"metadata":{"01KUEEZZCYKMMZSXCQPVEYMYXK5K346W2W":"/2022/2/dados esocial.xlsx","operationMetadataId":"f45ca0c2-62fd-454e-9d76-276a8e8680f0","tableId":"{6F654B12-11D9-4099-B980-CC4A962B2153}"},"type":"OpenApiConnection","inputs":{"host":{"apiId":"/providers/Microsoft.PowerApps/apis/shared_excelonlinebusiness","connectionName":"shared_excelonlinebusiness","operationId":"GetItem"},"parameters":{"source":"groups/ef471ee4-ce34-4ddd-9cde-0b76b61ac175","drive":"b!dpsqu5aXAUG9o3l-CXFFhhHBaTCp8F5EjvtRhP8KSbj_fJaTQcndSa2Ggsl8PZQ6","file":"01KUEEZZCYKMMZSXCQPVEYMYXK5K346W2W","table":"{6F654B12-11D9-4099-B980-CC4A962B2153}","idColumn":"CPF","id":"@items('Aplicar_a_cada')?['evtExpRisco']?['ideVinculo']?['cpfTrab']"},"authentication":{"value":"@json(decodeBase64(triggerOutputs().headers['X-MS-APIM-Tokens']))['$ConnectionKey']","type":"Raw"}}},"Aplicar_a_cada_2":{"foreach":"@items('Aplicar_a_cada')?['evtExpRisco']?['infoExpRisco']?['agNoc']","actions":{"Atraso":{"runAfter":{},"metadata":{"operationMetadataId":"bd4ccd1e-4830-47dd-879d-b3fb378ad30b"},"type":"Wait","inputs":{"interval":{"count":1,"unit":"Second"}}},"Acrescentar_à_variável_de_cadeia":{"runAfter":{"Atraso":["Succeeded"]},"metadata":{"operationMetadataId":"11ba21e4-f855-48ce-87ee-721320655b4b"},"type":"AppendToStringVariable","inputs":{"name":"varXML","value":"\n  <evtExpRisco Id=\"ID101178071000000@{convertTimeZone(utcNow(),'UTC','E. South America Standard Time', 'yyyyMMddHHmmss')}\">\n    <ideEvento>\n      <indRetif>1</indRetif>\n      <tpAmb>1</tpAmb>\n      <procEmi>1</procEmi>\n      <verProc>eSocial Plus AmSpec</verProc>\n    </ideEvento>\n    <ideEmpregador>\n      <tpInsc>1</tpInsc>\n      <nrInsc>01178071</nrInsc>\n    </ideEmpregador>\n    <ideVinculo>\n      <cpfTrab>@{items('Aplicar_a_cada')?['evtExpRisco']?['ideVinculo']?['cpfTrab']}</cpfTrab>\n      <matricula>@{outputs('Obter_uma_linha')?['body/Matricula']}</matricula>\n      <codCateg>@{if(equals(outputs('Obter_uma_linha')?['body/Cod Categoria'],'101'),'',outputs('Obter_uma_linha')?['body/Cod Categoria'])}</codCateg>\n    </ideVinculo>\n    <infoExpRisco>\n      <dtIniCondicao>@{items('Aplicar_a_cada')?['evtExpRisco']?['infoExpRisco']?['dtIniCondicao']}</dtIniCondicao>\n      <infoAmb>\n        <localAmb>1</localAmb>\n        <dscSetor>@{items('Aplicar_a_cada')?['evtExpRisco']?['infoExpRisco']?['infoAmb']?['dscSetor']}</dscSetor>\n        <tpInsc>1</tpInsc>\n        <nrInsc>01178071</nrInsc>\n      </infoAmb>\n      <infoAtiv>\n        <dscAtivDes>@{items('Aplicar_a_cada')?['evtExpRisco']?['infoExpRisco']?['infoAtiv']?['dscAtivDes']}</dscAtivDes>\n      </infoAtiv>\n      <agNoc>\n        <codAgNoc>@{items('Aplicar_a_cada_2')?['codAgNoc']}</codAgNoc>\n        <dscAgNoc>@{items('Aplicar_a_cada_2')?['dscAgNoc']}</dscAgNoc>\n        <tpAval>@{items('Aplicar_a_cada_2')?['tpAval']}</tpAval>\n        <intConc>@{items('Aplicar_a_cada_2')?['intConc']}</intConc>\n        <unMed>@{items('Aplicar_a_cada_2')?['unMed']}</unMed>\n        <tecMedicao>@{items('Aplicar_a_cada_2')?['tecMedicao']}</tecMedicao>\n        <epcEpi>\n          <utilizEPC>0</utilizEPC>\n          <utilizEPI>2</utilizEPI>\n          <eficEpi>S</eficEpi>\n          <epi>\n            <docAval>14235</docAval>\n          </epi>\n          <epiCompl>\n            <medProtecao>S</medProtecao>\n            <condFuncto>S</condFuncto>\n            <usoInint>S</usoInint>\n            <przValid>S</przValid>\n            <periodicTroca>S</periodicTroca>\n            <higienizacao>S</higienizacao>\n          </epiCompl>\n        </epcEpi>\n      </agNoc>\n      <respReg>\n        <cpfResp>06856012500</cpfResp>\n        <ideOC>4</ideOC>\n        <nrOC>3593</nrOC>\n        <ufOC>SE</ufOC>\n      </respReg>\n    </infoExpRisco>\n  </evtExpRisco>"}}},"runAfter":{"Obter_uma_linha":["Succeeded"]},"metadata":{"operationMetadataId":"751b21f3-9fa3-4e59-b3a1-255926dcf090"},"type":"Foreach"}},"runAfter":{"Inicializar_variável":["Succeeded"]},"metadata":{"operationMetadataId":"f1033d5d-3394-4487-87ef-f07ef65d1269"},"type":"Foreach"},"Enviar_um_email_(V2)":{"runAfter":{"Aplicar_a_cada":["Succeeded"]},"metadata":{"operationMetadataId":"be5b1c3f-e8ab-422d-8a23-13790373564c"},"type":"OpenApiConnection","inputs":{"host":{"apiId":"/providers/Microsoft.PowerApps/apis/shared_office365","connectionName":"shared_office365","operationId":"SendEmailV2"},"parameters":{"emailMessage/To":"Anderson.Reis@amspecgroup.com","emailMessage/Subject":"XML ESOCIAL DATA - S-2240","emailMessage/Body":"<p>arquivo xml</p>","emailMessage/Attachments":[{"Name":"@{convertTimeZone(utcNow(),'UTC','E. South America Standard Time', 'yyyyMMddHHmmss')}_01178071000000_2240-esocial-evt.xml","ContentBytes":"<?xml version=\"1.0\" encoding=\"utf-8\"?>\n<eSocial xmlns=\"http://www.esocial.gov.br/schema/evt/evtExpRisco/v_S_01_00_00\">\n@{variables('varXML')}\n</eSocial>"}]},"authentication":{"value":"@json(decodeBase64(triggerOutputs().headers['X-MS-APIM-Tokens']))['$ConnectionKey']","type":"Raw"}}},"Inicializar_variável":{"runAfter":{"Filtro_Até":["Succeeded"]},"metadata":{"operationMetadataId":"8fd37fbc-84e8-45e1-970d-56f7ba36b267"},"type":"InitializeVariable","inputs":{"variables":[{"name":"varXML","type":"string"}]}},"Filtro_De":{"runAfter":{"Analisar_JSON":["Succeeded"]},"metadata":{"operationMetadataId":"3a6bdc8f-624d-45a5-86b2-4088c8d40a36"},"type":"Query","inputs":{"from":"@body('Analisar_JSON')","where":"@greaterOrEquals(item()?['evtExpRisco']?['infoExpRisco']?['dtIniCondicao'], '2022-01-01')"}},"Filtro_Até":{"runAfter":{"Filtro_De":["Succeeded"]},"metadata":{"operationMetadataId":"d81f8211-1ce0-4d47-861b-adf213c1ece1"},"type":"Query","inputs":{"from":"@body('Filtro_De')","where":"@lessOrEquals(item()?['evtExpRisco']?['infoExpRisco']?['dtIniCondicao'], '2022-01-31')"}}}},"connectionReferences":{"shared_excelonlinebusiness":{"connectionName":"shared-excelonlinebu-7ca1cbc9-c525-45dc-8fe8-3c3622868d3a","source":"Invoker","id":"/providers/Microsoft.PowerApps/apis/shared_excelonlinebusiness","tier":"NotSpecified"},"shared_office365":{"connectionName":"shared-office365-4a96a26a-cd91-4f0d-81cb-39a7-74d50b10","source":"Invoker","id":"/providers/Microsoft.PowerApps/apis/shared_office365","tier":"NotSpecified"}},"flowFailureAlertSubscribed":false,"isManaged":false}}