{"name":"6a9afa8d-2bc4-46df-a44f-34e2bdbd90a7","id":"/providers/Microsoft.Flow/flows/6a9afa8d-2bc4-46df-a44f-34e2bdbd90a7","type":"Microsoft.Flow/flows","properties":{"apiId":"/providers/Microsoft.PowerApps/apis/shared_logicflows","displayName":"Notificar Prospecto ao Cliente","definition":{"metadata":{"workflowEntityId":null,"processAdvisorMetadata":null,"flowclientsuspensionreason":"None","flowclientsuspensiontime":null,"creator":{"id":"e6fa3311-d0c7-418c-85e4-e25522a6c1b2","type":"User","tenantId":"fddf0fb0-6be4-4e34-ace1-e795bc64c91f"},"provisioningMethod":"FromDefinition","failureAlertSubscription":true,"clientLastModifiedTime":"2022-03-04T11:47:42.2432583Z"},"$schema":"https://schema.management.azure.com/providers/Microsoft.Logic/schemas/2016-06-01/workflowdefinition.json#","contentVersion":"1.0.0.0","parameters":{"$connections":{"defaultValue":{},"type":"Object"},"$authentication":{"defaultValue":{},"type":"SecureObject"}},"triggers":{"manual":{"splitOn":"@triggerBody()['rows']","metadata":{"operationMetadataId":"71bdee56-2048-42a4-b3d4-59647b9bdde4"},"type":"Request","kind":"ApiConnection","inputs":{"schema":{"type":"object","properties":{"rows":{"type":"array","items":{"type":"object","properties":{"entity":{"type":"object","properties":{"ID":{"title":"ID","type":"integer","format":"int64"}},"required":["ID"]}},"required":["entity"]}}},"required":["rows"]},"host":{"connection":{"name":"@parameters('$connections')['shared_sharepointonline']['connectionId']"},"api":{"runtimeUrl":"https://flow-apim-msmanaged-na-westus2-01.azure-apim.net/apim/sharepointonline"}},"operationId":"GetItemHybridTriggerSchema","parameters":{"dataset":"https://amspecllc.sharepoint.com/sites/AgriBrasil/ECFTO","table":"2c46b0b3-5017-46fe-ab41-65a808425f43"},"headersSchema":{"x-ms-user-email-encoded":{"title":"Email do usuário","type":"string","format":"byte","x-ms-dynamically-added":false}}}}},"actions":{"Atualizar_item":{"runAfter":{"Enviar_um_email_(V2)":["Succeeded"]},"metadata":{"operationMetadataId":"e85a8730-0944-4d68-a8df-2a8f0d02fb77"},"type":"OpenApiConnection","inputs":{"host":{"apiId":"/providers/Microsoft.PowerApps/apis/shared_sharepointonline","connectionName":"shared_sharepointonline","operationId":"PatchItem"},"parameters":{"dataset":"https://amspecllc.sharepoint.com/sites/AgriBrasil/ECFTO","table":"2c46b0b3-5017-46fe-ab41-65a808425f43","id":"@triggerBody()?['entity']?['ID']","item/Title":"@outputs('Obter_item')?['body/Title']","item/OData__x00da_ltimaNotifica_x00e7__x00e":"@formatDateTime(addHours(utcNow(),-3),'dd/MM/yyyy hh:mm')","item/NotificadoPor/Claims":"@outputs('Obter_item')?['body/Editor/Claims']"},"authentication":{"value":"@json(decodeBase64(triggerOutputs().headers['X-MS-APIM-Tokens']))['$ConnectionKey']","type":"Raw"}}},"Obter_item":{"runAfter":{},"metadata":{"operationMetadataId":"a8d97c0c-5c6b-442b-a8cd-466d603acfea"},"type":"OpenApiConnection","inputs":{"host":{"apiId":"/providers/Microsoft.PowerApps/apis/shared_sharepointonline","connectionName":"shared_sharepointonline","operationId":"GetItem"},"parameters":{"dataset":"https://amspecllc.sharepoint.com/sites/AgriBrasil/ECFTO","table":"2c46b0b3-5017-46fe-ab41-65a808425f43","id":"@triggerBody()?['entity']?['ID']"},"authentication":{"value":"@json(decodeBase64(triggerOutputs().headers['X-MS-APIM-Tokens']))['$ConnectionKey']","type":"Raw"}}},"varNoReply.BR-Mail":{"runAfter":{"Aplicar_a_cada":["Succeeded"]},"metadata":{"operationMetadataId":"ac61769c-b920-4a44-8984-e82857aefa2b"},"type":"InitializeVariable","inputs":{"variables":[{"name":"varNoReply.BR-Mail","type":"string","value":"AmSpec Brasil - Plataforma ECFTO <noreply.br@amspecgroup.net>"}]}},"varContatosUpdates":{"runAfter":{"Obter_item":["Succeeded"]},"metadata":{"operationMetadataId":"963c063e-f4ac-4696-a5cb-0208080a16c0"},"type":"InitializeVariable","inputs":{"variables":[{"name":"varContatosUpdates","type":"string"}]}},"Aplicar_a_cada":{"foreach":"@outputs('Obter_item')?['body/Contatos_x0020_para_x0020_Update']","actions":{"Obter_item_2":{"runAfter":{},"metadata":{"operationMetadataId":"206794f4-fa4f-40f3-8227-03d91e3814af"},"type":"OpenApiConnection","inputs":{"host":{"apiId":"/providers/Microsoft.PowerApps/apis/shared_sharepointonline","connectionName":"shared_sharepointonline","operationId":"GetItem"},"parameters":{"dataset":"https://amspecllc.sharepoint.com/sites/AgriBrasil/ECFTO","table":"5175b9f1-3e8c-4cf3-be87-2305948fe3f6","id":"@items('Aplicar_a_cada')?['Id']"},"authentication":{"value":"@json(decodeBase64(triggerOutputs().headers['X-MS-APIM-Tokens']))['$ConnectionKey']","type":"Raw"}}},"Update_varContatosUpdates":{"runAfter":{"Obter_item_2":["Succeeded"]},"metadata":{"operationMetadataId":"e3815b87-d194-4ec2-9b1d-73ae30cf054f"},"type":"AppendToStringVariable","inputs":{"name":"varContatosUpdates","value":"@{outputs('Obter_item_2')?['body/Endere_x00e7_osdeE_x002d_mails']};"}}},"runAfter":{"varContatosUpdates":["Succeeded"]},"metadata":{"operationMetadataId":"8ea84ddb-a5e6-4eeb-af81-cd3873ec155d"},"type":"Foreach"},"Enviar_um_email_(V2)":{"runAfter":{"varNoReply.BR-Mail":["Succeeded"]},"metadata":{"operationMetadataId":"595eb3ff-6f53-4f65-8194-6f69144d6527"},"type":"OpenApiConnection","inputs":{"host":{"apiId":"/providers/Microsoft.PowerApps/apis/shared_office365","connectionName":"shared_office365","operationId":"SendEmailV2"},"parameters":{"emailMessage/To":"@variables('varContatosUpdates')","emailMessage/Subject":"PROSPECTO | MV @{outputs('Obter_item')?['body/Title']} | Supervisão de Descarga | @{IF(empty(outputs('Obter_item')?['body/Terminal']),'TBC',outputs('Obter_item')?['body/Terminal'])}, @{outputs('Obter_item')?['body/Porto/Value']} | AmSpec Order: @{outputs('Obter_item')?['body/AmSpec_x0020_OS']}","emailMessage/Body":"<table id=\"i6kx\" width=\"100%\" height=\"120\" bgcolor=\"#ae1e1e\" align=\"center\" valign=\"middle\" style=\"box-sizing: border-box; height: 120px; margin: 0 auto 10px auto; padding: 5px 5px 5px 5px; width: 100%; background-color: #ae1e1e; text-align: center; vertical-align: middle;\">\n  <tbody id=\"i359\" style=\"box-sizing: border-box;\">\n    <tr id=\"ibep\" style=\"box-sizing: border-box;\">\n      <td id=\"inqi\" valign=\"middle\" style=\"box-sizing: border-box; font-size: 12px; font-weight: 300; vertical-align: middle; color: rgb(111, 119, 125); margin: 0; padding: 20px 0 0 0;\">\n        <img id=\"i1mi\" src=\"https://www.amspecgroup.com/wp-content/uploads/2020/03/AmSpec_logo_outline.png\" width=\"160\" style=\"box-sizing: border-box; color: black; width: 160px;\">\n        <table id=\"ih6ac\" width=\"100%\" height=\"10\" style=\"box-sizing: border-box; height: 10px; margin: 0 auto 10px auto; padding: 5px 5px 5px 5px; width: 100%;\">\n          <tbody id=\"ix32\" style=\"box-sizing: border-box;\">\n            <tr id=\"iqff\" style=\"box-sizing: border-box;\">\n              <td id=\"is0n3\" height=\"10\" valign=\"top\" style=\"box-sizing: border-box; font-size: 12px; font-weight: 300; vertical-align: top; color: rgb(111, 119, 125); margin: 0; padding: 0; height: 10px;\">\n              </td>\n            </tr>\n          </tbody>\n        </table>\n        <div id=\"iq7m\" style=\"box-sizing: border-box; padding: 10px 10px 10px 10px; font-size: 28px; font-weight: 700;\">\n          <span id=\"ir9s1\" style=\"box-sizing: border-box; color: #ffffff;\">PROSPECTO - OPERAÇÕES DE NAVIOS/DESCARGAS</span>\n        </div>\n        <table id=\"impzy\" width=\"100%\" height=\"10\" style=\"box-sizing: border-box; height: 10px; margin: 0 auto 10px auto; padding: 5px 5px 5px 5px; width: 100%;\">\n          <tbody id=\"it0b5\" style=\"box-sizing: border-box;\">\n            <tr id=\"irenk\" style=\"box-sizing: border-box;\">\n              <td id=\"ioboj\" height=\"10\" valign=\"top\" style=\"box-sizing: border-box; font-size: 12px; font-weight: 300; vertical-align: top; color: rgb(111, 119, 125); margin: 0; padding: 0; height: 10px;\">\n              </td>\n            </tr>\n          </tbody>\n        </table>\n      </td>\n    </tr>\n  </tbody>\n</table>\n<table id=\"idxni\" width=\"100%\" height=\"20\" style=\"box-sizing: border-box; height: 20px; margin: 0 auto 10px auto; padding: 5px 5px 5px 5px; width: 100%;\">\n  <tbody id=\"iu49f\" style=\"box-sizing: border-box;\">\n    <tr id=\"ig41y\" style=\"box-sizing: border-box;\">\n      <td id=\"if9m4\" height=\"20\" valign=\"top\" style=\"box-sizing: border-box; font-size: 12px; font-weight: 300; vertical-align: top; color: rgb(111, 119, 125); margin: 0; padding: 0; height: 20px;\">\n      </td>\n    </tr>\n  </tbody>\n</table>\n<div id=\"ih6lc\" style=\"box-sizing: border-box; padding: 10px 10px 10px 10px; text-align: center; font-weight: 700; font-size: 22px;\">MV @{outputs('Obter_item')?['body/Title']} - @{outputs('Obter_item')?['body/Porto/Value']} - @{outputs('Obter_item')?['body/AmSpec_x0020_OS']}\n</div>\n<table id=\"ios31\" width=\"100%\" height=\"20\" style=\"box-sizing: border-box; height: 20px; margin: 0 auto 10px auto; padding: 5px 5px 5px 5px; width: 100%;\">\n  <tbody id=\"i7ojh\" style=\"box-sizing: border-box;\">\n    <tr id=\"is90r\" style=\"box-sizing: border-box;\">\n      <td id=\"invgz\" height=\"20\" valign=\"top\" style=\"box-sizing: border-box; font-size: 12px; font-weight: 300; vertical-align: top; color: rgb(111, 119, 125); margin: 0; padding: 0; height: 20px;\">\n      </td>\n    </tr>\n  </tbody>\n</table>\n<table id=\"iimu\" width=\"100%\" height=\"150\" style=\"box-sizing: border-box; height: 150px; margin: 0 auto 10px auto; padding: 5px 5px 5px 5px; width: 100%;\">\n  <tbody id=\"iywig\" style=\"box-sizing: border-box;\">\n    <tr id=\"isk1\" style=\"box-sizing: border-box;\">\n      <td id=\"iwqph\" width=\"50%\" valign=\"top\" style=\"box-sizing: border-box; font-size: 12px; font-weight: 300; vertical-align: top; color: rgb(111, 119, 125); margin: 0; padding: 0; width: 50%;\">\n        <div id=\"ic8yz\" style=\"box-sizing: border-box; padding: 0 10px 0 10px; text-align: right; font-weight: 700; font-size: 18px; color: #000000;\">ETA:\n        </div>\n        <table id=\"itb63\" width=\"100%\" height=\"5\" style=\"box-sizing: border-box; height: 5px; margin: 0 auto 10px auto; padding: 5px 5px 5px 5px; width: 100%;\">\n          <tbody id=\"ib7bo\" style=\"box-sizing: border-box;\">\n            <tr id=\"immjw\" style=\"box-sizing: border-box;\">\n              <td id=\"izt3x\" height=\"5\" valign=\"top\" style=\"box-sizing: border-box; font-size: 12px; font-weight: 300; vertical-align: top; color: rgb(111, 119, 125); margin: 0; padding: 0; height: 5px;\">\n              </td>\n            </tr>\n          </tbody>\n        </table>\n        <div id=\"i8bpu\" style=\"box-sizing: border-box; padding: 0 10px 0 10px; text-align: right; font-weight: 700; font-size: 18px; color: #000000;\">ETB:\n        </div>\n        <table id=\"i6e26\" width=\"100%\" height=\"20\" style=\"box-sizing: border-box; height: 20px; margin: 0 auto 10px auto; padding: 5px 5px 5px 5px; width: 100%;\">\n          <tbody id=\"ioofz\" style=\"box-sizing: border-box;\">\n            <tr id=\"i53ok\" style=\"box-sizing: border-box;\">\n              <td id=\"innlg\" height=\"5\" valign=\"top\" style=\"box-sizing: border-box; font-size: 12px; font-weight: 300; vertical-align: top; color: rgb(111, 119, 125); margin: 0; padding: 0; height: 5px;\">\n              </td>\n            </tr>\n          </tbody>\n        </table>\n        <div id=\"igekb\" style=\"box-sizing: border-box; padding: 0 10px 0 10px; text-align: right; font-weight: 700; font-size: 18px; color: #000000;\">LOCAL DA OPERAÇÃO:\n        </div>\n      </td>\n      <td id=\"irqaf\" width=\"50%\" valign=\"top\" style=\"box-sizing: border-box; font-size: 12px; font-weight: 300; vertical-align: top; color: rgb(111, 119, 125); margin: 0; padding: 0; width: 50%;\">\n        <div id=\"i0evq\" style=\"box-sizing: border-box; padding: 0 10px 0 10px; font-size: 18px; color: #000000;\">@{addHours(outputs('Obter_item')?['body/ETA'],-3,'dd/MM/yyyy')}\n        </div>\n        <table id=\"in7xj\" width=\"100%\" height=\"20\" style=\"box-sizing: border-box; height: 20px; margin: 0 auto 10px auto; padding: 5px 5px 5px 5px; width: 100%;\">\n          <tbody id=\"igknl\" style=\"box-sizing: border-box;\">\n            <tr id=\"igfqz\" style=\"box-sizing: border-box;\">\n              <td id=\"i25ox\" height=\"5\" valign=\"top\" style=\"box-sizing: border-box; font-size: 12px; font-weight: 300; vertical-align: top; color: rgb(111, 119, 125); margin: 0; padding: 0; height: 5px;\">\n              </td>\n            </tr>\n          </tbody>\n        </table>\n        <div id=\"igxl7\" style=\"box-sizing: border-box; padding: 0 10px 0 10px; font-size: 18px; color: #000000;\">@{addHours(outputs('Obter_item')?['body/ETB'],-3,'dd/MM/yyyy')}\n        </div>\n        <table id=\"isfy8\" width=\"100%\" height=\"20\" style=\"box-sizing: border-box; height: 20px; margin: 0 auto 10px auto; padding: 5px 5px 5px 5px; width: 100%;\">\n          <tbody id=\"i317o\" style=\"box-sizing: border-box;\">\n            <tr id=\"ifh8l\" style=\"box-sizing: border-box;\">\n              <td id=\"i11bv\" height=\"5\" valign=\"top\" style=\"box-sizing: border-box; font-size: 12px; font-weight: 300; vertical-align: top; color: rgb(111, 119, 125); margin: 0; padding: 0; height: 5px;\">\n              </td>\n            </tr>\n          </tbody>\n        </table>\n        <div id=\"ibill\" style=\"box-sizing: border-box; padding: 0 10px 0 10px; font-size: 18px; color: #000000;\">@{IF(empty(outputs('Obter_item')?['body/Terminal']),'TBC',outputs('Obter_item')?['body/Terminal'])}, @{outputs('Obter_item')?['body/Porto/Value']}, BRASIL\n        </div>\n      </td>\n    </tr>\n  </tbody>\n</table>\n<table id=\"imt34\" width=\"100%\" height=\"60\" style=\"box-sizing: border-box; height: 60px; margin: 0 auto 10px auto; padding: 5px 5px 5px 5px; width: 100%;\">\n  <tbody id=\"i1hjs\" style=\"box-sizing: border-box;\">\n    <tr id=\"i6jmk\" style=\"box-sizing: border-box;\">\n      <td id=\"i035k\" height=\"40\" valign=\"top\" style=\"box-sizing: border-box; font-size: 12px; font-weight: 300; vertical-align: top; color: rgb(111, 119, 125); margin: 0; padding: 0; height: 40px;\">\n      </td>\n    </tr>\n  </tbody>\n</table>\n<table id=\"inakk\" width=\"100%\" height=\"150\" style=\"box-sizing: border-box; height: 150px; margin: 0 auto 0 auto; padding: 0 5px 5px 5px; width: 100%;\">\n  <tbody id=\"ihemj\" style=\"box-sizing: border-box;\">\n    <tr id=\"i2bg8\" style=\"box-sizing: border-box;\">\n      <td id=\"iezak\" width=\"10%\" valign=\"top\" style=\"box-sizing: border-box; font-size: 12px; font-weight: 300; vertical-align: top; color: rgb(111, 119, 125); margin: 0; padding: 0; width: 10%;\">\n      </td>\n      <td id=\"ip0oi\" width=\"60%\" valign=\"top\" style=\"box-sizing: border-box; font-size: 12px; font-weight: 300; vertical-align: top; color: rgb(111, 119, 125); margin: 0; padding: 0; width: 60%;\">\n        <div id=\"ivs42\" style=\"box-sizing: border-box; padding: 10px; text-align: center;\">\n          <b id=\"i3nef\" style=\"box-sizing: border-box;\">\n          </b>\n          <p id=\"ifwg5\" style=\"box-sizing: border-box; text-align: justify;\">\n            <b id=\"idpbv\" style=\"box-sizing: border-box;\">\n              <span lang=\"EN-GB\" id=\"ikpzd\" style=\"box-sizing: border-box; font-size: 7.0pt;\"><span id=\"i6545\" style=\"box-sizing: border-box; color: #cc0000;\">Am</span></span>\n            </b>\n            <b id=\"ig8lg\" style=\"box-sizing: border-box;\">\n              <span lang=\"EN-GB\" id=\"izfe7\" style=\"box-sizing: border-box; font-size: 7.0pt;\"><span id=\"iqfdw\" style=\"box-sizing: border-box; color: black;\">Spec DISCLAIMER</span></span>\n            </b>\n            <b id=\"i9ijt\" style=\"box-sizing: border-box;\">\n              <span lang=\"EN-GB\" id=\"ikbat\" style=\"box-sizing: border-box; font-size: 7.0pt;\"><span id=\"i93vk\" style=\"box-sizing: border-box; color: black;\">: </span></span>\n            </b>\n            <span lang=\"EN-GB\" id=\"i47lj\" style=\"box-sizing: border-box; font-size: 7.0pt;\"><span id=\"irh8i\" style=\"box-sizing: border-box; color: black;\">This e-mail message, including any attachments, is for the sole use of the addressee(s) to whom it has been sent, and may contain information that is confidential or legally protected. If you are not the intended recipient or have received this message in error, you are not authorized to copy, distribute, or otherwise use this message or its attachments. Please notify the sender immediately by return e-mail and permanently delete this message and any attachments. </span></span>\n            <b id=\"iifs4\" style=\"box-sizing: border-box;\">\n              <span lang=\"EN-GB\" id=\"ir94l\" style=\"box-sizing: border-box; font-size: 7.0pt;\"><span id=\"i0u8u\" style=\"box-sizing: border-box; color: red;\">Am</span></span>\n            </b>\n            <b id=\"i3l9a8\" style=\"box-sizing: border-box;\">\n              <span lang=\"EN-GB\" id=\"in749k\" style=\"box-sizing: border-box; font-size: 7.0pt;\"><span id=\"izn3s4\" style=\"box-sizing: border-box; color: black;\">Spec Group </span></span>\n            </b>\n            <span lang=\"EN-GB\" id=\"il07r4\" style=\"box-sizing: border-box; font-size: 7.0pt;\"><span id=\"iojy1h\" style=\"box-sizing: border-box; color: black;\">makes no warranty that this e-mail is error or virus free. </span></span>​​​​​​​\n          </p>\n        </div>\n        <div id=\"icibi\" style=\"box-sizing: border-box; padding: 10px; text-align: center;\">\n          <p id=\"i2as04\" style=\"box-sizing: border-box;\">\n            <span lang=\"EN-GB\" id=\"icvaq5\" style=\"box-sizing: border-box; font-size: 7.0pt;\"><span id=\"ilqr1e\" style=\"box-sizing: border-box; color: black;\">All services are rendered in accordance with the General Terms and Conditions of AmSpec company available on website: <a data-cke-saved-href=\"http://www.amspecgroup.com/terms-conditions/\" href=\"http://www.amspecgroup.com/terms-conditions/\" id=\"i14ey2\" style=\"box-sizing: border-box;\">http://www.amspecgroup.com/terms-conditions/</a></span></span>\n          </p>\n          <p id=\"i19s2s\" style=\"box-sizing: border-box;\">\n            <span lang=\"EN-GB\" id=\"i6mba6\" style=\"box-sizing: border-box; font-size: 7.0pt;\"><span id=\"ig7j9r\" style=\"box-sizing: border-box; color: black;\">If you are not satisfied with our services, please contact us immediately at </span></span>\n            <span lang=\"FR-CH\" id=\"ivu7kv\" style=\"box-sizing: border-box; color: black;\"><a data-cke-saved-href=\"mailto:compliance@amspecllc.com\" href=\"mailto:compliance@amspecllc.com\" id=\"ivym99\" style=\"box-sizing: border-box;\"><span lang=\"EN-GB\" id=\"iugw63\" style=\"box-sizing: border-box; font-size: 7.0pt;\">compliance@amspecgroup.com</span></a></span>\n          </p>\n        </div>\n      </td>\n      <td id=\"in2kv\" width=\"10%\" valign=\"top\" style=\"box-sizing: border-box; font-size: 12px; font-weight: 300; vertical-align: top; color: rgb(111, 119, 125); margin: 0; padding: 0; width: 10%;\">\n      </td>\n    </tr>\n  </tbody>\n</table>","emailMessage/From":"@variables('varNoReply.BR-Mail')","emailMessage/Importance":"Normal"},"authentication":"@parameters('$authentication')"}}},"outputs":{},"description":"Enviar Status da operação selecionada ao cliente:\n\nAo clicar em fluxo de execução, você estará enviando informações de ETA, ETB, Início e Término da operação, para o cliente ECFTO\n\nSó execute este fluxo caso já tenha atualizado as informações na data de hoje."},"connectionReferences":{"shared_sharepointonline":{"connectionName":"d0ed5079cc724550980fd6fb3df8dac4","source":"Invoker","id":"/providers/Microsoft.PowerApps/apis/shared_sharepointonline","tier":"NotSpecified"},"shared_office365":{"connectionName":"shared-office365-4a96a26a-cd91-4f0d-81cb-39a7-74d50b10","source":"Embedded","id":"/providers/Microsoft.PowerApps/apis/shared_office365","tier":"NotSpecified"}},"flowFailureAlertSubscribed":false,"isManaged":false}}