{"schemaVersion":"1.0","appDefinitionTemplate":{"id":"/providers/Microsoft.PowerApps/apps/","type":"Microsoft.PowerApps/apps","tags":{"sp-site-id":"https://amspecllc-my.sharepoint.com/personal/znagui_youssef_amspecgroup_com","sp-list-id":"9fdb7f04-20b8-4345-abeb-d866f790679a","https://amspecllc-my.sharepoint.com/personal/znagui_youssef_amspecgroup_com":"9fdb7f04-20b8-4345-abeb-d866f790679a","primaryDeviceWidth":"640","primaryDeviceHeight":"1136","sienaVersion":"20210625T093941Z-3.21061.25.0","deviceCapabilities":"","supportsPortrait":"true","supportsLandscape":"true","primaryFormFactor":"Phone","publisherVersion":"3.21061.25","minimumRequiredApiVersion":"2.2.0","hasComponent":"false","hasUnlockedComponent":"false","isUnifiedRootApp":"false"},"properties":{"appVersion":"2021-06-25T09:39:41Z","lifeCycleId":"Published","createdByClientVersion":{"major":3,"minor":21061,"build":25,"revision":0,"majorRevision":0,"minorRevision":0},"minClientVersion":{"major":3,"minor":21061,"build":25,"revision":0,"majorRevision":0,"minorRevision":0},"backgroundColor":"rgba(0, 176, 240, 1)","backgroundImageUri":"/780155833908217093/N91c5af39-75e6-4f93-82ac-3dfd29fe891b-logoSmallFile","displayName":"Inventaire consommables AmSpec Morocco","description":"","commitMessage":"","appUris":{"documentUri":{"value":"/780155833908217093/Nd2fb190b-1e31-4a02-8a17-d4c51f0900a8-document.msapp"},"imageUris":[]},"createdTime":"0001-01-01T00:00:00Z","lastModifiedTime":"0001-01-01T00:00:00Z","sharedGroupsCount":0,"sharedUsersCount":0,"icons":{"smallIconUri":"/780155833908217093/N1a36a96a-5736-44b9-bcc2-c1999bd044f0-small.png","mediumIconUri":"/780155833908217093/Nc6991bfd-cc02-4075-84e9-7e9deda746af-medium.png","largeIconUri":"/780155833908217093/N1a96b616-7708-402e-91f3-4a3252d3a10e-large.png","wideIconUri":"/780155833908217093/N3fb05460-b19a-4a5c-a719-c302567e2cb7-wide.png"},"connectionReferences":{"9ba738bb-ed03-4574-a56b-768f77911e2d":{"id":"11a93981-676c-4606-a07f-edd11d7114a2","displayName":"SharePoint","iconUri":"https://connectoricons-prod.azureedge.net/releases/v1.0.1472/1.0.1472.2427/sharepointonline/icon.png","dataSources":["Suivi des consommables"],"dependencies":[],"dependents":[],"parameterHints":{},"parameterHintsV2":{},"isOnPremiseConnection":false,"dataSets":{"https://amspecllc-my.sharepoint.com/personal/znagui_youssef_amspecgroup_com":{"dataSources":{"Suivi des consommables":{"tableName":"9fdb7f04-20b8-4345-abeb-d866f790679a"}}}},"apiTier":"Standard","isCustomApiConnection":false}},"databaseReferences":{},"almMode":"Environment","performanceOptimizationEnabled":true,"canConsumeAppPass":true,"executionRestrictions":{"isTeamsOnly":false,"dataLossPreventionEvaluationResult":{"status":"Compliant","lastEvaluationDate":"2021-06-25T09:39:51.9169253Z","violations":[],"violationsByPolicy":[],"violationErrorMessage":"L’application utilise les connecteurs suivants : shared_sharepointonline."}}},"appType":"ClassicCanvasApp","appComponents":[]}}