{"name":"c7055842-3d71-4c82-a3d2-354b7eb348ba","id":"/providers/Microsoft.Flow/flows/c7055842-3d71-4c82-a3d2-354b7eb348ba","type":"Microsoft.Flow/flows","properties":{"apiId":"/providers/Microsoft.PowerApps/apis/shared_logicflows","displayName":"Créer une note rapide OneNote pour les e-mails importants","definition":{"metadata":{"workflowEntityId":null,"creator":{"id":"cff46316-3fd0-41f7-84d2-f8a419517a2d","type":"User","tenantId":"fddf0fb0-6be4-4e34-ace1-e795bc64c91f"},"provisioningMethod":"FromDefinition","failureAlertSubscription":true,"clientLastModifiedTime":"2019-01-07T04:39:53.547576Z","flowclientsuspensionreason":"None","flowclientsuspensiontime":null,"processAdvisorMetadata":null},"$schema":"https://schema.management.azure.com/providers/Microsoft.Logic/schemas/2016-06-01/workflowdefinition.json#","contentVersion":"1.0.0.0","parameters":{"$connections":{"defaultValue":{},"type":"Object"},"$authentication":{"defaultValue":{},"type":"SecureObject"}},"triggers":{"When_a_new_email_arrives":{"splitOn":"@triggerBody()?.value","metadata":{"flowSystemMetadata":{"swaggerOperationId":"OnNewEmail"}},"type":"ApiConnectionNotification","inputs":{"fetch":{"method":"get","pathTemplate":{"template":"/Mail/OnNewEmail"},"queries":{"folderPath":"Inbox","importance":"High","includeAttachments":false}},"subscribe":{"method":"post","pathTemplate":{"template":"/MailSubscriptionPoke/$subscriptions"},"body":{"NotificationUrl":"@{listCallbackUrl()}"},"queries":{"folderPath":"Inbox","importance":"High"}},"host":{"api":{"runtimeUrl":"https://flow-apim-msmanaged-na-centralus-01.azure-apim.net/apim/office365"},"connection":{"name":"@parameters('$connections')['shared_office365']['connectionId']"}},"authentication":"@parameters('$authentication')"}}},"actions":{"Create_a_page_in_Quick_Notes":{"runAfter":{},"metadata":{"flowSystemMetadata":{"swaggerOperationId":"CreatePageInQuickNotes"}},"type":"ApiConnection","inputs":{"host":{"api":{"runtimeUrl":"https://flow-apim-msmanaged-na-eastus2-01.azure-apim.net/apim/onenote"},"connection":{"name":"@parameters('$connections')['shared_onenote']['connectionId']"}},"method":"post","path":"/pages","body":"<h1>@{triggerBody()?['Subject']}</h1>\n<div>@{triggerBody()?['Body']}</div>","authentication":"@parameters('$authentication')"}},"Send_a_push_notification":{"runAfter":{"Create_a_page_in_Quick_Notes":["Succeeded"]},"metadata":{"flowSystemMetadata":{"swaggerOperationId":"SendNotification"}},"type":"ApiConnection","inputs":{"host":{"api":{"runtimeUrl":"https://flow-apim-msmanaged-na-westus-01.azure-apim.net/apim/flowpush"},"connection":{"name":"@parameters('$connections')['shared_flowpush']['connectionId']"}},"method":"post","path":"/sendNotification","body":{"notificationText":"Important Email added to quick notes: @{triggerBody()?['Subject']}","notificationLink":{"uri":"@{body('Create_a_page_in_Quick_Notes')?['links']?['oneNoteWebUrl']?['href']}","label":"View in OneNote Online"}},"authentication":"@parameters('$authentication')"}}},"outputs":{}},"connectionReferences":{"shared_office365":{"connectionName":"shared-office365-5c3b83e9-2a3a-4063-a1ee-0a274d64af0c","source":"Embedded","id":"/providers/Microsoft.PowerApps/apis/shared_office365","tier":"NotSpecified"},"shared_onenote":{"connectionName":"shared-onenote-90785818-8bd2-4d11-a076-c918a31ccc00","source":"Embedded","id":"/providers/Microsoft.PowerApps/apis/shared_onenote","tier":"NotSpecified"},"shared_flowpush":{"connectionName":"shared-flowpush-78efe446-2ede-4333-9013-640fdbaf71e9","source":"Embedded","id":"/providers/Microsoft.PowerApps/apis/shared_flowpush","tier":"NotSpecified"}},"flowFailureAlertSubscribed":false,"isManaged":false}}