{"schemaVersion":"1.0","appDefinitionTemplate":{"id":"/providers/Microsoft.PowerApps/apps/","type":"Microsoft.PowerApps/apps","tags":{"primaryDeviceWidth":"640","primaryDeviceHeight":"1136","sienaVersion":"20181219T001713Z-3.18114.25.0","deviceCapabilities":"","supportsPortrait":"true","supportsLandscape":"false","primaryFormFactor":"Phone","publisherVersion":"3.18114.25","minimumRequiredApiVersion":"2.2.0"},"properties":{"appVersion":"2018-12-19T00:17:13Z","lifeCycleId":"Published","createdByClientVersion":{"major":3,"minor":18114,"build":25,"revision":0,"majorRevision":0,"minorRevision":0},"minClientVersion":{"major":3,"minor":18114,"build":25,"revision":0,"majorRevision":0,"minorRevision":0},"backgroundColor":"rgba(208, 52, 56, 1)","backgroundImageUri":"/16933786294190558909/N152c0324-87e5-4c7b-97dd-2d5a7278df47-logoSmallFile","displayName":"PonDens","description":"","appUris":{"documentUri":{"value":"/16933786294190558909/N2b9c8e9c-0cc2-4a3a-84f5-475466c9c4b2-document.msapp"},"imageUris":[]},"createdTime":"0001-01-01T00:00:00Z","lastModifiedTime":"0001-01-01T00:00:00Z","sharedGroupsCount":0,"sharedUsersCount":0,"icons":{"smallIconUri":"/16933786294190558909/Nba2509a2-6a3e-4f05-becb-949cc260c406-small.png","mediumIconUri":"/16933786294190558909/N0d3395d0-d51f-45f4-9bc4-19df77594826-medium.png","largeIconUri":"/16933786294190558909/N2505501d-832a-4509-a2c1-83214ea086b9-large.png","wideIconUri":"/16933786294190558909/N2f407319-fc0a-4e72-acd6-c6e9963efe8c-wide.png"},"connectionReferences":{},"databaseReferences":{},"almMode":"Environment","performanceOptimizationEnabled":true,"executionRestrictions":{"isTeamsOnly":false,"dataLossPreventionEvaluationResult":{"status":"Compliant","lastEvaluationDate":"2020-10-27T21:31:45.8846571Z","violationDetails":[]}}},"appType":"ClassicCanvasApp","appComponents":[]}}