{"name":"a3c83b45-c4b4-45fc-9eb3-cb2ff8e5603b","id":"/providers/Microsoft.Flow/flows/a3c83b45-c4b4-45fc-9eb3-cb2ff8e5603b","type":"Microsoft.Flow/flows","properties":{"apiId":"/providers/Microsoft.PowerApps/apis/shared_logicflows","displayName":"Quando um item é criado -> Atualizar propriedades do arquivo","definition":{"metadata":{"workflowEntityId":null,"flowclientsuspensionreason":"None","flowclientsuspensiontime":null,"creator":{"id":"e6fa3311-d0c7-418c-85e4-e25522a6c1b2","type":"User","tenantId":"fddf0fb0-6be4-4e34-ace1-e795bc64c91f"},"provisioningMethod":"FromDefinition","failureAlertSubscription":true,"clientLastModifiedTime":"2021-02-04T13:34:07.3396259Z","processAdvisorMetadata":null},"$schema":"https://schema.management.azure.com/providers/Microsoft.Logic/schemas/2016-06-01/workflowdefinition.json#","contentVersion":"1.0.0.0","parameters":{"$connections":{"defaultValue":{},"type":"Object"},"$authentication":{"defaultValue":{},"type":"SecureObject"}},"triggers":{"Quando_um_item_é_criado":{"recurrence":{"frequency":"Minute","interval":1},"splitOn":"@triggerOutputs()?['body/value']","type":"OpenApiConnection","inputs":{"host":{"apiId":"/providers/Microsoft.PowerApps/apis/shared_sharepointonline","connectionName":"shared_sharepointonline","operationId":"GetOnNewItems"},"parameters":{"dataset":"https://amspecllc.sharepoint.com/sites/AgriBrasil/ECFTO","table":"Galeria"},"authentication":"@parameters('$authentication')"}}},"actions":{"Obter_itens":{"runAfter":{},"type":"OpenApiConnection","inputs":{"host":{"apiId":"/providers/Microsoft.PowerApps/apis/shared_sharepointonline","connectionName":"shared_sharepointonline","operationId":"GetItems"},"parameters":{"dataset":"https://amspecllc.sharepoint.com/sites/AgriBrasil/ECFTO","table":"3f1d3b1a-2aa7-4e83-a983-32bbf27c8201","$filter":"Update_x0020_ID eq @{right(replace(replace(triggerOutputs()?['body/{Path}'],'Galeria/',''),'/',''),sub(length(replace(replace(triggerOutputs()?['body/{Path}'],'Galeria/',''),'/','')),12))}","$top":1},"authentication":"@parameters('$authentication')"}},"Aplicar_a_cada":{"foreach":"@outputs('Obter_itens')?['body/value']","actions":{"Atualizar_propriedades_do_arquivo":{"runAfter":{},"type":"OpenApiConnection","inputs":{"host":{"apiId":"/providers/Microsoft.PowerApps/apis/shared_sharepointonline","connectionName":"shared_sharepointonline","operationId":"PatchFileItem"},"parameters":{"dataset":"https://amspecllc.sharepoint.com/sites/AgriBrasil/ECFTO","table":"Galeria","id":"@triggerOutputs()?['body/ID']","item/Update_x0020_ID/Id":"@items('Aplicar_a_cada')?['ID']"},"authentication":"@parameters('$authentication')"}}},"runAfter":{"Obter_itens":["Succeeded"]},"type":"Foreach"}},"outputs":{}},"connectionReferences":{"shared_sharepointonline":{"connectionName":"d0ed5079cc724550980fd6fb3df8dac4","source":"Embedded","id":"/providers/Microsoft.PowerApps/apis/shared_sharepointonline","tier":"NotSpecified"}},"flowFailureAlertSubscribed":false,"isManaged":false}}