{"name":"1fb3db96-9e6e-46e9-bb56-85b61acf6e3f","id":"/providers/Microsoft.Flow/flows/1fb3db96-9e6e-46e9-bb56-85b61acf6e3f","type":"Microsoft.Flow/flows","properties":{"apiId":"/providers/Microsoft.PowerApps/apis/shared_logicflows","displayName":"Azure dir_employees","definition":{"metadata":{"workflowEntityId":null,"processAdvisorMetadata":null,"flowclientsuspensionreason":"AllActionsFailingDetected","flowclientsuspensiontime":"2022-05-24T14:56:06.775105Z","creator":{"id":"92b54cd9-a569-4d92-bca0-4f330d1ea600","type":"User","tenantId":"fddf0fb0-6be4-4e34-ace1-e795bc64c91f"},"provisioningMethod":"FromDefinition","failureAlertSubscription":true,"clientLastModifiedTime":"2022-03-15T06:54:34.8026772Z"},"$schema":"https://schema.management.azure.com/providers/Microsoft.Logic/schemas/2016-06-01/workflowdefinition.json#","contentVersion":"1.0.0.0","parameters":{"$connections":{"defaultValue":{},"type":"Object"},"$authentication":{"defaultValue":{},"type":"SecureObject"},"sharepoint.site":{"defaultValue":"","type":"String"},"sharepoint.list":{"defaultValue":"","type":"String"}},"triggers":{"When_an_item_is_created_or_modified":{"recurrence":{"frequency":"Minute","interval":5},"splitOn":"@triggerOutputs()?['body/value']","metadata":{"operationMetadataId":"36425167-6a7d-4bce-9800-20cfacf341fc"},"type":"OpenApiConnection","inputs":{"host":{"apiId":"/providers/Microsoft.PowerApps/apis/shared_sharepointonline","connectionName":"shared_sharepointonline","operationId":"GetOnUpdatedItems"},"parameters":{"dataset":"https://amspecllc.sharepoint.com/sites/AmSpecDirectory","table":"employees"},"authentication":"@parameters('$authentication')"}}},"actions":{"Update_row_(V2)":{"runAfter":{},"metadata":{"operationMetadataId":"8745f407-af13-46c7-99b7-c6358852e325"},"type":"OpenApiConnection","inputs":{"host":{"apiId":"/providers/Microsoft.PowerApps/apis/shared_sql","connectionName":"shared_sql","operationId":"PatchItem_V2"},"parameters":{"server":"default","database":"AmspecMDM","table":"dir_employees","id":"@triggerOutputs()?['body/ID']","item/employeesId":"@triggerOutputs()?['body/ID']","item/payroll_name":"@triggerOutputs()?['body/Payroll_x0020_Name']","item/first_name":"@triggerOutputs()?['body/First_x0020_Name']","item/last_name":"@triggerOutputs()?['body/Last_x0020_Name']","item/middle_name":"@triggerOutputs()?['body/Middle_x0020_Name']","item/full_name":"@triggerOutputs()?['body/Full_x0020_Name']","item/job_titleId":"@triggerOutputs()?['body/Job_x0020_Title/Id']","item/job_title_other":"@triggerOutputs()?['body/job_title_other']","item/employee_HR_Id":"@triggerOutputs()?['body/Employee_x0020_HR_x0020_Id']","item/locationId":"@triggerOutputs()?['body/Location/Id']","item/countryId":"@triggerOutputs()?['body/Country/Id']","item/departmentId":"@triggerOutputs()?['body/Department/Id']","item/businessLineId":"@triggerOutputs()?['body/businessLine/Id']","item/divisionId":"@triggerOutputs()?['body/Division/Id']","item/manager_employeesId":"@triggerOutputs()?['body/Manager/Id']","item/work_email":"@triggerOutputs()?['body/Work_x0020_Email']","item/active_YN":"@triggerOutputs()?['body/Active_YN']","item/leave_YN":"@triggerOutputs()?['body/leave_YN']","item/IFIA_eligible":"@triggerOutputs()?['body/IFIA_Eligible']","item/IFIA_YN":"@triggerOutputs()?['body/IFIA_YN']","item/DG_Shipper_YN":"@triggerOutputs()?['body/DG_Shipper_YN']","item/phoneNumber_office":"@triggerOutputs()?['body/Office_x0020_Phone_x0020_Number']","item/phoneNumber_mobile":"@triggerOutputs()?['body/Mobile_x0020_Number']","item/hire_rehire_date":"@triggerOutputs()?['body/Hire_x002f_Rehire_x0020_Date']","item/termination_date":"@if(equals(coalesce(triggerBody()?['body/termination_x0020_Date'],'NULL'),'NULL'),'',formatdatetime(coalesce(triggerBody()?['body/termination_x0020_Date'],'01/01/1901'),'dd/MM/yyyy'))","item/last_working_day":"@if(equals(coalesce(triggerBody()?['body/LastWorkingDay'],'NULL'),'NULL'),'',formatdatetime(coalesce(triggerBody()?['body/LastWorkingDay'],'01/01/1901'),'dd/MM/yyyy'))","item/resignation_termination":"@triggerOutputs()?['body/Resignation_Termination/Value']","item/remarks":"@triggerOutputs()?['body/remarks']","item/txt_tmp":"@triggerOutputs()?['body/txt_tmp']","item/IDcalc":"@triggerOutputs()?['body/IDcalc']","item/createdOn":"@if(equals(coalesce(triggerBody()?['Created'],'NULL'),'NULL'),'',formatdatetime(coalesce(triggerBody()?['Created'],'01/01/1901'),'dd/MM/yyyy'))","item/modifiedOn":"@if(equals(coalesce(triggerBody()?['Modified'],'NULL'),'NULL'),'',formatdatetime(coalesce(triggerBody()?['Modified'],'01/01/1901'),'dd/MM/yyyy'))"},"authentication":"@parameters('$authentication')"}}},"outputs":{},"description":"Update a row in SQL when an item is modified in a SharePoint list. You will need to select which fields from the SharePoint list contain the ID of the row in SQL and the other columns."},"connectionReferences":{"shared_sql":{"connectionName":"8484ae026d2a4784afb53c7e64104bc8","source":"Embedded","id":"/providers/Microsoft.PowerApps/apis/shared_sql","tier":"NotSpecified"},"shared_sharepointonline":{"connectionName":"ac9698e6f7f64695801fa48ec75abfe8","source":"Embedded","id":"/providers/Microsoft.PowerApps/apis/shared_sharepointonline","tier":"NotSpecified"}},"flowFailureAlertSubscribed":false,"isManaged":false}}