{"name":"ed764d2f-fc2c-45e5-b255-5e681131c2e1","id":"/providers/Microsoft.Flow/flows/ed764d2f-fc2c-45e5-b255-5e681131c2e1","type":"Microsoft.Flow/flows","properties":{"apiId":"/providers/Microsoft.PowerApps/apis/shared_logicflows","displayName":"AOBR_eSocial_2220_Gerador_XML","definition":{"metadata":{"workflowEntityId":null,"processAdvisorMetadata":null,"flowclientsuspensionreason":"None","flowclientsuspensiontime":null,"creator":{"id":"e6fa3311-d0c7-418c-85e4-e25522a6c1b2","type":"User","tenantId":"fddf0fb0-6be4-4e34-ace1-e795bc64c91f"},"provisioningMethod":"FromDefinition","failureAlertSubscription":true,"clientLastModifiedTime":"2022-02-16T01:03:20.620344Z"},"$schema":"https://schema.management.azure.com/providers/Microsoft.Logic/schemas/2016-06-01/workflowdefinition.json#","contentVersion":"1.0.0.0","parameters":{"$connections":{"defaultValue":{},"type":"Object"},"$authentication":{"defaultValue":{},"type":"SecureObject"}},"triggers":{"manual":{"metadata":{"operationMetadataId":"3bc7e520-cfc6-4ef8-8bb9-5bd2c1f3c111"},"type":"Request","kind":"Button","inputs":{"schema":{"type":"object","properties":{},"required":[]}}}},"actions":{"HTTP":{"runAfter":{},"metadata":{"operationMetadataId":"c10dcb93-5d84-4625-9c71-8006a32d952f"},"type":"Http","inputs":{"method":"POST","uri":"https://esocial.grupobrmed.com.br/o/token/","queries":{"username":"amspec","password":"-!gc%Z!5wN$S8=5R","grant_type":"password"},"authentication":{"type":"Basic","username":"YQ6TMRGm8bjCZ4PfqFAQM7JFMKv0z56n6MTeVLTH","password":"KWn5OrDbHoM2Fu5KEkPlSFOazOCh4BieM3jaF3ayQ8uBotVqU31bC2RJIUQoiMqMxE5qpH1CssDi8Z6VghjF6niHFuOAOpMiMawQtG501t7ms7yoNRTJHoCLduj9MBth"}}},"HTTP_2":{"runAfter":{"HTTP":["Succeeded"]},"metadata":{"operationMetadataId":"f9161a5c-90a2-4893-a17e-6c5347ba72a1"},"type":"Http","inputs":{"method":"GET","uri":"https://esocial.grupobrmed.com.br/events/S-2220/?format=json&release_date=2022-01","queries":"@body('HTTP')"}},"Analisar_JSON":{"runAfter":{"HTTP_2":["Succeeded"]},"metadata":{"operationMetadataId":"8ef0b28e-9ba5-4f83-b1bf-6d6c29ee16a2"},"type":"ParseJson","inputs":{"content":"@body('HTTP_2')","schema":{"type":"array","items":{"type":"object","properties":{"evtMonit":{"type":"object","properties":{"Id":{"type":"string"},"ideEvento":{"type":"object","properties":{"indRetif":{"type":"string"},"nrRecibo":{"type":"string"},"tpAmb":{"type":"string"},"procEmi":{"type":"string"},"verProc":{"type":"string"}}},"ideEmpregador":{"type":"object","properties":{"tpInsc":{"type":"string"},"nrInsc":{"type":"string"}}},"ideVinculo":{"type":"object","properties":{"cpfTrab":{"type":"string"},"matricula":{"type":"string"},"codCateg":{"type":"string"}}},"exMedOcup":{"type":"object","properties":{"tpExameOcup":{"type":"integer"},"aso":{"type":"object","properties":{"dtAso":{"type":"string"},"resAso":{"type":"integer"},"exame":{"type":"array","items":{"type":"object","properties":{"dtExm":{"type":"string"},"procRealizado":{"type":"string"},"obsProc":{},"ordExame":{"type":"integer"},"indResult":{"type":"integer"}},"required":["dtExm","procRealizado","obsProc","ordExame","indResult"]}},"medico":{"type":"object","properties":{"nmMed":{"type":"string"},"nrCRM":{"type":"string"},"ufCRM":{"type":"string"}}}}},"respMonit":{"type":"object","properties":{"cpfResp":{"type":"string"},"nmResp":{"type":"string"},"nrCRM":{"type":"string"},"ufCRM":{"type":"string"}}}}}}}},"required":["evtMonit"]}}}},"Aplicar_a_cada":{"foreach":"@body('Matriz_do_filtro')","actions":{"Obter_uma_linha":{"runAfter":{},"metadata":{"01KUEEZZCYKMMZSXCQPVEYMYXK5K346W2W":"/2022/2/dados esocial.xlsx","operationMetadataId":"232bba9c-4358-43d7-b58c-fe9cca65d5d9","tableId":"{6F654B12-11D9-4099-B980-CC4A962B2153}"},"type":"OpenApiConnection","inputs":{"host":{"apiId":"/providers/Microsoft.PowerApps/apis/shared_excelonlinebusiness","connectionName":"shared_excelonlinebusiness","operationId":"GetItem"},"parameters":{"source":"groups/ef471ee4-ce34-4ddd-9cde-0b76b61ac175","drive":"b!dpsqu5aXAUG9o3l-CXFFhhHBaTCp8F5EjvtRhP8KSbj_fJaTQcndSa2Ggsl8PZQ6","file":"01KUEEZZCYKMMZSXCQPVEYMYXK5K346W2W","table":"{6F654B12-11D9-4099-B980-CC4A962B2153}","idColumn":"CPF","id":"@items('Aplicar_a_cada')?['evtMonit']?['ideVinculo']?['cpfTrab']"},"authentication":{"value":"@json(decodeBase64(triggerOutputs().headers['X-MS-APIM-Tokens']))['$ConnectionKey']","type":"Raw"}}},"Aplicar_a_cada_2":{"foreach":"@items('Aplicar_a_cada')?['evtMonit']?['exMedOcup']?['aso']?['exame']","actions":{"Acrescentar_à_variável_de_cadeia":{"runAfter":{"Atraso":["Succeeded"]},"metadata":{"operationMetadataId":"11ba21e4-f855-48ce-87ee-721320655b4b"},"type":"AppendToStringVariable","inputs":{"name":"varXML","value":"\n  <evtMonit Id=\"ID101178071000000@{convertTimeZone(utcNow(),'UTC','E. South America Standard Time', 'yyyyMMddHHmmss')}\">\n    <ideEvento>\n      <indRetif>1</indRetif>\n      <tpAmb>1</tpAmb>\n      <procEmi>1</procEmi>\n      <verProc>eSocial PLUS AmSpec</verProc>\n    </ideEvento>\n    <ideEmpregador>\n      <tpInsc>1</tpInsc>\n      <nrInsc>01178071</nrInsc>\n    </ideEmpregador>\n    <ideVinculo>\n      <cpfTrab>@{items('Aplicar_a_cada')?['evtMonit']?['ideVinculo']?['cpfTrab']}</cpfTrab>\n      <matricula>@{outputs('Obter_uma_linha')?['body/Matricula']}</matricula>\n      <codCateg>@{if(equals(outputs('Obter_uma_linha')?['body/Cod Categoria'],'101'),'',if(equals(outputs('Obter_uma_linha')?['body/Cod Categoria'],'103'),'',if(equals(outputs('Obter_uma_linha')?['body/Cod Categoria'],'111'),'',outputs('Obter_uma_linha')?['body/Cod Categoria'])))}</codCateg>\n    </ideVinculo>\n    <exMedOcup>\n      <tpExameOcup>@{items('Aplicar_a_cada')?['evtMonit']?['exMedOcup']?['tpExameOcup']}</tpExameOcup>\n      <aso>\n        <dtAso>@{items('Aplicar_a_cada')?['evtMonit']?['exMedOcup']?['aso']?['dtAso']}</dtAso>\n        <resAso>@{items('Aplicar_a_cada')?['evtMonit']?['exMedOcup']?['aso']?['resAso']}</resAso>\n        <exame>\n          <dtExm>@{items('Aplicar_a_cada_2')?['dtExm']}</dtExm>\n          <procRealizado>@{items('Aplicar_a_cada_2')?['procRealizado']}</procRealizado>\n          <obsProc>@{items('Aplicar_a_cada_2')?['obsProc']}</obsProc>\n          <ordExame>@{items('Aplicar_a_cada_2')?['ordExame']}</ordExame>\n          <indResult>@{items('Aplicar_a_cada_2')?['indResult']}</indResult>\n        </exame>\n        <medico>\n          <nmMed>@{items('Aplicar_a_cada')?['evtMonit']?['exMedOcup']?['aso']?['medico']?['nmMed']}</nmMed>\n          <nrCRM>@{items('Aplicar_a_cada')?['evtMonit']?['exMedOcup']?['aso']?['medico']?['nrCRM']}</nrCRM>\n          <ufCRM>@{items('Aplicar_a_cada')?['evtMonit']?['exMedOcup']?['aso']?['medico']?['ufCRM']}</ufCRM>\n        </medico>\n      </aso>\n      <respMonit>\n        <cpfResp>@{items('Aplicar_a_cada')?['evtMonit']?['exMedOcup']?['respMonit']?['cpfResp']}</cpfResp>\n        <nmResp>@{items('Aplicar_a_cada')?['evtMonit']?['exMedOcup']?['respMonit']?['nmResp']}</nmResp>\n        <nrCRM>@{items('Aplicar_a_cada')?['evtMonit']?['exMedOcup']?['respMonit']?['nrCRM']}</nrCRM>\n        <ufCRM>@{items('Aplicar_a_cada')?['evtMonit']?['exMedOcup']?['respMonit']?['ufCRM']}</ufCRM>\n      </respMonit>\n    </exMedOcup>\n  </evtMonit>"}},"Atraso":{"runAfter":{},"metadata":{"operationMetadataId":"abb5f31e-91d6-4393-a69a-17b8f91c1676"},"type":"Wait","inputs":{"interval":{"count":1,"unit":"Second"}}}},"runAfter":{"Obter_uma_linha":["Succeeded"]},"metadata":{"operationMetadataId":"751b21f3-9fa3-4e59-b3a1-255926dcf090"},"type":"Foreach"}},"runAfter":{"Inicializar_variável":["Succeeded"]},"metadata":{"operationMetadataId":"f1033d5d-3394-4487-87ef-f07ef65d1269"},"type":"Foreach"},"Enviar_um_email_(V2)":{"runAfter":{"Aplicar_a_cada":["Succeeded"]},"metadata":{"operationMetadataId":"be5b1c3f-e8ab-422d-8a23-13790373564c"},"type":"OpenApiConnection","inputs":{"host":{"apiId":"/providers/Microsoft.PowerApps/apis/shared_office365","connectionName":"shared_office365","operationId":"SendEmailV2"},"parameters":{"emailMessage/To":"Anderson.Reis@amspecgroup.com","emailMessage/Subject":"XML ESOCIAL DATA - S-2220","emailMessage/Body":"<p>arquivo xml</p>","emailMessage/Attachments":[{"Name":"202202_01178071000000_2220-esocial-evt.xml","ContentBytes":"<?xml version=\"1.0\" encoding=\"utf-8\"?>\n<eSocial xmlns=\"http://www.esocial.gov.br/schema/evt/evtMonit/v_S_01_00_00\">\n@{variables('varXML')}\n</eSocial>"}]},"authentication":{"value":"@json(decodeBase64(triggerOutputs().headers['X-MS-APIM-Tokens']))['$ConnectionKey']","type":"Raw"}}},"Inicializar_variável":{"runAfter":{"Matriz_do_filtro_2":["Succeeded"]},"metadata":{"operationMetadataId":"8fd37fbc-84e8-45e1-970d-56f7ba36b267"},"type":"InitializeVariable","inputs":{"variables":[{"name":"varXML","type":"string"}]}},"Matriz_do_filtro":{"runAfter":{"Analisar_JSON":["Succeeded"]},"metadata":{"operationMetadataId":"4979c534-498a-46a5-acee-4208e0ecbfe5"},"type":"Query","inputs":{"from":"@body('Analisar_JSON')","where":"@greater(item()?['evtMonit']?['exMedOcup']?['aso']?['dtAso'], '2022-01-15')"}},"Matriz_do_filtro_2":{"runAfter":{"Matriz_do_filtro":["Succeeded"]},"metadata":{"operationMetadataId":"90ac8bea-946c-4415-b6ea-3a27a1f5a918"},"type":"Query","inputs":{"from":"@body('Analisar_JSON')","where":"@less(item()?['evtMonit']?['exMedOcup']?['aso']?['dtAso'], '2022-01-31')"}}}},"connectionReferences":{"shared_excelonlinebusiness":{"connectionName":"shared-excelonlinebu-7ca1cbc9-c525-45dc-8fe8-3c3622868d3a","source":"Invoker","id":"/providers/Microsoft.PowerApps/apis/shared_excelonlinebusiness","tier":"NotSpecified"},"shared_office365":{"connectionName":"shared-office365-4a96a26a-cd91-4f0d-81cb-39a7-74d50b10","source":"Invoker","id":"/providers/Microsoft.PowerApps/apis/shared_office365","tier":"NotSpecified"}},"flowFailureAlertSubscribed":false,"isManaged":false}}