{"schemaVersion":"1.0","appDefinitionTemplate":{"id":"/providers/Microsoft.PowerApps/apps/","type":"Microsoft.PowerApps/apps","tags":{"primaryDeviceWidth":"640","primaryDeviceHeight":"1136","sienaVersion":"89410efd-4556-44fb-b079-f547da7b51a8","deviceCapabilities":"","supportsPortrait":"true","supportsLandscape":"false","primaryFormFactor":"Phone","publisherVersion":"3.21034.27","minimumRequiredApiVersion":"2.2.0","hasComponent":"false","hasUnlockedComponent":"false","isUnifiedRootApp":"false"},"properties":{"appVersion":"2021-04-12T18:27:51Z","lifeCycleId":"Published","createdByClientVersion":{"major":3,"minor":21034,"build":27,"revision":0,"majorRevision":0,"minorRevision":0},"minClientVersion":{"major":3,"minor":21034,"build":27,"revision":0,"majorRevision":0,"minorRevision":0},"backgroundColor":"rgba(37, 62, 143, 1)","backgroundImageUri":"/8784881350035124688/N9b77601e-ab21-4744-a7ef-92f52839a76f-logoSmallFile","displayName":"HoustonOps","description":"","commitMessage":"","appUris":{"documentUri":{"value":"/8784881350035124688/N74bc8473-10cd-4695-8cec-6023571a9606-document.msapp"},"imageUris":[]},"createdTime":"0001-01-01T00:00:00Z","lastModifiedTime":"0001-01-01T00:00:00Z","sharedGroupsCount":0,"sharedUsersCount":0,"icons":{"smallIconUri":"/8784881350035124688/N8a66901d-b54b-43cb-b818-f14aa7ee42c3-small.png","mediumIconUri":"/8784881350035124688/N0601f9c4-3674-4470-ba4e-1e8fdad9ef01-medium.png","largeIconUri":"/8784881350035124688/N0765db38-46ad-4983-90ad-00a66d7c3301-large.png","wideIconUri":"/8784881350035124688/Nedb630e2-67a5-4700-9625-58bf176ae5b2-wide.png"},"connectionReferences":{"058304f5-4336-4d26-82d1-efca7f9c00ab":{"id":"ad36ac11-7b1e-406c-96f8-aa70757bad00","displayName":"SQL Server","iconUri":"https://connectoricons-prod.azureedge.net/releases/v1.0.1457/1.0.1457.2379/sql/icon.png","dataSources":["[dbo].[inf_Houston_coordinators_mapping]"],"dependencies":[],"dependents":[],"parameterHints":{},"isOnPremiseConnection":false,"sharedConnectionId":"27844279-898f-4ac4-ba42-4985cb344c29","dataSets":{"amspecopsql.database.windows.net,AmspecMDM":{"dataSources":{"[dbo].[inf_Houston_coordinators_mapping]":{"tableName":"[dbo].[inf_Houston_coordinators_mapping]"}}}},"apiTier":"Premium","isCustomApiConnection":false,"authenticationType":"sqlAuthentication","endpoints":["amspecopsql.database.windows.net,AmspecMDM"]}},"databaseReferences":{},"almMode":"Environment","performanceOptimizationEnabled":true,"canConsumeAppPass":true,"executionRestrictions":{"isTeamsOnly":false,"dataLossPreventionEvaluationResult":{"status":"Compliant","lastEvaluationDate":"2021-04-12T18:28:01.4128825Z","violationDetails":[]}}},"isAppComponentLibrary":false,"appType":"ClassicCanvasApp","appComponents":[]}}