{"schemaVersion":"1.0","appDefinitionTemplate":{"id":"/providers/Microsoft.PowerApps/apps/","type":"Microsoft.PowerApps/apps","tags":{"primaryDeviceWidth":"1366","primaryDeviceHeight":"768","sienaVersion":"20220228T043315Z-3.22021.27.0","deviceCapabilities":"","supportsPortrait":"true","supportsLandscape":"true","primaryFormFactor":"Tablet","publisherVersion":"3.22021.27","minimumRequiredApiVersion":"2.2.0","hasComponent":"false","hasUnlockedComponent":"false","isUnifiedRootApp":"false"},"properties":{"appVersion":"2022-02-28T04:33:15Z","lifeCycleId":"Published","createdByClientVersion":{"major":3,"minor":22021,"build":27,"revision":0,"majorRevision":0,"minorRevision":0},"minClientVersion":{"major":3,"minor":22021,"build":27,"revision":0,"majorRevision":0,"minorRevision":0},"backgroundColor":"rgba(164, 38, 44, 1)","backgroundImageUri":"/6677081788933457682/Ndc1762c3-e049-4b95-bb98-8454ce3ccd4c-logoSmallFile","displayName":"AmSpec Brazil Nominations","description":"","commitMessage":"","appUris":{"documentUri":{"value":"/6677081788933457682/N8196b9ed-dd5c-4b31-95f7-577dc262fd57-document.msapp"},"imageUris":[]},"createdTime":"0001-01-01T00:00:00Z","lastModifiedTime":"0001-01-01T00:00:00Z","sharedGroupsCount":0,"sharedUsersCount":0,"icons":{"smallIconUri":"/6677081788933457682/N61cee672-66d9-40f1-af0f-0332138d0f78-small.png","mediumIconUri":"/6677081788933457682/N29c5c4e1-6958-4e46-9577-b4e5ee996aba-medium.png","largeIconUri":"/6677081788933457682/N23606fe2-c6e2-406e-b6df-1d432c92e3f9-large.png","wideIconUri":"/6677081788933457682/Na222544b-7e94-4a1d-bc8b-fc932fcf3222-wide.png"},"connectionReferences":{"cefc43e2-be42-4c3a-99db-bb8acdd6de46":{"id":"11a93981-676c-4606-a07f-edd11d7114a2","displayName":"SharePoint","iconUri":"https://connectoricons-prod.azureedge.net/releases/v1.0.1550/1.0.1550.2686/sharepointonline/icon.png","dataSources":["tbl_aos","tbl_branch_office","tbl_customer","tbl_lineup","tbl_places","tbl_products","tbl_services","tbl_vessel"],"dependencies":[],"dependents":[],"parameterHints":{},"parameterHintsV2":{},"isOnPremiseConnection":false,"bypassConsent":false,"dataSets":{"https://amspecllc.sharepoint.com/sites/AmSpecBrasil":{"dataSources":{"tbl_aos":{"tableName":"0467b6a1-5f24-4e3d-85e6-df4d687ab2a5"},"tbl_branch_office":{"tableName":"ed88bac8-5d61-4c18-9a9e-b1893e896f8a"},"tbl_customer":{"tableName":"6ce439ab-4a5f-4a88-b503-ce0d6fe7f66d"},"tbl_lineup":{"tableName":"01aa603c-9af9-4c2f-9574-44590a39d325"},"tbl_places":{"tableName":"1b5b9ce9-590e-4630-b194-9b425efb0d9f"},"tbl_products":{"tableName":"9d85915a-fae7-44b3-9753-abdca060e385"},"tbl_services":{"tableName":"d0cb523f-dbc3-4f88-82ec-7382210b2184"},"tbl_vessel":{"tableName":"d7458daf-7d71-4ca9-8502-cc43e1b66276"}}}},"apiTier":"Standard","isCustomApiConnection":false,"actions":["providers/PowerPlatform.Governance/Operations/Read"]},"709d914d-2dd3-4e5d-ac4c-d248f2fdbb7b":{"id":"c33cfad1-b5ae-4507-95bb-aa3452542e72","displayName":"Grupos do Office 365","iconUri":"https://connectoricons-prod.azureedge.net/releases/v1.0.1538/1.0.1538.2619/office365groups/icon.png","dataSources":["GruposdoOffice365"],"dependencies":[],"dependents":[],"parameterHints":{},"parameterHintsV2":{},"isOnPremiseConnection":false,"bypassConsent":false,"dataSets":{},"apiTier":"Standard","isCustomApiConnection":false},"b045b0b7-c79b-4d86-9546-7b1b249dff3c":{"id":"5c3e009c-b4ae-4852-8c9b-756acc2258d6","displayName":"Usuários do Office 365","iconUri":"https://connectoricons-prod.azureedge.net/releases/v1.0.1551/1.0.1551.2693/office365users/icon.png","dataSources":["UsuáriosdoOffice365"],"dependencies":[],"dependents":[],"parameterHints":{},"parameterHintsV2":{},"isOnPremiseConnection":false,"bypassConsent":false,"dataSets":{},"apiTier":"Standard","isCustomApiConnection":false}},"databaseReferences":{},"almMode":"Solution","performanceOptimizationEnabled":true,"canConsumeAppPass":true,"executionRestrictions":{"isTeamsOnly":false,"dataLossPreventionEvaluationResult":{"status":"Compliant","lastEvaluationDate":"2021-06-22T18:46:23.3177631Z","violations":[],"violationsByPolicy":[],"violationErrorMessage":"O aplicativo usa os seguintes conectores: shared_sharepointonline."}}},"appType":"ClassicCanvasApp","appComponents":[]}}