{"name":"51a5cf46-8373-468b-a8b4-7a521983e192","id":"/providers/Microsoft.Flow/flows/51a5cf46-8373-468b-a8b4-7a521983e192","type":"Microsoft.Flow/flows","properties":{"apiId":"/providers/Microsoft.PowerApps/apis/shared_logicflows","displayName":"Get a push notification when a new file is added in OneDrive for Business - 2","definition":{"metadata":{"workflowEntityId":null,"creator":{"id":"4c54f5d7-c197-4593-a231-e433a6fadaad","type":"User","tenantId":"fddf0fb0-6be4-4e34-ace1-e795bc64c91f"},"provisioningMethod":"FromDefinition","failureAlertSubscription":true,"clientLastModifiedTime":"2020-02-07T07:07:50.2964249Z","flowclientsuspensionreason":"None","flowclientsuspensiontime":null,"processAdvisorMetadata":null},"$schema":"https://schema.management.azure.com/providers/Microsoft.Logic/schemas/2016-06-01/workflowdefinition.json#","contentVersion":"1.0.0.0","parameters":{"$connections":{"defaultValue":{},"type":"Object"},"$authentication":{"defaultValue":{},"type":"SecureObject"},"odb.folderPath":{"defaultValue":"","type":"String"}},"triggers":{"When_a_file_is_created_(metadata_only)":{"recurrence":{"frequency":"Minute","interval":5},"splitOn":"@triggerBody()","metadata":{"b!ifmNLFWxxU6gyyACxC_oWnMrA24JGMhFp9gzJOe2RgZf4RDpYkf4TKOj3WtUzlBZ.01I2DGP7NFF7VRTOK5QJGLJZ3WVTQO7GH4":"/1. Jobs","flowSystemMetadata":{"swaggerOperationId":"OnNewFiles"}},"type":"ApiConnection","inputs":{"host":{"api":{"runtimeUrl":"https://flow-apim-msmanaged-na-eastus-01.azure-apim.net/apim/onedriveforbusiness"},"connection":{"name":"@parameters('$connections')['shared_onedriveforbusiness']['connectionId']"}},"method":"get","path":"/datasets/default/triggers/batch/onnewfile","queries":{"folderId":"b!ifmNLFWxxU6gyyACxC_oWnMrA24JGMhFp9gzJOe2RgZf4RDpYkf4TKOj3WtUzlBZ.01I2DGP7NFF7VRTOK5QJGLJZ3WVTQO7GH4"},"authentication":"@parameters('$authentication')"},"conditions":[]}},"actions":{"Send_me_a_mobile_notification":{"runAfter":{},"metadata":{"flowSystemMetadata":{"swaggerOperationId":"SendNotification"}},"type":"ApiConnection","inputs":{"host":{"api":{"runtimeUrl":"https://flow-apim-msmanaged-na-northcentralus-01.azure-apim.net/apim/flowpush"},"connection":{"name":"@parameters('$connections')['shared_flowpush']['connectionId']"}},"method":"post","body":{"notificationText":"New File: @{triggerBody()?['LastModifiedBy']}","notificationLink":{"uri":"https://onedrive.live.com/about/business/","label":"Go to OneDrive for Business"}},"path":"/sendNotification","authentication":"@parameters('$authentication')"}}},"description":"Get an email every time a new file is added to your OneDrive for Business. You will need an installation of the Flow App for this template."},"connectionReferences":{"shared_flowpush":{"connectionName":"shared-flowpush-5e8ad0f2-1849-4fbf-a7d8-a96fbad781f9","source":"Embedded","id":"/providers/Microsoft.PowerApps/apis/shared_flowpush","tier":"NotSpecified"},"shared_onedriveforbusiness":{"connectionName":"shared-onedriveforbu-01e51a8d-09d8-4435-ac78-ddf5b0277686","source":"Embedded","id":"/providers/Microsoft.PowerApps/apis/shared_onedriveforbusiness","tier":"NotSpecified"}},"flowFailureAlertSubscribed":false,"isManaged":false}}