{"name":"c010bb79-ba3f-4c28-b249-0bcdf1002a3e","id":"/providers/Microsoft.Flow/flows/c010bb79-ba3f-4c28-b249-0bcdf1002a3e","type":"Microsoft.Flow/flows","properties":{"apiId":"/providers/Microsoft.PowerApps/apis/shared_logicflows","displayName":"View Details - Publish Details","definition":{"metadata":{"workflowEntityId":null,"creator":{"id":"a1ff277f-4e5a-420e-a2b1-f9bb7dd76070","type":"User","tenantId":"fddf0fb0-6be4-4e34-ace1-e795bc64c91f"},"provisioningMethod":"FromDefinition","failureAlertSubscription":true,"clientLastModifiedTime":"2020-01-09T05:34:22.2089262Z","flowclientsuspensionreason":"None","flowclientsuspensiontime":null,"processAdvisorMetadata":null},"$schema":"https://schema.management.azure.com/providers/Microsoft.Logic/schemas/2016-06-01/workflowdefinition.json#","contentVersion":"1.0.0.0","parameters":{"$connections":{"defaultValue":{},"type":"Object"},"$authentication":{"defaultValue":{},"type":"SecureObject"}},"triggers":{"When_an_item_is_created_or_modified":{"recurrence":{"frequency":"Minute","interval":1},"splitOn":"@triggerBody()?['value']","metadata":{"flowSystemMetadata":{"swaggerOperationId":"GetOnUpdatedItems"}},"type":"ApiConnection","inputs":{"host":{"connection":{"name":"@parameters('$connections')['shared_sharepointonline']['connectionId']"},"api":{"runtimeUrl":"https://flow-apim-msmanaged-na-westus-01.azure-apim.net/apim/sharepointonline"}},"method":"get","path":"/datasets/@{encodeURIComponent(encodeURIComponent('https://amspecllc.sharepoint.com/sites/MarketingDivision'))}/tables/@{encodeURIComponent(encodeURIComponent('ae119914-6166-4b9f-b352-09c19c4bf8eb'))}/onupdateditems","authentication":"@parameters('$authentication')"}}},"actions":{"Condition":{"actions":{"Send_an_email":{"runAfter":{"Apply_to_each_2":["Succeeded"]},"metadata":{"flowSystemMetadata":{"swaggerOperationId":"SendEmail"}},"type":"ApiConnection","inputs":{"host":{"connection":{"name":"@parameters('$connections')['shared_outlook']['connectionId']"},"api":{"runtimeUrl":"https://flow-apim-msmanaged-na-northcentralus-01.azure-apim.net/apim/outlook"}},"method":"post","body":{"To":"Tom.Fusco@amspecgroup.com;Melody.Ryan@amspecgroup.com;Samantha.Kelly@amspecgroup.com;raj.macwan@amspecllc.com;Billy.Fusano@amspecgroup.com;Darcy.Schram@amspecgroup.com;Jeanie.Strickland@amspecgroup.com;Tammy.Reese@amspecgroup.com;Donna.Green@amspecgroup.com;Marissa.Felicetti@amspecgroup.com;Stephanie.Trujillo@amspecgroup.com;Sam.Smedley@amspecgroup.com;John.Abdelnoor@amspecgroup.com;jvitale@amspecllc.com;Paul.Dudka@amspecllc.com;Jessica.Gil@amspecgroup.com;Amanda.Congoran@amspecgroup.com;Yuliana.Dixon@amspecgroup.com;Richard.Traver@amspecgroup.com","Subject":"@triggerBody()?['Subject']","Body":"<table  border=\"1\">\n<tr><td><b>Subject</b> </td><td> @{triggerBody()?['Subject']}</td></tr>\n<tr><td><b>Company Name</b></td><td> @{variables('CompanyName')}</td></tr>\n<tr><td><b>Client Name</b></td><td> @{variables('ClientName')}</td></tr>\n<tr><td><b>Client Location</b></td><td> @{triggerBody()?['Location']?['Value']}</td></tr><tr><td><b>\nAmSpec Location </b></td><td> @{variables('AmspecLocation')}</td></tr>\n<tr><td><b>Communication type </b></td><td> @{triggerBody()?['CommunicationType']?['Value']}</td></tr>\n<tr><td><b>AmSpec Attendees</b></td><td> @{variables('Attendies')}</td></tr>\n<tr><td><b>Visit Date</b></td><td> @{triggerBody()?['VisitDate']}</td></tr>\n<tr><td><b>Objective Of Visit</b></td><td> @{triggerBody()?['ObjectiveofVisit']?['Value']}</td></tr>\n<tr><td><b>Product Desk</b></td><td> @{variables('ProductDesk')}</td></tr>\n<tr><td><b>Meeting Minutes</b></td><td> @{triggerBody()?['MeetingMinutes']}</td></tr>\n<tr><td><b>MCL Inputs</b></td><td> @{triggerBody()?['MCLInput']}</td></tr>\n<tr><td><b>Action Time</b></td><td> @{triggerBody()?['ActionRequired']?['Value']}</td></tr>\n<tr><td><b>DeadLine Of Action</b></td><td>@{triggerBody()?['DeadlineforAction']}</td></tr>\n<tr><td><b>Overall Customer Rating</b></td><td>@{triggerBody()?['OverallCustomerRating']?['Value']}</td></tr>\n\n</table>\n<p><b>Amspec</b></p>","IsHtml":true},"path":"/Mail","authentication":"@parameters('$authentication')"}},"Company_Name":{"foreach":"@triggerBody()?['CompanyName']","actions":{"Append_to_string_Company_Name":{"runAfter":{},"type":"AppendToStringVariable","inputs":{"name":"CompanyName","value":"@{items('Company_Name')?['Value']} , "}}},"runAfter":{},"type":"Foreach"},"Apply_to_each":{"foreach":"@triggerBody()?['AmSpecRepresentative']","actions":{"Append_to_string_Amspec_attendies":{"runAfter":{},"type":"AppendToStringVariable","inputs":{"name":"Attendies","value":"@{items('Apply_to_each')?['DisplayName']} , "}}},"runAfter":{"Amspec_loaction":["Succeeded"]},"type":"Foreach"},"Client_Name":{"foreach":"@triggerBody()?['CompanyRepresentative']","actions":{"Append_to_string_Client_Name":{"runAfter":{},"type":"AppendToStringVariable","inputs":{"name":"ClientName","value":"@{items('Client_Name')?['Value']} , "}}},"runAfter":{"Company_Name":["Succeeded"]},"type":"Foreach"},"Amspec_loaction":{"foreach":"@triggerBody()?['AmSpecLocation']","actions":{"Append_to_string_Amspec_loaction":{"runAfter":{},"type":"AppendToStringVariable","inputs":{"name":"AmspecLocation","value":"@{items('Amspec_loaction')?['Value']} , "}}},"runAfter":{"Client_Name":["Succeeded"]},"type":"Foreach"},"Apply_to_each_2":{"foreach":"@triggerBody()?['ProductDesk']","actions":{"Append_to_string_Product_desk":{"runAfter":{},"type":"AppendToStringVariable","inputs":{"name":"ProductDesk","value":"@{items('Apply_to_each_2')?['Value']} , "}}},"runAfter":{"Apply_to_each":["Succeeded"]},"type":"Foreach"}},"runAfter":{"AssignTo":["Succeeded"]},"expression":{"equals":["@triggerBody()?['Published']","@true"]},"type":"If"},"Companyname":{"runAfter":{},"type":"InitializeVariable","inputs":{"variables":[{"name":"CompanyName","type":"String"}]}},"ClientName":{"runAfter":{"Companyname":["Succeeded"]},"type":"InitializeVariable","inputs":{"variables":[{"name":"ClientName","type":"String"}]}},"AmspecLocation":{"runAfter":{"ClientName":["Succeeded"]},"type":"InitializeVariable","inputs":{"variables":[{"name":"AmspecLocation","type":"String"}]}},"Amspec_attendies":{"runAfter":{"AmspecLocation":["Succeeded"]},"type":"InitializeVariable","inputs":{"variables":[{"name":"Attendies","type":"String"}]}},"ProductDesk":{"runAfter":{"Amspec_attendies":["Succeeded"]},"type":"InitializeVariable","inputs":{"variables":[{"name":"ProductDesk","type":"String"}]}},"AssignTo":{"runAfter":{"ProductDesk":["Succeeded"]},"type":"InitializeVariable","inputs":{"variables":[{"name":"AssignTo","type":"String"}]}}},"outputs":{}},"connectionReferences":{"shared_outlook":{"connectionName":"shared-outlook-3275a6e6-65f7-40b2-b66b-3436f326588c","source":"Embedded","id":"/providers/Microsoft.PowerApps/apis/shared_outlook","tier":"NotSpecified"},"shared_sharepointonline":{"connectionName":"ee5fad1e55fd474c946a23b490603bd1","source":"Embedded","id":"/providers/Microsoft.PowerApps/apis/shared_sharepointonline","tier":"NotSpecified"}},"flowFailureAlertSubscribed":false,"isManaged":false}}