{"schemaVersion":"1.0","appDefinitionTemplate":{"id":"/providers/Microsoft.PowerApps/apps/","type":"Microsoft.PowerApps/apps","tags":{"primaryDeviceWidth":"640","primaryDeviceHeight":"1136","sienaVersion":"20211223T065423Z-3.21115.37.0","deviceCapabilities":"","supportsPortrait":"true","supportsLandscape":"true","primaryFormFactor":"Phone","publisherVersion":"3.21115.37","minimumRequiredApiVersion":"2.2.0","hasComponent":"false","hasUnlockedComponent":"false","isUnifiedRootApp":"false"},"properties":{"appVersion":"2021-12-23T06:54:23Z","lifeCycleId":"Published","createdByClientVersion":{"major":3,"minor":21115,"build":37,"revision":0,"majorRevision":0,"minorRevision":0},"minClientVersion":{"major":3,"minor":21115,"build":37,"revision":0,"majorRevision":0,"minorRevision":0},"backgroundColor":"rgba(184, 0, 0, 1)","backgroundImageUri":"/2751480927139486303/Nf725968b-2da0-49d0-b6d6-4e2ad270261e-logoSmallFile","displayName":"COVID-19 Test Pass","description":"","commitMessage":"Added print page","appUris":{"documentUri":{"value":"/2751480927139486303/Nfc62e16f-7261-4ff9-9f96-84554c5ad188-document.msapp"},"imageUris":[]},"createdTime":"0001-01-01T00:00:00Z","lastModifiedTime":"0001-01-01T00:00:00Z","sharedGroupsCount":0,"sharedUsersCount":0,"icons":{"smallIconUri":"/2751480927139486303/N44ce4dd1-90f9-4580-8ac7-4104b5b45024-small.png","mediumIconUri":"/2751480927139486303/N1f92b803-a759-44e0-85c1-c99ebd88bb93-medium.png","largeIconUri":"/2751480927139486303/N17e7e575-4bd3-4c79-9586-39b575e7b3d8-large.png","wideIconUri":"/2751480927139486303/Nbea80893-dcc0-4e1f-815a-7aefc63d06c5-wide.png"},"connectionReferences":{"7a78bb5d-bddc-43bf-97f9-e6370d8254cb":{"id":"11a93981-676c-4606-a07f-edd11d7114a2","displayName":"SharePoint","iconUri":"https://connectoricons-prod.azureedge.net/releases/v1.0.1539/1.0.1539.2620/sharepointonline/icon.png","dataSources":["employee_COVID19_tests","employees","inf_countries","inf_locations","RLS_location"],"dependencies":[],"dependents":[],"parameterHints":{},"parameterHintsV2":{},"isOnPremiseConnection":false,"bypassConsent":false,"dataSets":{"https://amspecllc.sharepoint.com/sites/AmSpecDirectory":{"dataSources":{"employee_COVID19_tests":{"tableName":"268ea86c-5723-43b6-aafe-49fb885d5ad5"},"employees":{"tableName":"9e5d8603-273d-4a79-b02a-1a8e946557f3"},"inf_countries":{"tableName":"84f4dac2-fce9-46b2-8ee8-dced687947aa"},"inf_locations":{"tableName":"376d9929-69b4-4f6d-a72d-714236977a89"},"RLS_location":{"tableName":"7729d8c0-23d1-438e-9c7f-65358770012f"}}}},"apiTier":"Standard","isCustomApiConnection":false,"actions":["providers/PowerPlatform.Governance/Operations/Read"]}},"databaseReferences":{},"almMode":"Environment","performanceOptimizationEnabled":true,"canConsumeAppPass":true,"executionRestrictions":{"isTeamsOnly":false,"dataLossPreventionEvaluationResult":{"status":"Compliant","lastEvaluationDate":"2021-12-20T05:22:07.9583126Z","violations":[],"violationsByPolicy":[],"violationErrorMessage":"The app uses the following connectors: shared_sharepointonline."}}},"appType":"ClassicCanvasApp","appComponents":[]}}