{"name":"49ad4e6e-1c3b-4417-abe4-ce75dd729ffa","id":"/providers/Microsoft.Flow/flows/49ad4e6e-1c3b-4417-abe4-ce75dd729ffa","type":"Microsoft.Flow/flows","properties":{"apiId":"/providers/Microsoft.PowerApps/apis/shared_logicflows","displayName":"Refresh JobLab Board Singapore","definition":{"metadata":{"workflowEntityId":null,"processAdvisorMetadata":null,"flowclientsuspensionreason":"None","flowclientsuspensiontime":null,"creator":{"id":"92b54cd9-a569-4d92-bca0-4f330d1ea600","type":"User","tenantId":"fddf0fb0-6be4-4e34-ace1-e795bc64c91f"},"provisioningMethod":"FromDefinition","failureAlertSubscription":true,"clientLastModifiedTime":"2022-04-22T13:46:52.5067388Z"},"$schema":"https://schema.management.azure.com/providers/Microsoft.Logic/schemas/2016-06-01/workflowdefinition.json#","contentVersion":"1.0.0.0","parameters":{"$connections":{"defaultValue":{},"type":"Object"},"$authentication":{"defaultValue":{},"type":"SecureObject"}},"triggers":{"Recurrence":{"recurrence":{"frequency":"Hour","interval":1,"startTime":"2021-07-06T06:30:00.000Z"},"metadata":{"operationMetadataId":"bf4a7826-2d60-4c20-9ee0-83029718ee09"},"type":"Recurrence"}},"actions":{"Refresh_a_dataset":{"runAfter":{},"metadata":{"operationMetadataId":"35f99cea-6717-4975-ac2c-834642b15dbb"},"type":"OpenApiConnection","inputs":{"host":{"apiId":"/providers/Microsoft.PowerApps/apis/shared_powerbi","connectionName":"shared_powerbi","operationId":"RefreshDataset"},"parameters":{"groupid":"d8f65d04-6015-4475-a149-e2e49977fbb3","datasetid":"1923e250-4f6e-4a57-a13a-774408ad028f"},"authentication":"@parameters('$authentication')"}}}},"connectionReferences":{"shared_powerbi":{"connectionName":"shared-powerbi-28bcace6-136f-4eab-affa-101a-13c871bb","source":"Embedded","id":"/providers/Microsoft.PowerApps/apis/shared_powerbi","tier":"NotSpecified"}},"flowFailureAlertSubscribed":false,"isManaged":false}}