{"name":"ab25cdad-b00a-4bad-9573-0a5d697a3ef9","id":"/providers/Microsoft.Flow/flows/ab25cdad-b00a-4bad-9573-0a5d697a3ef9","type":"Microsoft.Flow/flows","properties":{"apiId":"/providers/Microsoft.PowerApps/apis/shared_logicflows","displayName":"Update_EmployeeTests_TESTID","definition":{"metadata":{"workflowEntityId":null,"processAdvisorMetadata":null,"flowclientsuspensionreason":"None","flowclientsuspensiontime":null,"creator":{"id":"92b54cd9-a569-4d92-bca0-4f330d1ea600","type":"User","tenantId":"fddf0fb0-6be4-4e34-ace1-e795bc64c91f"},"provisioningMethod":"FromDefinition","failureAlertSubscription":true,"clientLastModifiedTime":"2022-01-04T07:22:53.8267692Z"},"$schema":"https://schema.management.azure.com/providers/Microsoft.Logic/schemas/2016-06-01/workflowdefinition.json#","contentVersion":"1.0.0.0","parameters":{"$connections":{"defaultValue":{},"type":"Object"},"$authentication":{"defaultValue":{},"type":"SecureObject"}},"triggers":{"When_an_item_is_created":{"recurrence":{"frequency":"Minute","interval":5},"splitOn":"@triggerOutputs()?['body/value']","metadata":{"operationMetadataId":"c8dcf5cd-5ba9-4dd6-ab4d-d82aaae2d226"},"type":"OpenApiConnection","inputs":{"host":{"apiId":"/providers/Microsoft.PowerApps/apis/shared_sharepointonline","connectionName":"shared_sharepointonline","operationId":"GetOnNewItems"},"parameters":{"dataset":"https://amspecllc.sharepoint.com/sites/AmSpecDirectory","table":"268ea86c-5723-43b6-aafe-49fb885d5ad5"},"authentication":"@parameters('$authentication')"}}},"actions":{"Update_item":{"runAfter":{},"metadata":{"operationMetadataId":"0d0f3f8e-8a21-4705-8c56-a39dcce411eb"},"type":"OpenApiConnection","inputs":{"host":{"apiId":"/providers/Microsoft.PowerApps/apis/shared_sharepointonline","connectionName":"shared_sharepointonline","operationId":"PatchItem"},"parameters":{"dataset":"https://amspecllc.sharepoint.com/sites/AmSpecDirectory","table":"268ea86c-5723-43b6-aafe-49fb885d5ad5","id":"@triggerOutputs()?['body/ID']","item/Test_x0020_Date":"@triggerOutputs()?['body/Test_x0020_Date']","item/TESTID":"@triggerOutputs()?['body/ID']"},"authentication":"@parameters('$authentication')"}}}},"connectionReferences":{"shared_sharepointonline":{"connectionName":"7e07d5c6d5fe4ac28c24d7a946d59f8f","source":"Embedded","id":"/providers/Microsoft.PowerApps/apis/shared_sharepointonline","tier":"NotSpecified"}},"flowFailureAlertSubscribed":false,"isManaged":false}}