{"schemaVersion":"1.0","appDefinitionTemplate":{"id":"/providers/Microsoft.PowerApps/apps/","type":"Microsoft.PowerApps/apps","tags":{"sp-site-id":"https://amspecllc.sharepoint.com/sites/EuropeTeam/Croatia","sp-list-id":"49b3f4e1-9832-4502-8bc1-249bdb896db0","https://amspecllc.sharepoint.com/sites/EuropeTeam/Croatia":"49b3f4e1-9832-4502-8bc1-249bdb896db0","primaryDeviceWidth":"640","primaryDeviceHeight":"1136","sienaVersion":"20210310T085602Z-3.21024.25.0","deviceCapabilities":"","supportsPortrait":"true","supportsLandscape":"false","primaryFormFactor":"Phone","publisherVersion":"3.21024.25","minimumRequiredApiVersion":"2.2.0","hasComponent":"false","hasUnlockedComponent":"false","isUnifiedRootApp":"false"},"properties":{"appVersion":"2021-03-10T08:56:02Z","lifeCycleId":"Published","createdByClientVersion":{"major":3,"minor":21024,"build":25,"revision":0,"majorRevision":0,"minorRevision":0},"minClientVersion":{"major":3,"minor":21024,"build":25,"revision":0,"majorRevision":0,"minorRevision":0},"backgroundColor":"rgba(0, 176, 240, 1)","backgroundImageUri":"/8612154934531849116/N3703ba6c-5342-4584-b43a-6e30b45b638c-logoSmallFile","displayName":"jobs","description":"","commitMessage":"","appUris":{"documentUri":{"value":"/8612154934531849116/N24622959-3cb2-40d0-aa32-ed0fd5c3ed05-document.msapp"},"imageUris":[]},"createdTime":"0001-01-01T00:00:00Z","lastModifiedTime":"0001-01-01T00:00:00Z","sharedGroupsCount":0,"sharedUsersCount":0,"icons":{"smallIconUri":"/8612154934531849116/N3d48a834-35f7-4b3c-9b94-60e2e1b13e74-small.png","mediumIconUri":"/8612154934531849116/N77d34185-b40f-448f-a976-d0c8948c547b-medium.png","largeIconUri":"/8612154934531849116/Nddcadf2d-b1b2-47fa-80c2-17c27320f08e-large.png","wideIconUri":"/8612154934531849116/N1addd642-0ac4-486c-9ca9-2a3f44c2caa1-wide.png"},"connectionReferences":{"3402941d-af3a-4682-8c83-ecd73cb44c78":{"id":"11a93981-676c-4606-a07f-edd11d7114a2","displayName":"SharePoint","iconUri":"https://connectoricons-prod.azureedge.net/releases/v1.0.1445/1.0.1445.2347/sharepointonline/icon.png","dataSources":["share_jobs"],"dependencies":[],"dependents":[],"parameterHints":{},"isOnPremiseConnection":false,"dataSets":{"https://amspecllc.sharepoint.com/sites/EuropeTeam/Croatia":{"dataSources":{"share_jobs":{"tableName":"49b3f4e1-9832-4502-8bc1-249bdb896db0"}}}},"apiTier":"Standard","isCustomApiConnection":false}},"databaseReferences":{},"almMode":"Environment","performanceOptimizationEnabled":true,"canConsumeAppPass":true,"executionRestrictions":{"isTeamsOnly":false,"dataLossPreventionEvaluationResult":{"status":"Compliant","lastEvaluationDate":"2021-03-10T08:56:13.3057306Z","violationDetails":[]}}},"isAppComponentLibrary":false,"appType":"ClassicCanvasApp","appComponents":[]}}