{"name":"43f411ac-4473-4740-a91e-689256c631b8","id":"/providers/Microsoft.Flow/flows/43f411ac-4473-4740-a91e-689256c631b8","type":"Microsoft.Flow/flows","properties":{"apiId":"/providers/Microsoft.PowerApps/apis/shared_logicflows","displayName":"Trade Information PowerBI Button -> Refresh a dataset","definition":{"metadata":{"workflowEntityId":null,"processAdvisorMetadata":null,"flowclientsuspensionreason":"None","flowclientsuspensiontime":null,"creator":{"id":"92b54cd9-a569-4d92-bca0-4f330d1ea600","type":"User","tenantId":"fddf0fb0-6be4-4e34-ace1-e795bc64c91f"},"provisioningMethod":"FromDefinition","failureAlertSubscription":true,"clientLastModifiedTime":"2022-05-19T05:26:24.3059732Z"},"$schema":"https://schema.management.azure.com/providers/Microsoft.Logic/schemas/2016-06-01/workflowdefinition.json#","contentVersion":"1.0.0.0","parameters":{"$connections":{"defaultValue":{},"type":"Object"},"$authentication":{"defaultValue":{},"type":"SecureObject"}},"triggers":{"manual":{"splitOn":"@triggerBody()['rows']","metadata":{"operationMetadataId":"a29bb861-db55-4aca-8d81-eb3798f24f5c"},"type":"Request","kind":"ApiConnection","inputs":{"schema":{"type":"object","properties":{},"required":[]},"host":{"connection":{"name":"@parameters('$connections')['shared_powerbi']['connectionId']"},"api":{"runtimeUrl":"https://flow-apim-msmanaged-na-eastus2-01.azure-apim.net/apim/powerbi"}},"operationId":"PowerBiButtonClicked","parameters":{"inputsPowerBiData":"{}","pbi_source":"powerAutomate"}}}},"actions":{"Refresh_a_dataset":{"runAfter":{},"metadata":{"operationMetadataId":"736aa3ad-7ec4-4d88-b234-d52b437289cb"},"type":"OpenApiConnection","inputs":{"host":{"apiId":"/providers/Microsoft.PowerApps/apis/shared_powerbi","connectionName":"shared_powerbi","operationId":"RefreshDataset"},"parameters":{"groupid":"57b2d9fb-cce9-4e77-a7fc-938521b074e1","datasetid":"4e36e768-d80c-44b7-8cd6-3f0a33779172"},"authentication":"@parameters('$authentication')"}},"Send_an_email_notification_(V3)":{"runAfter":{"Refresh_a_dataset":["Succeeded"]},"metadata":{"operationMetadataId":"ed4c6ee7-252c-4dd9-ae8a-626aeb43a4e8"},"type":"OpenApiConnection","inputs":{"host":{"apiId":"/providers/Microsoft.PowerApps/apis/shared_sendmail","connectionName":"shared_sendmail","operationId":"SendEmailV3"},"parameters":{"request/to":"Amr.Guenena@amspecgroup.com;","request/subject":"Trade Infomration has been refreshed","request/text":"<p>@{triggerOutputs()['headers']['x-ms-user-id']} refreshed teh trade information</p>"},"authentication":"@parameters('$authentication')"}}}},"connectionReferences":{"shared_powerbi":{"connectionName":"shared-powerbi-28bcace6-136f-4eab-affa-101a-13c871bb","source":"Embedded","id":"/providers/Microsoft.PowerApps/apis/shared_powerbi","tier":"NotSpecified"},"shared_sendmail":{"connectionName":"shared-sendmail-51e0f742-cdc7-4a4d-a543-f7fc-4003fa11","source":"Embedded","id":"/providers/Microsoft.PowerApps/apis/shared_sendmail","tier":"NotSpecified"}},"flowFailureAlertSubscribed":false,"isManaged":false}}