{"schemaVersion":"1.0","appDefinitionTemplate":{"id":"/providers/Microsoft.PowerApps/apps/","type":"Microsoft.PowerApps/apps","tags":{"primaryDeviceWidth":"1366","primaryDeviceHeight":"768","sienaVersion":"20220516T072957Z-3.22044.32.0","deviceCapabilities":"","supportsPortrait":"false","supportsLandscape":"true","primaryFormFactor":"Tablet","publisherVersion":"3.22044.32","minimumRequiredApiVersion":"2.2.0","hasComponent":"false","hasUnlockedComponent":"false","isUnifiedRootApp":"false"},"properties":{"appVersion":"2022-05-16T07:29:57Z","lifeCycleId":"Published","createdByClientVersion":{"major":3,"minor":22044,"build":32,"revision":0,"majorRevision":0,"minorRevision":0},"minClientVersion":{"major":3,"minor":22044,"build":32,"revision":0,"majorRevision":0,"minorRevision":0},"backgroundColor":"rgba(241, 244, 249, 1)","backgroundImageUri":"/17223112219304686372/N301319e3-99b8-473f-8e14-ec1c940f068c-logoSmallFile","displayName":"TICC IFIA Certificates RLS","description":"","commitMessage":"Changed Display name to be payroll name for Mexico, \nDisplay location in employee list\nFixed employee name in the certificate view/edit forms ","appUris":{"documentUri":{"value":"/17223112219304686372/N417ff639-404c-45e3-8d24-f789ddb35c1b-document.msapp"},"imageUris":[]},"createdTime":"0001-01-01T00:00:00Z","lastModifiedTime":"0001-01-01T00:00:00Z","sharedGroupsCount":0,"sharedUsersCount":0,"icons":{"smallIconUri":"/17223112219304686372/Nb26791c4-2626-4444-967f-63081458536b-small.png","mediumIconUri":"/17223112219304686372/Nb9624184-7f9a-4db4-b4f5-5203c0696733-medium.png","largeIconUri":"/17223112219304686372/N6a729110-e374-4a0b-af7f-2d70240d5dba-large.png","wideIconUri":"/17223112219304686372/Nd52e110b-8bc6-4258-b69e-90d6fc0d29a2-wide.png"},"connectionReferences":{"2ff6db4a-d69a-4b95-95bb-db37b8651bc8":{"id":"11a93981-676c-4606-a07f-edd11d7114a2","displayName":"SharePoint","iconUri":"https://connectoricons-prod.azureedge.net/releases/v1.0.1568/1.0.1568.2757/sharepointonline/icon.png","dataSources":["employee_certificates"],"dependencies":[],"dependents":[],"parameterHints":{},"parameterHintsV2":{},"isOnPremiseConnection":false,"bypassConsent":false,"dataSets":{"https://amspecllc.sharepoint.com/sites/AmSpecDirectory/":{"dataSources":{"employee_certificates":{"tableName":"3c74b013-13ef-40ba-959e-7b89ec2605c6"}}}},"apiTier":"Standard","isCustomApiConnection":false,"actions":["providers/PowerPlatform.Governance/Operations/Read"]},"fa736de1-c489-4b68-ad38-adb741e459fe":{"id":"11a93981-676c-4606-a07f-edd11d7114a2","displayName":"SharePoint","iconUri":"https://connectoricons-prod.azureedge.net/releases/v1.0.1568/1.0.1568.2757/sharepointonline/icon.png","dataSources":["inf_certificate_categories","inf_certificate_certBodies","inf_certificates","inf_certifyingBodies"],"dependencies":[],"dependents":[],"parameterHints":{},"parameterHintsV2":{},"isOnPremiseConnection":false,"bypassConsent":false,"dataSets":{"https://amspecllc.sharepoint.com/sites/AmSpecDirectory":{"dataSources":{"inf_certificate_categories":{"tableName":"9bdb80e7-c631-4549-8f8c-1b7afe22f17c"},"inf_certificate_certBodies":{"tableName":"9080f0c1-a43b-4276-8ec6-0eb97d83fc5b"},"inf_certificates":{"tableName":"fb39496c-d2ad-4230-b569-53bb052144fa"},"inf_certifyingBodies":{"tableName":"011ed2ac-b9b2-477f-8215-59e7e113d7f2"}}}},"apiTier":"Standard","isCustomApiConnection":false,"actions":["providers/PowerPlatform.Governance/Operations/Read"]},"90ac9843-d3d2-4904-b43b-9b09bfa10bab":{"id":"11a93981-676c-4606-a07f-edd11d7114a2","displayName":"SharePoint","iconUri":"https://connectoricons-prod.azureedge.net/releases/v1.0.1568/1.0.1568.2757/sharepointonline/icon.png","dataSources":["employees","inf_locations"],"dependencies":[],"dependents":[],"parameterHints":{},"parameterHintsV2":{},"isOnPremiseConnection":false,"bypassConsent":false,"dataSets":{"https://amspecllc.sharepoint.com/sites/AmSpecDirectory":{"dataSources":{"employees":{"tableName":"9e5d8603-273d-4a79-b02a-1a8e946557f3"},"inf_locations":{"tableName":"376d9929-69b4-4f6d-a72d-714236977a89"}}}},"apiTier":"Standard","isCustomApiConnection":false,"actions":["providers/PowerPlatform.Governance/Operations/Read"]},"febd891f-abfe-4a9d-ae65-6c64a75693f7":{"id":"11a93981-676c-4606-a07f-edd11d7114a2","displayName":"SharePoint","iconUri":"https://connectoricons-prod.azureedge.net/releases/v1.0.1568/1.0.1568.2757/sharepointonline/icon.png","dataSources":["RLS_Global","RLS_location"],"dependencies":[],"dependents":[],"parameterHints":{},"parameterHintsV2":{},"isOnPremiseConnection":false,"bypassConsent":false,"dataSets":{"https://amspecllc.sharepoint.com/sites/AmSpecDirectory":{"dataSources":{"RLS_Global":{"tableName":"dfc15711-aede-4780-aaa1-2220a709335d"},"RLS_location":{"tableName":"7729d8c0-23d1-438e-9c7f-65358770012f"}}}},"apiTier":"Standard","isCustomApiConnection":false,"actions":["providers/PowerPlatform.Governance/Operations/Read"]},"7cd4ace9-11f8-4559-aed9-286a7f7649a3":{"id":"11a93981-676c-4606-a07f-edd11d7114a2","displayName":"SharePoint","iconUri":"https://connectoricons-prod.azureedge.net/releases/v1.0.1568/1.0.1568.2757/sharepointonline/icon.png","dataSources":["inf_countries","RLS_country","RLS_Georegion","inf_georegion"],"dependencies":[],"dependents":[],"parameterHints":{},"parameterHintsV2":{},"isOnPremiseConnection":false,"bypassConsent":false,"dataSets":{"https://amspecllc.sharepoint.com/sites/AmSpecDirectory":{"dataSources":{"inf_countries":{"tableName":"inf_countries"},"RLS_country":{"tableName":"3f0c78c3-1f68-489d-bc26-4643387178bf"},"RLS_Georegion":{"tableName":"1ed73b29-d25a-49be-bc93-d508511b8f27"},"inf_georegion":{"tableName":"e2bc5f24-42f2-4040-a931-f01b9fbc5b36"}}}},"apiTier":"Standard","isCustomApiConnection":false,"actions":["providers/PowerPlatform.Governance/Operations/Read"]}},"databaseReferences":{},"almMode":"Environment","performanceOptimizationEnabled":true,"canConsumeAppPass":true,"executionRestrictions":{"isTeamsOnly":false,"dataLossPreventionEvaluationResult":{"status":"Compliant","lastEvaluationDate":"2022-04-06T11:16:58.0036527Z","violations":[],"violationsByPolicy":[],"violationErrorMessage":"The app uses the following connectors: shared_sharepointonline."}}},"appType":"ClassicCanvasApp","appComponents":[]}}