{"schemaVersion":"1.0","appDefinitionTemplate":{"id":"/providers/Microsoft.PowerApps/apps/","type":"Microsoft.PowerApps/apps","tags":{"primaryDeviceWidth":"1024","primaryDeviceHeight":"768","sienaVersion":"20211222T163713Z-3.21115.37.0","deviceCapabilities":"","supportsPortrait":"false","supportsLandscape":"true","primaryFormFactor":"Tablet","publisherVersion":"3.21115.37","minimumRequiredApiVersion":"2.2.0","hasComponent":"false","hasUnlockedComponent":"false","isUnifiedRootApp":"false"},"properties":{"appVersion":"2021-12-22T16:37:13Z","lifeCycleId":"Published","createdByClientVersion":{"major":3,"minor":21115,"build":37,"revision":0,"majorRevision":0,"minorRevision":0},"minClientVersion":{"major":3,"minor":21115,"build":37,"revision":0,"majorRevision":0,"minorRevision":0},"backgroundColor":"RGBA(0,176,240,1)","backgroundImageUri":"/4301638224215598685/Ne041dc9b-5f89-459c-8a82-4324b651566c-logoSmallFile","displayName":"Inventory Management Labs","description":"","commitMessage":"","appUris":{"documentUri":{"value":"/4301638224215598685/Na273faa4-bd48-4210-a4ff-45a1a58ec8bd-document.msapp"},"imageUris":[]},"createdTime":"0001-01-01T00:00:00Z","lastModifiedTime":"0001-01-01T00:00:00Z","sharedGroupsCount":0,"sharedUsersCount":0,"icons":{"smallIconUri":"/4301638224215598685/N50e3188e-ca90-4456-a8bd-dc686bfc4288-small.png","mediumIconUri":"/4301638224215598685/N24f30f07-5799-4818-9621-d33b92e70ed8-medium.png","largeIconUri":"/4301638224215598685/Na5ba729b-6c4b-4317-8dc6-a442647e17cb-large.png","wideIconUri":"/4301638224215598685/Ne858d17a-dbeb-470a-aaf8-559043d78e54-wide.png"},"connectionReferences":{},"databaseReferences":{},"almMode":"Environment","performanceOptimizationEnabled":true,"canConsumeAppPass":true,"executionRestrictions":{"isTeamsOnly":false,"dataLossPreventionEvaluationResult":{"status":"Compliant","lastEvaluationDate":"2021-12-22T16:37:29.0556039Z","violations":[],"violationsByPolicy":[],"violationErrorMessage":"The app uses the following connectors: ."}}},"appType":"ClassicCanvasApp","appComponents":[]}}