{"name":"7b0cda1d-109e-45a5-a360-7ce5f00090bf","id":"/providers/Microsoft.Flow/flows/7b0cda1d-109e-45a5-a360-7ce5f00090bf","type":"Microsoft.Flow/flows","properties":{"apiId":"/providers/Microsoft.PowerApps/apis/shared_logicflows","displayName":"Copy of - Button -> Refresh Singapore Ops Lab Board","definition":{"metadata":{"workflowEntityId":null,"processAdvisorMetadata":null,"flowclientsuspensionreason":"None","flowclientsuspensiontime":null,"creator":{"id":"db8409d5-4e0b-4f5a-8c5e-d585c897b84e","type":"User","tenantId":"fddf0fb0-6be4-4e34-ace1-e795bc64c91f"},"provisioningMethod":"FromDefinition","failureAlertSubscription":true,"clientLastModifiedTime":"2022-04-07T01:20:45.4371935Z"},"$schema":"https://schema.management.azure.com/providers/Microsoft.Logic/schemas/2016-06-01/workflowdefinition.json#","contentVersion":"1.0.0.0","parameters":{"$connections":{"defaultValue":{},"type":"Object"},"$authentication":{"defaultValue":{},"type":"SecureObject"}},"triggers":{"manual":{"metadata":{"operationMetadataId":"25443ce0-129e-4891-8335-c78500267519"},"type":"Request","kind":"Button","inputs":{"schema":{"type":"object","properties":{},"required":[]}}}},"actions":{"Refresh_Ops_Lab_Boards":{"runAfter":{},"metadata":{"operationMetadataId":"36741541-483a-449d-adab-c6b68b53a8f5"},"type":"OpenApiConnection","inputs":{"host":{"apiId":"/providers/Microsoft.PowerApps/apis/shared_powerbi","connectionName":"shared_powerbi","operationId":"RefreshDataset"},"parameters":{"groupid":"d8f65d04-6015-4475-a149-e2e49977fbb3","datasetid":"1923e250-4f6e-4a57-a13a-774408ad028f"},"authentication":{"value":"@json(decodeBase64(triggerOutputs().headers['X-MS-APIM-Tokens']))['$ConnectionKey']","type":"Raw"}}}},"outputs":{},"description":"This is the force refresh Singapore Lab Board refresh"},"connectionReferences":{"shared_powerbi":{"connectionName":"shared-powerbi-d7629d9a-54f5-48b1-a2fb-16f695b12701","source":"Invoker","id":"/providers/Microsoft.PowerApps/apis/shared_powerbi","tier":"NotSpecified"}},"flowFailureAlertSubscribed":false,"isManaged":false}}