{"name":"f1468bfb-1328-4458-a671-5ffa6d12f73d","id":"/providers/Microsoft.Flow/flows/f1468bfb-1328-4458-a671-5ffa6d12f73d","type":"Microsoft.Flow/flows","properties":{"apiId":"/providers/Microsoft.PowerApps/apis/shared_logicflows","displayName":"Update_Employee_CalcId","definition":{"metadata":{"workflowEntityId":null,"processAdvisorMetadata":null,"flowclientsuspensionreason":"None","flowclientsuspensiontime":null,"creator":{"id":"92b54cd9-a569-4d92-bca0-4f330d1ea600","type":"User","tenantId":"fddf0fb0-6be4-4e34-ace1-e795bc64c91f"},"provisioningMethod":"FromDefinition","failureAlertSubscription":true,"clientLastModifiedTime":"2021-11-13T10:47:02.0114382Z"},"$schema":"https://schema.management.azure.com/providers/Microsoft.Logic/schemas/2016-06-01/workflowdefinition.json#","contentVersion":"1.0.0.0","parameters":{"$connections":{"defaultValue":{},"type":"Object"},"$authentication":{"defaultValue":{},"type":"SecureObject"}},"triggers":{"When_an_item_is_created":{"recurrence":{"frequency":"Minute","interval":5},"splitOn":"@triggerOutputs()?['body/value']","metadata":{"operationMetadataId":"9ecfd176-fb76-4da1-9775-58da336c3b44"},"type":"OpenApiConnection","inputs":{"host":{"apiId":"/providers/Microsoft.PowerApps/apis/shared_sharepointonline","connectionName":"shared_sharepointonline","operationId":"GetOnNewItems"},"parameters":{"dataset":"https://amspecllc.sharepoint.com/sites/AmSpecDirectory","table":"9e5d8603-273d-4a79-b02a-1a8e946557f3","view":"ef17face-3b1a-4982-a4ce-78f7b0b9b526"},"authentication":"@parameters('$authentication')"}}},"actions":{"Update_item":{"runAfter":{},"metadata":{"operationMetadataId":"8a537e9c-0f64-42ff-8013-fd77b1ffc078"},"type":"OpenApiConnection","inputs":{"host":{"apiId":"/providers/Microsoft.PowerApps/apis/shared_sharepointonline","connectionName":"shared_sharepointonline","operationId":"PatchItem"},"parameters":{"dataset":"https://amspecllc.sharepoint.com/sites/AmSpecDirectory","table":"employees","id":"@triggerOutputs()?['body/ID']","item/First_x0020_Name":"@triggerOutputs()?['body/First_x0020_Name']","item/Last_x0020_Name":"@triggerOutputs()?['body/Last_x0020_Name']","item/Employee_x0020_HR_x0020_Id":"@triggerOutputs()?['body/Employee_x0020_HR_x0020_Id']","item/Work_x0020_Email":"@triggerOutputs()?['body/Work_x0020_Email']","item/IDcalc":"@triggerOutputs()?['body/ID']"},"authentication":"@parameters('$authentication')"}}}},"connectionReferences":{"shared_sharepointonline":{"connectionName":"a4ec9f1c9440458e811068e4ca62ebb8","source":"Embedded","id":"/providers/Microsoft.PowerApps/apis/shared_sharepointonline","tier":"NotSpecified"}},"flowFailureAlertSubscribed":false,"isManaged":false}}