{"name":"ad8f6cc2-c2cd-49e2-b3d8-2da6ffedf793","id":"/providers/Microsoft.Flow/flows/ad8f6cc2-c2cd-49e2-b3d8-2da6ffedf793","type":"Microsoft.Flow/flows","properties":{"apiId":"/providers/Microsoft.PowerApps/apis/shared_logicflows","displayName":"Azure update AIMS MD from MDM database","definition":{"metadata":{"workflowEntityId":null,"processAdvisorMetadata":null,"flowclientsuspensionreason":"None","flowclientsuspensiontime":null,"creator":{"id":"92b54cd9-a569-4d92-bca0-4f330d1ea600","type":"User","tenantId":"fddf0fb0-6be4-4e34-ace1-e795bc64c91f"},"provisioningMethod":"FromDefinition","failureAlertSubscription":true,"clientLastModifiedTime":"2021-10-29T17:55:47.6580105Z"},"$schema":"https://schema.management.azure.com/providers/Microsoft.Logic/schemas/2016-06-01/workflowdefinition.json#","contentVersion":"1.0.0.0","parameters":{"$connections":{"defaultValue":{},"type":"Object"},"$authentication":{"defaultValue":{},"type":"SecureObject"}},"triggers":{"manual":{"type":"Request","kind":"Button","inputs":{"schema":{"type":"object","properties":{},"required":[]}}}},"actions":{"Get_rows_(V2)":{"runAfter":{},"type":"OpenApiConnection","inputs":{"host":{"apiId":"/providers/Microsoft.PowerApps/apis/shared_sql","connectionName":"shared_sql","operationId":"GetItems_V2"},"parameters":{"server":"default","database":"default","table":"[dbo].[MD_location_AIMS]"},"authentication":{"value":"@json(decodeBase64(triggerOutputs().headers['X-MS-APIM-Tokens']))['$ConnectionKey']","type":"Raw"}},"runtimeConfiguration":{"paginationPolicy":{"minimumItemCount":1000}}},"Apply_to_each":{"foreach":"@outputs('Get_rows_(V2)')?['body/value']","actions":{"Insert_row_(V2)":{"runAfter":{},"type":"OpenApiConnection","inputs":{"host":{"apiId":"/providers/Microsoft.PowerApps/apis/shared_sql","connectionName":"shared_sql_1","operationId":"PostItem_V2"},"parameters":{"server":"default","database":"default","table":"md.MD_location_AIMS","item/AIMS_sOfficeId":"@items('Apply_to_each')?['AIMS_sOfficeId']","item/office_name":"@items('Apply_to_each')?['office_name']","item/description":"@items('Apply_to_each')?['description']","item/head":"@items('Apply_to_each')?['head']","item/active_YN":"@items('Apply_to_each')?['active_YN']","item/office_number":"@items('Apply_to_each')?['office_number']","item/office_Snumber":"@items('Apply_to_each')?['office_Snumber']","item/legal_entity":"@items('Apply_to_each')?['legal_entity']","item/geo_region":"@items('Apply_to_each')?['geo_region']","item/epa_number":"@items('Apply_to_each')?['epa_number']","item/country_code":"@items('Apply_to_each')?['country_code']","item/GeoRegion":"@items('Apply_to_each')?['GeoRegion']","item/TimeZone":"@items('Apply_to_each')?['TimeZone']","item/TimeZoneAbbr":"@items('Apply_to_each')?['TimeZoneAbbr']","item/UTCOffsetST":"@items('Apply_to_each')?['UTCOffsetST']","item/UTCOffsetDT":"@items('Apply_to_each')?['UTCOffsetDT']","item/SummerTimeStarts":"@items('Apply_to_each')?['SummerTimeStarts']","item/SummerTimeEnds":"@items('Apply_to_each')?['SummerTimeEnds']"},"authentication":{"value":"@json(decodeBase64(triggerOutputs().headers['X-MS-APIM-Tokens']))['$ConnectionKey']","type":"Raw"}}}},"runAfter":{"Get_rows_(V2)":["Succeeded"]},"type":"Foreach"}},"outputs":{},"description":"When an item is created in a SQL table, post message to Microsoft Teams."},"connectionReferences":{"shared_sql_1":{"connectionName":"8484ae026d2a4784afb53c7e64104bc8","source":"Invoker","id":"/providers/Microsoft.PowerApps/apis/shared_sql","tier":"NotSpecified"},"shared_sql":{"connectionName":"513e69ce7f0047d8a07a49d40610c711","source":"Invoker","id":"/providers/Microsoft.PowerApps/apis/shared_sql","tier":"NotSpecified"}},"flowFailureAlertSubscribed":false,"isManaged":false}}