{"schemaVersion":"1.0","appDefinitionTemplate":{"id":"/providers/Microsoft.PowerApps/apps/","type":"Microsoft.PowerApps/apps","tags":{"primaryDeviceWidth":"640","primaryDeviceHeight":"1136","sienaVersion":"20181203T190802Z-3.18112.22.0","deviceCapabilities":"","supportsPortrait":"true","supportsLandscape":"false","primaryFormFactor":"Phone","publisherVersion":"3.18112.22","minimumRequiredApiVersion":"2.2.0"},"properties":{"appVersion":"2018-12-03T19:08:02Z","lifeCycleId":"Published","createdByClientVersion":{"major":3,"minor":18112,"build":22,"revision":0,"majorRevision":0,"minorRevision":0},"minClientVersion":{"major":3,"minor":18112,"build":22,"revision":0,"majorRevision":0,"minorRevision":0},"backgroundColor":"rgba(0, 176, 240, 1)","backgroundImageUri":"/1070255902327147980/N60cf1d90-12ff-444a-bee4-4994ca104eda-logoSmallFile","displayName":"Aplikacija test","description":"","appUris":{"documentUri":{"value":"/1070255902327147980/N2b86f325-409b-49ed-9ba9-ad9693acd032-document.msapp"},"imageUris":[]},"createdTime":"0001-01-01T00:00:00Z","lastModifiedTime":"0001-01-01T00:00:00Z","sharedGroupsCount":0,"sharedUsersCount":0,"icons":{"smallIconUri":"/1070255902327147980/Nb1df6108-40a3-4184-bfb1-1ac5553234ea-small.png","mediumIconUri":"/1070255902327147980/Na5b7874e-f231-4b64-a2f6-b4af433f939a-medium.png","largeIconUri":"/1070255902327147980/N006e72eb-9121-4988-adf9-6cd0035eded4-large.png","wideIconUri":"/1070255902327147980/Nb8273345-b20e-4e5b-aa8f-e96eb87f21d1-wide.png"},"connectionReferences":{"e2945ee3-00de-4837-9653-5b75776275d7":{"id":"56ff5316-ad67-4696-b9b6-cc4e05859209","displayName":"Excel","iconUri":"https://connectoricons-prod.azureedge.net/excel/icon_1.0.1018.1190.png","dataSources":["Tablica3"],"dependencies":["1bddf139-f361-4781-a539-72f4763e541e"],"dependents":[],"parameterHints":{"1bddf139-f361-4781-a539-72f4763e541e":{"value":"fileSource"}},"isOnPremiseConnection":false,"bypassConsent":false,"dataSets":{"D82B3A8574194C20!1397":{"dataSources":{"Tablica3":{"tableName":"Tablica3"}}}},"apiTier":"Standard","isCustomApiConnection":false},"1bddf139-f361-4781-a539-72f4763e541e":{"id":"8121933e-9e81-4f24-88f2-5bcf2f1a8d76","displayName":"OneDrive","iconUri":"https://connectoricons-prod.azureedge.net/onedrive/icon_1.0.1046.1227.png","dataSources":[],"dependencies":[],"dependents":["e2945ee3-00de-4837-9653-5b75776275d7"],"parameterHints":{},"isOnPremiseConnection":false,"bypassConsent":false,"dataSets":{},"apiTier":"Standard","isCustomApiConnection":false}},"databaseReferences":{},"almMode":"Environment","performanceOptimizationEnabled":true,"executionRestrictions":{"isTeamsOnly":false,"dataLossPreventionEvaluationResult":{"status":"Compliant","lastEvaluationDate":"2020-10-27T21:31:46.4942677Z","violationDetails":[]}}},"appType":"ClassicCanvasApp","appComponents":[]}}