{"name":"dae43be1-666e-4055-b032-37a6b7f9612a","id":"/providers/Microsoft.Flow/flows/dae43be1-666e-4055-b032-37a6b7f9612a","type":"Microsoft.Flow/flows","properties":{"apiId":"/providers/Microsoft.PowerApps/apis/shared_logicflows","displayName":"Quand un fichier est ajouté ou modifié (propriétés uniquement) -> E...","definition":{"metadata":{"workflowEntityId":null,"processAdvisorMetadata":null,"flowclientsuspensionreason":"AllActionsFailingDetected","flowclientsuspensiontime":"2022-04-16T21:26:30.6745288Z","creator":{"id":"d883cf26-a52a-4275-8731-1d05bdf0689c","type":"User","tenantId":"fddf0fb0-6be4-4e34-ace1-e795bc64c91f"},"provisioningMethod":"FromDefinition","failureAlertSubscription":true,"clientLastModifiedTime":"2022-02-15T14:17:12.3865445Z"},"$schema":"https://schema.management.azure.com/providers/Microsoft.Logic/schemas/2016-06-01/workflowdefinition.json#","contentVersion":"1.0.0.0","parameters":{"$connections":{"defaultValue":{},"type":"Object"},"$authentication":{"defaultValue":{},"type":"SecureObject"}},"triggers":{"Quand_un_fichier_est_ajouté_ou_modifié_(propriétés_uniquement)":{"recurrence":{"frequency":"Minute","interval":1},"splitOn":"@triggerOutputs()?['body/value']","metadata":{"operationMetadataId":"35ee37ca-7698-42a9-bf62-9fdf6b470aa1"},"type":"OpenApiConnection","inputs":{"host":{"apiId":"/providers/Microsoft.PowerApps/apis/shared_sharepointonline","connectionName":"shared_sharepointonline","operationId":"GetOnUpdatedFileItems"},"parameters":{"dataset":"https://amspecllc.sharepoint.com/sites/EuropeTeam/Morocco","table":"76394b4f-3cfb-4288-b3fd-fdc676c41a20","folderPath":"/Morocco Quality Management System/Analyses laboratoire","view":"f61a79b7-14ee-4633-be8c-8cb200c98a57"},"authentication":"@parameters('$authentication')"}}},"actions":{"Envoyer_une_notification_par_e-mail_(V3)":{"runAfter":{"Obtenir_les_métadonnées_du_fichier":["Succeeded"]},"metadata":{"operationMetadataId":"45bde779-55a2-4708-832a-a62d286e731e"},"type":"OpenApiConnection","inputs":{"host":{"apiId":"/providers/Microsoft.PowerApps/apis/shared_sendmail","connectionName":"shared_sendmail","operationId":"SendEmailV3"},"parameters":{"request/to":"@{triggerOutputs()?['body/Editor/Email']};","request/subject":"Le fichier @{triggerOutputs()?['body/{Name}']} a bien été soumis pour approbation. ","request/text":"<p>Le document @{triggerOutputs()?['body/{Name}']} a été soumis pour approbation. Son état d'approbation acutel est:@{triggerOutputs()?['body/{ModerationStatus}']}. Vous serez tenu informé tout au long du cycle d'approbation.</p>"},"authentication":"@parameters('$authentication')"}},"Démarrer_et_attendre_une_approbation":{"runAfter":{"Envoyer_une_notification_par_e-mail_(V3)":["Succeeded"]},"metadata":{"operationMetadataId":"f8e9a5e8-614b-4ed1-a270-1c481e6835e9"},"type":"OpenApiConnectionWebhook","inputs":{"host":{"apiId":"/providers/Microsoft.PowerApps/apis/shared_approvals","connectionName":"shared_approvals","operationId":"StartAndWaitForAnApproval"},"parameters":{"approvalType":"Basic","WebhookApprovalCreationInput/title":"Vérification d'information documentée du SMQ : \"@{triggerOutputs()?['body/{Name}']}\"","WebhookApprovalCreationInput/assignedTo":"Siham.Selki@amspecgroup.com;","WebhookApprovalCreationInput/details":"Le document  @{triggerOutputs()?['body/{Name}']}  a été soumis pour vérification par @{triggerOutputs()?['body/Editor/DisplayName']}. La dernière modification réalisée est le @{outputs('Obtenir_les_métadonnées_du_fichier')?['body/LastModified']}.\n\nVeuillez vérifier le contenu de l'information documentée Si approuvée, l'information documentée passera à la phase d'approbation de la forme.","WebhookApprovalCreationInput/itemLink":"@triggerOutputs()?['body/{Link}']","WebhookApprovalCreationInput/enableNotifications":true,"WebhookApprovalCreationInput/enableReassignment":true},"authentication":"@parameters('$authentication')"}},"Condition":{"actions":{"Démarrer_et_attendre_une_approbation_2":{"runAfter":{},"metadata":{"operationMetadataId":"8bb9fffc-73ed-4c15-8899-ecbd7c0267cc"},"type":"OpenApiConnectionWebhook","inputs":{"host":{"apiId":"/providers/Microsoft.PowerApps/apis/shared_approvals","connectionName":"shared_approvals","operationId":"StartAndWaitForAnApproval"},"parameters":{"approvalType":"Basic","WebhookApprovalCreationInput/title":"Approbation d'information documentée du SMQ : \"@{triggerOutputs()?['body/{Name}']}\"","WebhookApprovalCreationInput/assignedTo":"Znagui.Youssef@amspecgroup.com;","WebhookApprovalCreationInput/details":"Le document  @{triggerOutputs()?['body/{Name}']}  a été soumis pour vérification par @{triggerOutputs()?['body/Editor/DisplayName']}. La dernière modification réalisée est le @{outputs('Obtenir_les_métadonnées_du_fichier')?['body/LastModified']}. Ce document a réussi l'étape de vérification et nécessite une approbation de forme avant d'être publié.\n\n","WebhookApprovalCreationInput/itemLink":"@outputs('Démarrer_et_attendre_une_approbation')?['body/itemLink']","WebhookApprovalCreationInput/enableNotifications":true,"WebhookApprovalCreationInput/enableReassignment":true},"authentication":"@parameters('$authentication')"}},"Condition_2":{"actions":{"Envoyer_une_notification_par_e-mail_(V3)_2":{"runAfter":{"Définir_le_statut_d'approbation_du_contenu_4":["Succeeded"]},"metadata":{"operationMetadataId":"9fed782d-890e-4791-84a3-97828da1dc7d"},"type":"OpenApiConnection","inputs":{"host":{"apiId":"/providers/Microsoft.PowerApps/apis/shared_sendmail","connectionName":"shared_sendmail","operationId":"SendEmailV3"},"parameters":{"request/to":"@triggerOutputs()?['body/Editor/Email']","request/subject":"Phase 2: Statut d'approbation de l'information documentée \"@{outputs('Obtenir_les_métadonnées_du_fichier')?['body/Name']} \" - Approuvé","request/text":"<p>Félicitations, le document que vous avez émis a été approuvé sur la forme et le fond.</p>"},"authentication":"@parameters('$authentication')"}},"Définir_le_statut_d'approbation_du_contenu_4":{"runAfter":{},"metadata":{"operationMetadataId":"5fd37ccf-6783-4812-9522-3da121d744ac"},"type":"OpenApiConnection","inputs":{"host":{"apiId":"/providers/Microsoft.PowerApps/apis/shared_sharepointonline","connectionName":"shared_sharepointonline","operationId":"SetApprovalStatus"},"parameters":{"dataset":"https://amspecllc.sharepoint.com/sites/EuropeTeam/Morocco","table":"76394b4f-3cfb-4288-b3fd-fdc676c41a20","id":"@triggerOutputs()?['body/ID']","approvalAction":"Approve","comments":""},"authentication":"@parameters('$authentication')"}},"Envoyer_une_notification_par_e-mail_(V3)_6":{"runAfter":{"Envoyer_une_notification_par_e-mail_(V3)_2":["Succeeded"]},"metadata":{"operationMetadataId":"77c30325-6c21-4032-9930-3cb4b62eeb5b"},"type":"OpenApiConnection","inputs":{"host":{"apiId":"/providers/Microsoft.PowerApps/apis/shared_sendmail","connectionName":"shared_sendmail","operationId":"SendEmailV3"},"parameters":{"request/to":"Gharbi.Ayoub@amspecgroup.com;Khaoula.Souag@amspecgroup.com;Tassi.Abderrazzak@amspecgroup.com;Mondher.Taarabit@amspecgroup.com;Siham.Selki@amspecgroup.com;Hanan.Amazdaou@amspecgroup.com;Znagui.Youssef@amspecgroup.com;","request/subject":"Diffusion d'information documentée / @{triggerOutputs()?['body/{Name}']} / Version @{triggerOutputs()?['body/{VersionNumber}']}","request/text":"<p>Bonjour à tous,<br>\n<br>\nL'information documentée \"@{triggerOutputs()?['body/{Name}']}\" version @{triggerOutputs()?['body/{VersionNumber}']}a validé le cycle d'approbation et vous est diffusée. S'il s'agit d'une nouvelle version, cette dernière annule et remplace la précédente. <br>\n<br>\nVoici le lien de la nouvelle version sur SharePoint: <br>\n@{triggerOutputs()?['body/{Link}']}</p>"},"authentication":"@parameters('$authentication')"}}},"runAfter":{"Envoyer_une_notification_par_e-mail_(V3)_3":["Succeeded"]},"else":{"actions":{"Définir_le_statut_d'approbation_du_contenu_3":{"runAfter":{},"metadata":{"operationMetadataId":"cd268e40-d433-48e0-a05b-62cad1664e3b"},"type":"OpenApiConnection","inputs":{"host":{"apiId":"/providers/Microsoft.PowerApps/apis/shared_sharepointonline","connectionName":"shared_sharepointonline","operationId":"SetApprovalStatus"},"parameters":{"dataset":"https://amspecllc.sharepoint.com/sites/EuropeTeam/Morocco","table":"76394b4f-3cfb-4288-b3fd-fdc676c41a20","id":"@triggerOutputs()?['body/ID']","approvalAction":"Reject","comments":"","entityTag":"@outputs('Obtenir_les_métadonnées_du_fichier')?['body/ETag']"},"authentication":"@parameters('$authentication')"}},"Envoyer_une_notification_par_e-mail_(V3)_5":{"runAfter":{"Définir_le_statut_d'approbation_du_contenu_3":["Succeeded"]},"metadata":{"operationMetadataId":"0c77b3c8-6b9e-495a-96e9-0e5dca11c5f6"},"type":"OpenApiConnection","inputs":{"host":{"apiId":"/providers/Microsoft.PowerApps/apis/shared_sendmail","connectionName":"shared_sendmail","operationId":"SendEmailV3"},"parameters":{"request/to":"@{triggerOutputs()?['body/Editor/Email']};","request/subject":"Phase 2: Statut d'approbation de l'information documentée \"@{outputs('Obtenir_les_métadonnées_du_fichier')?['body/Name']} \" - Rejeté","request/text":"<p>Malheureusement, l'information documentée que vous avez soumise n'a pas été approuvé sur la forme.<br>\n<br>\nMerci de réaliser les corrections mentionnées sur commentaire et de réémettre pour approbation.</p>"},"authentication":"@parameters('$authentication')"}}}},"expression":{"equals":["@outputs('Démarrer_et_attendre_une_approbation_2')?['body/outcome']","Approve"]},"metadata":{"operationMetadataId":"cb2921e0-2f71-4ce5-920d-aef098471740"},"type":"If"},"Envoyer_une_notification_par_e-mail_(V3)_3":{"runAfter":{"Démarrer_et_attendre_une_approbation_2":["Succeeded"]},"metadata":{"operationMetadataId":"4ff271c8-a574-44bd-931e-fce64914a336"},"type":"OpenApiConnection","inputs":{"host":{"apiId":"/providers/Microsoft.PowerApps/apis/shared_sendmail","connectionName":"shared_sendmail","operationId":"SendEmailV3"},"parameters":{"request/to":"@{triggerOutputs()?['body/Editor/Email']};","request/subject":"Phase 1: Statut de vérification de l'information documentée \"@{outputs('Obtenir_les_métadonnées_du_fichier')?['body/Name']} \" - Réussie","request/text":"<p>Félicitations, le document que vous avez émis a été approuvé sur le fond. Il passera a présent à la phase d'approbation sur la forme.</p>"},"authentication":"@parameters('$authentication')"}}},"runAfter":{"Démarrer_et_attendre_une_approbation":["Succeeded"]},"else":{"actions":{"Définir_le_statut_d'approbation_du_contenu_2":{"runAfter":{},"metadata":{"operationMetadataId":"02bfe77a-bfbc-4ff4-ac95-e40db091661e"},"type":"OpenApiConnection","inputs":{"host":{"apiId":"/providers/Microsoft.PowerApps/apis/shared_sharepointonline","connectionName":"shared_sharepointonline","operationId":"SetApprovalStatus"},"parameters":{"dataset":"https://amspecllc.sharepoint.com/sites/EuropeTeam/Morocco","table":"76394b4f-3cfb-4288-b3fd-fdc676c41a20","id":"@triggerOutputs()?['body/ID']","approvalAction":"Reject","comments":"","entityTag":"@outputs('Obtenir_les_métadonnées_du_fichier')?['body/ETag']"},"authentication":"@parameters('$authentication')"}},"Envoyer_une_notification_par_e-mail_(V3)_4":{"runAfter":{"Définir_le_statut_d'approbation_du_contenu_2":["Succeeded"]},"metadata":{"operationMetadataId":"54e7bf6c-69d2-44d7-84c6-7e76b0b3363d"},"type":"OpenApiConnection","inputs":{"host":{"apiId":"/providers/Microsoft.PowerApps/apis/shared_sendmail","connectionName":"shared_sendmail","operationId":"SendEmailV3"},"parameters":{"request/to":"@{triggerOutputs()?['body/Editor/Email']};","request/subject":"Phase 1: Statut de vérification de l'information documentée \"@{outputs('Obtenir_les_métadonnées_du_fichier')?['body/Name']} \" - Rejeté","request/text":"<p>Maleureusement, l'information documentée que vous avez soumise n'a pas été approuvée sur le fond. Veuillez consulter les commentaires relatifs à cette décision et de procéder aux corrections si nécessaire.</p>"},"authentication":"@parameters('$authentication')"}}}},"expression":{"equals":["@outputs('Démarrer_et_attendre_une_approbation')?['body/outcome']","Approve"]},"metadata":{"operationMetadataId":"fa29eec2-6a68-41e4-b6e9-2840b22fb757"},"type":"If"},"Obtenir_les_métadonnées_du_fichier":{"runAfter":{},"metadata":{"operationMetadataId":"27dea998-3a69-4aec-8f3b-2d0fa6256c6d"},"type":"OpenApiConnection","inputs":{"host":{"apiId":"/providers/Microsoft.PowerApps/apis/shared_sharepointonline","connectionName":"shared_sharepointonline","operationId":"GetFileMetadata"},"parameters":{"dataset":"https://amspecllc.sharepoint.com/sites/EuropeTeam/Morocco","id":"@triggerOutputs()?['body/{Identifier}']"},"authentication":"@parameters('$authentication')"}}}},"connectionReferences":{"shared_sendmail":{"connectionName":"shared-sendmail-1c6bee2b-72ec-4eb8-8e6b-3b34-6a3d7a39","source":"Embedded","id":"/providers/Microsoft.PowerApps/apis/shared_sendmail","tier":"NotSpecified"},"shared_approvals":{"connectionName":"31cacbd3f7ac44a9a21d488bfad157df","source":"Embedded","id":"/providers/Microsoft.PowerApps/apis/shared_approvals","tier":"NotSpecified"},"shared_sharepointonline":{"connectionName":"6406096f55fd401fbb02c1650b6cc63c","source":"Embedded","id":"/providers/Microsoft.PowerApps/apis/shared_sharepointonline","tier":"NotSpecified"}},"flowFailureAlertSubscribed":false,"isManaged":false}}