{"schemaVersion":"1.0","appDefinitionTemplate":{"id":"/providers/Microsoft.PowerApps/apps/","type":"Microsoft.PowerApps/apps","tags":{"sp-site-id":"https://amspecllc-my.sharepoint.com/personal/znagui_youssef_amspecgroup_com","sp-list-id":"9fdb7f04-20b8-4345-abeb-d866f790679a","https://amspecllc-my.sharepoint.com/personal/znagui_youssef_amspecgroup_com":"9fdb7f04-20b8-4345-abeb-d866f790679a","primaryDeviceWidth":"640","primaryDeviceHeight":"1136","sienaVersion":"20210623T100732Z-3.21061.19.0","deviceCapabilities":"","supportsPortrait":"true","supportsLandscape":"true","primaryFormFactor":"Phone","publisherVersion":"3.21061.19","minimumRequiredApiVersion":"2.2.0","hasComponent":"false","hasUnlockedComponent":"false","isUnifiedRootApp":"false"},"properties":{"appVersion":"2021-06-23T10:07:32Z","lifeCycleId":"Published","createdByClientVersion":{"major":3,"minor":21061,"build":19,"revision":0,"majorRevision":0,"minorRevision":0},"minClientVersion":{"major":3,"minor":21061,"build":19,"revision":0,"majorRevision":0,"minorRevision":0},"backgroundColor":"rgba(0, 176, 240, 1)","backgroundImageUri":"/10304557736490269188/N7c889cd0-835d-4994-b84e-002a784d7032-logoSmallFile","displayName":"Suivi des consommables","description":"","commitMessage":"","appUris":{"documentUri":{"value":"/10304557736490269188/N01dd29dd-94f7-411e-ab0b-2e0e698b4bf9-document.msapp"},"imageUris":[]},"createdTime":"0001-01-01T00:00:00Z","lastModifiedTime":"0001-01-01T00:00:00Z","sharedGroupsCount":0,"sharedUsersCount":0,"icons":{"smallIconUri":"/10304557736490269188/Nb44c4fb7-8a82-44c4-afd8-84f88c999311-small.png","mediumIconUri":"/10304557736490269188/Ncaf7c83f-eb95-48f1-8ac0-c8d22c367d34-medium.png","largeIconUri":"/10304557736490269188/N6a706347-c999-44d7-8f1f-5da7bba0fa60-large.png","wideIconUri":"/10304557736490269188/Naa784c68-7832-4e07-bc4a-51d44b18ab92-wide.png"},"connectionReferences":{"2f0109bf-f1f0-4cf2-b0e8-cf5d9099c666":{"id":"11a93981-676c-4606-a07f-edd11d7114a2","displayName":"SharePoint","iconUri":"https://connectoricons-prod.azureedge.net/releases/v1.0.1472/1.0.1472.2427/sharepointonline/icon.png","dataSources":["Suivi des consommables"],"dependencies":[],"dependents":[],"parameterHints":{},"parameterHintsV2":{},"isOnPremiseConnection":false,"dataSets":{"https://amspecllc-my.sharepoint.com/personal/znagui_youssef_amspecgroup_com":{"dataSources":{"Suivi des consommables":{"tableName":"9fdb7f04-20b8-4345-abeb-d866f790679a"}}}},"apiTier":"Standard","isCustomApiConnection":false}},"databaseReferences":{},"almMode":"Environment","performanceOptimizationEnabled":true,"canConsumeAppPass":true,"executionRestrictions":{"isTeamsOnly":false,"dataLossPreventionEvaluationResult":{"status":"Compliant","lastEvaluationDate":"2021-06-23T10:07:42.3315754Z","violations":[],"violationsByPolicy":[],"violationErrorMessage":"L’application utilise les connecteurs suivants : shared_sharepointonline."}}},"appType":"ClassicCanvasApp","appComponents":[]}}