{"schemaVersion":"1.0","appDefinitionTemplate":{"id":"/providers/Microsoft.PowerApps/apps/","type":"Microsoft.PowerApps/apps","tags":{"minimumRequiredApiVersion":"2.2.0","sienaVersion":"20201220T234040Z-3.20114.25.0","primaryDeviceWidth":"1366","primaryDeviceHeight":"768","deviceCapabilities":"","supportsPortrait":"false","supportsLandscape":"true","primaryFormFactor":"Tablet","publisherVersion":"3.20071.22","hasComponent":"false","hasUnlockedComponent":"false","isUnifiedRootApp":"false"},"properties":{"appVersion":"2020-12-20T23:40:40Z","lifeCycleId":"Published","createdByClientVersion":{"major":3,"minor":20071,"build":22,"revision":0,"majorRevision":0,"minorRevision":0},"minClientVersion":{"major":3,"minor":20071,"build":22,"revision":0,"majorRevision":0,"minorRevision":0},"backgroundColor":"rgba(0, 176, 240, 1)","backgroundImageUri":"/10758788434916145491/N4feaafba-8fce-44c5-bae0-7277e6afa033-N68e3b15b-f1d8-4517-bd78-f7ea6a674342-logoSmallFile","displayName":"Global Address Book","description":"This powerapp template allows organizations to take data from disparate sources and unify it to get richer insights into their customers.","commitMessage":"","appUris":{"documentUri":{"value":"/10758788434916145491/N2f5d22ae-29cb-4e25-8ecd-b08ff132027b-Nf7d127d2-66f8-407e-8d24-92dc0f0431b9-document.msapp"},"imageUris":[]},"createdTime":"0001-01-01T00:00:00Z","lastModifiedTime":"0001-01-01T00:00:00Z","sharedGroupsCount":0,"sharedUsersCount":0,"icons":{"smallIconUri":"/10758788434916145491/Ncab82aa9-b5ff-4821-a8ea-b90e8306217a-N32b6cf18-bb8c-4829-a487-f8a881d0251a-small.png","mediumIconUri":"/10758788434916145491/Na43f1bd4-69a8-4a47-b666-90212c78dca0-Ndf3c27ae-1056-4d4e-93f8-3edd17f39554-medium.png","largeIconUri":"/10758788434916145491/N1c3fcc74-8ea7-4131-bf14-9041368ca479-N7ae0ca37-56ab-4adf-b8f5-7fa39c60254e-large.png","wideIconUri":"/10758788434916145491/Nf030e934-e9a5-461e-aa48-b6b62e67aa9e-N3d174f2e-8bfb-49bd-90f9-421d780a3867-wide.png"},"connectionReferences":{"01b5690d-f2ab-4c2d-8801-31bb8a1d162d":{"id":"5c3e009c-b4ae-4852-8c9b-756acc2258d6","displayName":"Office 365-gebruikers","iconUri":"https://connectoricons-prod.azureedge.net/releases/v1.0.1411/1.0.1411.2206/office365users/icon.png","dataSources":["Microsoft365Users"],"dependencies":[],"dependents":[],"parameterHints":{},"isOnPremiseConnection":false,"bypassConsent":false,"dataSets":{},"apiTier":"Standard","isCustomApiConnection":false}},"databaseReferences":{},"almMode":"Environment","performanceOptimizationEnabled":true,"canConsumeAppPass":true,"executionRestrictions":{"isTeamsOnly":false,"dataLossPreventionEvaluationResult":{"status":"Compliant","lastEvaluationDate":"2020-12-20T23:40:50.2975383Z","violationDetails":[]}}},"isAppComponentLibrary":false,"appType":"ClassicCanvasApp","appComponents":[]}}