{"schemaVersion":"1.0","appDefinitionTemplate":{"id":"/providers/Microsoft.PowerApps/apps/","type":"Microsoft.PowerApps/apps","tags":{"sp-site-id":"https://amspecllc-my.sharepoint.com/personal/znagui_youssef_amspecgroup_com","sp-list-id":"9fdb7f04-20b8-4345-abeb-d866f790679a","https://amspecllc-my.sharepoint.com/personal/znagui_youssef_amspecgroup_com":"9fdb7f04-20b8-4345-abeb-d866f790679a","primaryDeviceWidth":"640","primaryDeviceHeight":"1136","sienaVersion":"20220303T092419Z-3.22021.27.0","deviceCapabilities":"","supportsPortrait":"true","supportsLandscape":"true","primaryFormFactor":"Phone","publisherVersion":"3.22021.27","minimumRequiredApiVersion":"2.2.0","hasComponent":"false","hasUnlockedComponent":"false","isUnifiedRootApp":"false"},"properties":{"appVersion":"2022-03-03T09:24:19Z","lifeCycleId":"Published","createdByClientVersion":{"major":3,"minor":22021,"build":27,"revision":0,"majorRevision":0,"minorRevision":0},"minClientVersion":{"major":3,"minor":22021,"build":27,"revision":0,"majorRevision":0,"minorRevision":0},"backgroundColor":"rgba(0, 176, 240, 1)","backgroundImageUri":"/3449280048821224727/Nc4fa9ac7-b323-4663-9646-6819b3baf213-logoSmallFile","displayName":"Suivi Conso AmSpec","description":"","commitMessage":"","appUris":{"documentUri":{"value":"/3449280048821224727/N04a6b891-c285-4da9-8300-f52816d3cc1a-document.msapp"},"imageUris":[]},"createdTime":"0001-01-01T00:00:00Z","lastModifiedTime":"0001-01-01T00:00:00Z","sharedGroupsCount":0,"sharedUsersCount":0,"icons":{"smallIconUri":"/3449280048821224727/Nc45bdc19-ed74-4d86-9df3-2149b35ea124-small.png","mediumIconUri":"/3449280048821224727/N25c0b174-229b-4a58-a1f7-0256320ea6cb-medium.png","largeIconUri":"/3449280048821224727/Na121f2f3-f724-4fab-9b08-9763ca790cff-large.png","wideIconUri":"/3449280048821224727/N77572a54-040c-46d3-af54-3faa8799faea-wide.png"},"connectionReferences":{"5d719420-4657-4607-b4c7-07c807eea457":{"id":"11a93981-676c-4606-a07f-edd11d7114a2","displayName":"SharePoint","iconUri":"https://connectoricons-prod.azureedge.net/releases/v1.0.1550/1.0.1550.2686/sharepointonline/icon.png","dataSources":["Suivi des consommables"],"dependencies":[],"dependents":[],"parameterHints":{},"parameterHintsV2":{},"isOnPremiseConnection":false,"bypassConsent":false,"dataSets":{"https://amspecllc-my.sharepoint.com/personal/znagui_youssef_amspecgroup_com":{"dataSources":{"Suivi des consommables":{"tableName":"9fdb7f04-20b8-4345-abeb-d866f790679a"}}}},"apiTier":"Standard","isCustomApiConnection":false,"actions":["providers/PowerPlatform.Governance/Operations/Read","providers/PowerPlatform.Governance/Operations/Write","providers/PowerPlatform.Governance/Operations/Delete"]}},"databaseReferences":{},"almMode":"Environment","performanceOptimizationEnabled":true,"canConsumeAppPass":true,"executionRestrictions":{"isTeamsOnly":false,"dataLossPreventionEvaluationResult":{"status":"Compliant","lastEvaluationDate":"2021-06-25T09:53:27.000452Z","violations":[],"violationsByPolicy":[],"violationErrorMessage":"L’application utilise les connecteurs suivants : shared_sharepointonline."}}},"appType":"ClassicCanvasApp","appComponents":[]}}