{"schemaVersion":"1.0","appDefinitionTemplate":{"id":"/providers/Microsoft.PowerApps/apps/","type":"Microsoft.PowerApps/apps","tags":{"primaryDeviceWidth":"1366","primaryDeviceHeight":"768","sienaVersion":"20210218T073822Z-3.20114.22.0","deviceCapabilities":"","supportsPortrait":"true","supportsLandscape":"true","primaryFormFactor":"Tablet","publisherVersion":"3.20114.22","minimumRequiredApiVersion":"2.2.0","hasComponent":"true","hasUnlockedComponent":"true","isUnifiedRootApp":"false"},"properties":{"appVersion":"2021-02-18T07:38:22Z","lifeCycleId":"Published","createdByClientVersion":{"major":3,"minor":20114,"build":22,"revision":0,"majorRevision":0,"minorRevision":0},"minClientVersion":{"major":3,"minor":20114,"build":22,"revision":0,"majorRevision":0,"minorRevision":0},"backgroundColor":"rgba(104, 101, 171, 1)","backgroundImageUri":"/12608802275033277719/N596777dd-8aa6-4a1d-b6b1-c6883b703e48-msft_areainspectionmanager_a6427_BackgroundImageUri","displayName":"Manage inspections","description":"","commitMessage":"Updated the timer duration of appDelay to allow for enough time to redirect the user correctly","appUris":{"documentUri":{"value":"/12608802275033277719/Nebfd8815-767a-4f5f-a309-725c87e50ed3-msft_areainspectionmanager_a6427_DocumentUri.msapp"},"imageUris":[]},"createdTime":"0001-01-01T00:00:00Z","lastModifiedTime":"0001-01-01T00:00:00Z","sharedGroupsCount":0,"sharedUsersCount":0,"icons":{"smallIconUri":"/12608802275033277719/N4225b9a4-c471-4c4a-8ece-a5e6626a36fa-small.png","mediumIconUri":"/12608802275033277719/N06b50c1d-e936-44c3-89a9-31c14e9b8622-medium.png","largeIconUri":"/12608802275033277719/N5b0fdacf-6c87-404a-a271-b31a3493fda5-large.png","wideIconUri":"/12608802275033277719/N4e81f61b-3781-440a-87d8-9cf6621ef505-wide.png"},"connectionReferences":{"3413525a-784b-419d-b23b-b8cf170a2501":{"id":"430a563f-09a8-47d6-844e-44bb9bd266a3","displayName":"Microsoft Teams","iconUri":"https://connectoricons-prod.azureedge.net/releases/v1.0.1436/1.0.1436.2319/teams/icon.png","dataSources":["MicrosoftTeams"],"dependencies":[],"dependents":[],"parameterHints":{},"isOnPremiseConnection":false,"bypassConsent":false,"dataSets":{},"apiTier":"Standard","isCustomApiConnection":false,"actions":["GetChannelsForGroup","GetTeam"]},"168aa7a3-cde8-49fe-a618-07ee4b544370":{"id":"3cc2cdaf-6bb5-4c04-bfd4-ac23ed33000b","displayName":"Planner","iconUri":"https://connectoricons-prod.azureedge.net/releases/v1.0.1440/1.0.1440.2331/planner/icon.png","dataSources":["Planner"],"dependencies":[],"dependents":[],"parameterHints":{},"isOnPremiseConnection":false,"bypassConsent":false,"dataSets":{},"apiTier":"Standard","isCustomApiConnection":false,"actions":["ListBucketsV3","ListTasksV3","ListGroupPlans"]},"101da89b-cfe1-4a96-9808-c3bcd58ae2b3":{"id":"51687488-8af1-4ba4-b02d-cfa96874cf41","displayName":"Office 365 Users","iconUri":"https://connectoricons-prod.azureedge.net/releases/v1.0.1430/1.0.1430.2296/office365users/icon.png","dataSources":["Microsoft365Users"],"dependencies":[],"dependents":[],"parameterHints":{},"isOnPremiseConnection":false,"bypassConsent":false,"dataSets":{},"apiTier":"Standard","isCustomApiConnection":false}},"databaseReferences":{"default.cds":{"databaseDetails":{"referenceType":"Environmental","environmentName":"default.cds"},"dataSources":{"Users":{"entitySetName":"systemusers","logicalName":"systemuser"},"Area Inspections":{"entitySetName":"msft_areainspections","logicalName":"msft_areainspection"},"Area Inspection Steps":{"entitySetName":"msft_areainspection_steps","logicalName":"msft_areainspection_step"},"Area Inspection Checklist Steps":{"entitySetName":"msft_areainspection_checkliststeps","logicalName":"msft_areainspection_checkliststep"},"Area Inspection Checklists":{"entitySetName":"msft_areainspection_checklists","logicalName":"msft_areainspection_checklist"},"Area Inspection Locations":{"entitySetName":"msft_areainspection_locations","logicalName":"msft_areainspection_location"},"Area Inspection Images":{"entitySetName":"msft_areainspectionimages","logicalName":"msft_areainspectionimage"},"Area Inspection Location Types":{"entitySetName":"msft_areainspection_locationtypes","logicalName":"msft_areainspection_locationtype"},"Area Inspection Labels":{"entitySetName":"msft_areainspectionlabels","logicalName":"msft_areainspectionlabel"},"Area Inspection Tasks":{"entitySetName":"msft_areainspection_plannertaskses","logicalName":"msft_areainspection_plannertasks"},"Area inspection Groups":{"entitySetName":"msft_areainspectiongroups","logicalName":"msft_areainspectiongroup"},"Area Inspection Settings":{"entitySetName":"msft_areainspections_teamssettingses","logicalName":"msft_areainspections_teamssettings"},"Area Inspection User Settings":{"entitySetName":"msft_areainspectionusersettings","logicalName":"msft_areainspectionusersetting"}}}},"almMode":"Solution","performanceOptimizationEnabled":true,"executionRestrictions":{"isTeamsOnly":false,"dataLossPreventionEvaluationResult":{"status":"Compliant","lastEvaluationDate":"2021-02-18T07:38:37.2730293Z","violationDetails":[]}}},"isAppComponentLibrary":false,"appType":"ClassicCanvasApp","appComponents":[]}}