{"name":"fb45b46b-d1ad-4cbc-80ee-0b022910b4f6","id":"/providers/Microsoft.Flow/flows/fb45b46b-d1ad-4cbc-80ee-0b022910b4f6","type":"Microsoft.Flow/flows","properties":{"apiId":"/providers/Microsoft.PowerApps/apis/shared_logicflows","displayName":"Http -> Refresh a dataset","definition":{"metadata":{"workflowEntityId":null,"processAdvisorMetadata":null,"flowclientsuspensionreason":"NeverTriggeringDetected","flowclientsuspensiontime":"2022-05-21T02:37:33.2721392Z","creator":{"id":"92b54cd9-a569-4d92-bca0-4f330d1ea600","type":"User","tenantId":"fddf0fb0-6be4-4e34-ace1-e795bc64c91f"},"provisioningMethod":"FromDefinition","failureAlertSubscription":true,"clientLastModifiedTime":"2021-04-28T08:07:30.7066518Z"},"$schema":"https://schema.management.azure.com/providers/Microsoft.Logic/schemas/2016-06-01/workflowdefinition.json#","contentVersion":"1.0.0.0","parameters":{"$connections":{"defaultValue":{},"type":"Object"},"$authentication":{"defaultValue":{},"type":"SecureObject"}},"triggers":{"manual":{"type":"Request","kind":"Http","inputs":{}}},"actions":{"Refresh_a_dataset":{"runAfter":{},"type":"OpenApiConnection","inputs":{"host":{"apiId":"/providers/Microsoft.PowerApps/apis/shared_powerbi","connectionName":"shared_powerbi","operationId":"RefreshDataset"},"parameters":{"groupid":"e6313c88-d413-40ee-9bbf-2f0ad38259bc","datasetid":"8a5f03e9-09a1-4f2d-8148-275820e50902"},"authentication":"@parameters('$authentication')"}}},"outputs":{}},"connectionReferences":{"shared_powerbi":{"connectionName":"shared-powerbi-28bcace6-136f-4eab-affa-101a-13c871bb","source":"Embedded","id":"/providers/Microsoft.PowerApps/apis/shared_powerbi","tier":"NotSpecified"}},"flowFailureAlertSubscribed":false,"isManaged":false}}