{"schemaVersion":"1.0","appDefinitionTemplate":{"id":"/providers/Microsoft.PowerApps/apps/","type":"Microsoft.PowerApps/apps","tags":{"primaryDeviceWidth":"640","primaryDeviceHeight":"1136","sienaVersion":"20181203T192913Z-3.18112.22.0","deviceCapabilities":"","supportsPortrait":"true","supportsLandscape":"false","primaryFormFactor":"Phone","publisherVersion":"3.18112.22","minimumRequiredApiVersion":"2.2.0"},"properties":{"appVersion":"2018-12-03T19:29:13Z","lifeCycleId":"Published","createdByClientVersion":{"major":3,"minor":18112,"build":22,"revision":0,"majorRevision":0,"minorRevision":0},"minClientVersion":{"major":3,"minor":18112,"build":22,"revision":0,"majorRevision":0,"minorRevision":0},"backgroundColor":"rgba(0, 176, 240, 1)","backgroundImageUri":"/12970428311381293962/N57d5354a-e7ab-426e-ac27-f8275b049391-logoSmallFile","displayName":"tablica","description":"","appUris":{"documentUri":{"value":"/12970428311381293962/Ndbc8ca61-8734-4427-abf1-f7a451b207c2-document.msapp"},"imageUris":[]},"createdTime":"0001-01-01T00:00:00Z","lastModifiedTime":"0001-01-01T00:00:00Z","sharedGroupsCount":0,"sharedUsersCount":0,"icons":{"smallIconUri":"/12970428311381293962/N46807d2b-009f-4219-9baf-2ac4c5c21158-small.png","mediumIconUri":"/12970428311381293962/N44d8e6e5-c6bb-45f9-b7cc-bd042e0ceb3c-medium.png","largeIconUri":"/12970428311381293962/Nd5989910-f266-407c-a591-c534e876732b-large.png","wideIconUri":"/12970428311381293962/Nf9397f9e-0239-45d1-8285-a7ee91a36b73-wide.png"},"connectionReferences":{},"databaseReferences":{},"almMode":"Environment","performanceOptimizationEnabled":true,"executionRestrictions":{"isTeamsOnly":false,"dataLossPreventionEvaluationResult":{"status":"Compliant","lastEvaluationDate":"2020-10-27T21:31:46.11901Z","violationDetails":[]}}},"appType":"ClassicCanvasApp","appComponents":[]}}