{"schemaVersion":"1.0","appDefinitionTemplate":{"id":"/providers/Microsoft.PowerApps/apps/","type":"Microsoft.PowerApps/apps","tags":{"sp-site-id":"https://amspecllc-my.sharepoint.com/personal/znagui_youssef_amspecgroup_com","sp-list-id":"5bbf4122-37e9-464e-be6d-23bb928eef56","https://amspecllc-my.sharepoint.com/personal/znagui_youssef_amspecgroup_com":"5bbf4122-37e9-464e-be6d-23bb928eef56","primaryDeviceWidth":"640","primaryDeviceHeight":"1136","sienaVersion":"67fa28a6-ae55-4e16-a105-b5893d0d74c8","deviceCapabilities":"","supportsPortrait":"true","supportsLandscape":"true","primaryFormFactor":"Phone","publisherVersion":"3.21064.25","minimumRequiredApiVersion":"2.2.0","hasComponent":"false","hasUnlockedComponent":"false","isUnifiedRootApp":"false"},"properties":{"appVersion":"2021-07-20T13:58:17Z","lifeCycleId":"Published","createdByClientVersion":{"major":3,"minor":21064,"build":25,"revision":0,"majorRevision":0,"minorRevision":0},"minClientVersion":{"major":3,"minor":21064,"build":25,"revision":0,"majorRevision":0,"minorRevision":0},"backgroundColor":"rgba(0, 176, 240, 1)","backgroundImageUri":"/7120828493344847760/N2768ce5b-672a-484a-b200-4331622411c4-logoSmallFile","displayName":"Addifivation Final","description":"","commitMessage":"","appUris":{"documentUri":{"value":"/7120828493344847760/N84b59618-592a-4a3e-bdb1-463a15f44e20-document.msapp"},"imageUris":[]},"createdTime":"0001-01-01T00:00:00Z","lastModifiedTime":"0001-01-01T00:00:00Z","sharedGroupsCount":0,"sharedUsersCount":0,"icons":{"smallIconUri":"/7120828493344847760/N18688bfb-a12d-4604-92dd-f88d44253d70-small.png","mediumIconUri":"/7120828493344847760/Nfc101c85-3e8f-4164-8d4e-2bbbe86b616a-medium.png","largeIconUri":"/7120828493344847760/N3fe25019-f43c-42d0-b829-71b43c2e9f42-large.png","wideIconUri":"/7120828493344847760/N39007e06-84d7-4414-9f02-62d7a6ec732c-wide.png"},"connectionReferences":{"c41ca162-85db-47c7-82be-73fdb68d4aba":{"id":"11a93981-676c-4606-a07f-edd11d7114a2","displayName":"SharePoint","iconUri":"https://connectoricons-prod.azureedge.net/releases/v1.0.1487/1.0.1487.2472/sharepointonline/icon.png","dataSources":["Suivi des opérations d'additivation"],"dependencies":[],"dependents":[],"parameterHints":{},"parameterHintsV2":{},"isOnPremiseConnection":false,"dataSets":{"https://amspecllc-my.sharepoint.com/personal/znagui_youssef_amspecgroup_com":{"dataSources":{"Suivi des opérations d'additivation":{"tableName":"5bbf4122-37e9-464e-be6d-23bb928eef56"}}}},"apiTier":"Standard","isCustomApiConnection":false}},"databaseReferences":{},"almMode":"Environment","performanceOptimizationEnabled":true,"canConsumeAppPass":true,"executionRestrictions":{"isTeamsOnly":false,"dataLossPreventionEvaluationResult":{"status":"Compliant","lastEvaluationDate":"2021-07-20T13:58:32.3416352Z","violations":[],"violationsByPolicy":[],"violationErrorMessage":"L’application utilise les connecteurs suivants : shared_sharepointonline."}}},"appType":"ClassicCanvasApp","appComponents":[]}}