{"name":"cb7b5be9-6857-456f-b2e6-6ba10cd6a3b7","id":"/providers/Microsoft.Flow/flows/cb7b5be9-6857-456f-b2e6-6ba10cd6a3b7","type":"Microsoft.Flow/flows","properties":{"apiId":"/providers/Microsoft.PowerApps/apis/shared_logicflows","displayName":"Rappel Etalonnage","definition":{"metadata":{"workflowEntityId":null,"processAdvisorMetadata":null,"flowclientsuspensionreason":"None","flowclientsuspensiontime":null,"creator":{"id":"d883cf26-a52a-4275-8731-1d05bdf0689c","type":"User","tenantId":"fddf0fb0-6be4-4e34-ace1-e795bc64c91f"},"provisioningMethod":"FromDefinition","failureAlertSubscription":true,"clientLastModifiedTime":"2022-01-07T12:32:22.0714216Z"},"$schema":"https://schema.management.azure.com/providers/Microsoft.Logic/schemas/2016-06-01/workflowdefinition.json#","contentVersion":"1.0.0.0","parameters":{"$connections":{"defaultValue":{},"type":"Object"},"$authentication":{"defaultValue":{},"type":"SecureObject"}},"triggers":{"Recurrence":{"recurrence":{"frequency":"Day","interval":1,"startTime":"2021-06-29T09:00:00.000Z"},"metadata":{"operationMetadataId":"7ff4fc67-4384-4d94-b90f-94b35c6e2a0c"},"type":"Recurrence"}},"actions":{"Lister_les_lignes_présentes_dans_un_tableau":{"runAfter":{},"metadata":{"01EX7SA4LKCS33EWKQ2FDL4RW7P25DKOMG":"/EN-S16 Planning et exploitation des étalonnages.xlsx","tableId":"{25AEEC8A-0513-4836-B4AC-FCDC21B8AED3}","operationMetadataId":"20ce78c0-26a7-4fba-8978-46ead572d474"},"type":"OpenApiConnection","inputs":{"host":{"apiId":"/providers/Microsoft.PowerApps/apis/shared_excelonlinebusiness","connectionName":"shared_excelonlinebusiness","operationId":"GetItems"},"parameters":{"source":"me","drive":"b!BtvVXgetNUez_uvTd7Voz2JU6YFVKtdKk7t2HEaI2IQpSNkXdfd5QISuJt865TjE","file":"01EX7SA4LKCS33EWKQ2FDL4RW7P25DKOMG","table":"{25AEEC8A-0513-4836-B4AC-FCDC21B8AED3}"},"authentication":"@parameters('$authentication')"}},"Appliquer_à_chacun":{"foreach":"@outputs('Lister_les_lignes_présentes_dans_un_tableau')?['body/value']","actions":{"Condition":{"actions":{"Envoyer_une_notification_par_e-mail_(V3)":{"runAfter":{},"metadata":{"operationMetadataId":"8e510cd6-7d2f-4d3c-893c-f6a0a41fbf87"},"type":"OpenApiConnection","inputs":{"host":{"apiId":"/providers/Microsoft.PowerApps/apis/shared_sendmail","connectionName":"shared_sendmail","operationId":"SendEmailV3"},"parameters":{"request/to":"Znagui.Youssef@amspecgroup.com;","request/subject":"Alerte Etalonnage / Equipement: @{items('Appliquer_à_chacun')?['Designation ']}/ Code interne:@{items('Appliquer_à_chacun')?['Code interne ']} / Date d'échéance: @{items('Appliquer_à_chacun')?['Echéance prochain étalonnage']}","request/text":"<p>Merci de procéder à l'étalonnage de l'équipement: &nbsp;@{items('Appliquer_à_chacun')?['Designation ']} relatif au code interne n°@{items('Appliquer_à_chacun')?['Code interne ']} avant la date d'échéance le @{items('Appliquer_à_chacun')?['Echéance prochain étalonnage']}</p>"},"authentication":"@parameters('$authentication')"}}},"runAfter":{},"expression":{"equals":["@items('Appliquer_à_chacun')?['Alarme ']","alerte"]},"metadata":{"operationMetadataId":"4efad494-2140-4618-9706-2e26743facbe"},"type":"If"}},"runAfter":{"Lister_les_lignes_présentes_dans_un_tableau":["Succeeded"]},"metadata":{"operationMetadataId":"365ba35b-024f-46fe-a96c-b05e722b71b6"},"type":"Foreach"}}},"connectionReferences":{"shared_excelonlinebusiness":{"connectionName":"shared-excelonlinebu-4045065f-3ef8-4464-b342-ec02-b70dfcba","source":"Embedded","id":"/providers/Microsoft.PowerApps/apis/shared_excelonlinebusiness","tier":"NotSpecified"},"shared_sendmail":{"connectionName":"shared-sendmail-1c6bee2b-72ec-4eb8-8e6b-3b34-6a3d7a39","source":"Embedded","id":"/providers/Microsoft.PowerApps/apis/shared_sendmail","tier":"NotSpecified"}},"flowFailureAlertSubscribed":false,"isManaged":false}}