{"schemaVersion":"1.0","appDefinitionTemplate":{"id":"/providers/Microsoft.PowerApps/apps/","type":"Microsoft.PowerApps/apps","tags":{"primaryDeviceWidth":"640","primaryDeviceHeight":"1136","sienaVersion":"20201020T063303Z-3.20094.24.0","deviceCapabilities":"","supportsPortrait":"true","supportsLandscape":"false","primaryFormFactor":"Phone","publisherVersion":"3.20094.24","minimumRequiredApiVersion":"2.2.0","hasComponent":"false","hasUnlockedComponent":"false","isUnifiedRootApp":"false"},"properties":{"appVersion":"2020-10-20T06:33:03Z","lifeCycleId":"Published","createdByClientVersion":{"major":3,"minor":20094,"build":24,"revision":0,"majorRevision":0,"minorRevision":0},"minClientVersion":{"major":3,"minor":20094,"build":24,"revision":0,"majorRevision":0,"minorRevision":0},"backgroundColor":"rgba(165, 34, 55, 1)","backgroundImageUri":"/2080004336946845336/Nb6c2a1aa-56ad-4150-bfac-62aeeca6c2a0-logoSmallFile","displayName":"SOP_App","description":"","commitMessage":"","appUris":{"documentUri":{"value":"/2080004336946845336/N38163ee9-5a3c-46d4-9d1c-58b3c66d5b87-document.msapp"},"imageUris":[]},"createdTime":"0001-01-01T00:00:00Z","lastModifiedTime":"0001-01-01T00:00:00Z","sharedGroupsCount":0,"sharedUsersCount":0,"icons":{"smallIconUri":"/2080004336946845336/N06a7fd0c-d3b0-4730-bffe-4cc1e6f4bb85-small.png","mediumIconUri":"/2080004336946845336/Na046da88-eb19-489b-ba95-183c63975864-medium.png","largeIconUri":"/2080004336946845336/N272e484e-4635-45d2-bf2d-3fb8b672b5a8-large.png","wideIconUri":"/2080004336946845336/N55e193db-b04f-4920-8cd7-f18da3b2b644-wide.png"},"connectionReferences":{"fd1aca28-71ff-46df-8558-aeb2ba2e3f1e":{"id":"11a93981-676c-4606-a07f-edd11d7114a2","displayName":"SharePoint","iconUri":"https://connectoricons-prod.azureedge.net/releases/v1.0.1402/1.0.1402.2163/sharepointonline/icon.png","dataSources":["SOP List"],"dependencies":[],"dependents":[],"parameterHints":{},"isOnPremiseConnection":false,"dataSets":{"https://amspecllc.sharepoint.com/sites/SOP":{"dataSources":{"SOP List":{"tableName":"722fe92d-ec0e-4aa3-a17e-27854f60c1c8"}}}},"apiTier":"Standard","isCustomApiConnection":false}},"databaseReferences":{},"almMode":"Environment","performanceOptimizationEnabled":true,"canConsumeAppPass":true,"executionRestrictions":{"isTeamsOnly":false,"dataLossPreventionEvaluationResult":{"status":"Compliant","lastEvaluationDate":"2020-10-20T06:33:13.6885979Z","violationDetails":[]}}},"isAppComponentLibrary":false,"appType":"ClassicCanvasApp","appComponents":[]}}