{"schemaVersion":"1.0","appDefinitionTemplate":{"id":"/providers/Microsoft.PowerApps/apps/","type":"Microsoft.PowerApps/apps","tags":{"sp-site-id":"https://amspecllc.sharepoint.com/sites/EuropeTeam/FinEur/ARA","sp-list-id":"243138a4-493a-4a29-a90c-375fd9eec4bc","https://amspecllc.sharepoint.com/sites/EuropeTeam/FinEur/ARA":"243138a4-493a-4a29-a90c-375fd9eec4bc","primaryDeviceWidth":"640","primaryDeviceHeight":"1136","sienaVersion":"20201103T130320Z-3.20102.16.0","deviceCapabilities":"","supportsPortrait":"true","supportsLandscape":"false","primaryFormFactor":"Phone","publisherVersion":"3.20102.16","minimumRequiredApiVersion":"2.2.0","hasComponent":"false","hasUnlockedComponent":"false","isUnifiedRootApp":"false"},"properties":{"appVersion":"2020-11-03T13:03:20Z","lifeCycleId":"Published","createdByClientVersion":{"major":3,"minor":20102,"build":16,"revision":0,"majorRevision":0,"minorRevision":0},"minClientVersion":{"major":3,"minor":20102,"build":16,"revision":0,"majorRevision":0,"minorRevision":0},"backgroundColor":"rgba(0, 176, 240, 1)","backgroundImageUri":"/9143008403406632986/Na57200c9-e10e-4959-b431-5b6987bd5436-logoSmallFile","displayName":"Verbruik","description":"","commitMessage":"","appUris":{"documentUri":{"value":"/9143008403406632986/N71a5e83a-6c9e-43e4-b7d0-b285d50e3a17-document.msapp"},"imageUris":[]},"createdTime":"0001-01-01T00:00:00Z","lastModifiedTime":"0001-01-01T00:00:00Z","sharedGroupsCount":0,"sharedUsersCount":0,"icons":{"smallIconUri":"/9143008403406632986/N6fc56d73-ef5e-4b25-a151-6ab7129f010f-small.png","mediumIconUri":"/9143008403406632986/N547e5c45-48be-44c3-be34-68f59b8304a0-medium.png","largeIconUri":"/9143008403406632986/N860f104b-57d0-428f-8167-3c15e675264a-large.png","wideIconUri":"/9143008403406632986/N73fa05e6-7a69-4d6c-8100-b3085d42f774-wide.png"},"connectionReferences":{"cd60abd9-7254-495c-ad4c-0982bbba1acf":{"id":"11a93981-676c-4606-a07f-edd11d7114a2","displayName":"SharePoint","iconUri":"https://connectoricons-prod.azureedge.net/releases/v1.0.1402/1.0.1402.2163/sharepointonline/icon.png","dataSources":["Approval"],"dependencies":[],"dependents":[],"parameterHints":{},"isOnPremiseConnection":false,"dataSets":{"https://amspecllc.sharepoint.com/sites/EuropeTeam/FinEur/ARA":{"dataSources":{"Approval":{"tableName":"243138a4-493a-4a29-a90c-375fd9eec4bc"}}}},"apiTier":"Standard","isCustomApiConnection":false}},"databaseReferences":{},"almMode":"Environment","performanceOptimizationEnabled":true,"canConsumeAppPass":true,"executionRestrictions":{"isTeamsOnly":false,"dataLossPreventionEvaluationResult":{"status":"Compliant","lastEvaluationDate":"2020-11-03T13:03:31.2241652Z","violationDetails":[]}}},"isAppComponentLibrary":false,"appType":"ClassicCanvasApp","appComponents":[]}}