{"name":"4b605abb-1653-4387-8912-7f3fa013c664","id":"/providers/Microsoft.Flow/flows/4b605abb-1653-4387-8912-7f3fa013c664","type":"Microsoft.Flow/flows","properties":{"apiId":"/providers/Microsoft.PowerApps/apis/shared_logicflows","displayName":"Bulk delete item by batch","definition":{"metadata":{"workflowEntityId":null,"processAdvisorMetadata":null,"flowclientsuspensionreason":"None","flowclientsuspensiontime":null,"creator":{"id":"5559cccf-deaf-4ab0-856a-b5da5d1128a2","type":"User","tenantId":"fddf0fb0-6be4-4e34-ace1-e795bc64c91f"},"provisioningMethod":"FromDefinition","failureAlertSubscription":true,"clientLastModifiedTime":"2021-07-16T05:29:25.4763316Z"},"$schema":"https://schema.management.azure.com/providers/Microsoft.Logic/schemas/2016-06-01/workflowdefinition.json#","contentVersion":"1.0.0.0","parameters":{"$connections":{"defaultValue":{},"type":"Object"},"$authentication":{"defaultValue":{},"type":"SecureObject"}},"triggers":{"manual":{"type":"Request","kind":"Button","inputs":{"schema":{"type":"object","properties":{},"required":[]}}}},"actions":{"Initialize_variable-New_line":{"runAfter":{},"type":"InitializeVariable","inputs":{"variables":[{"name":"NewLine","type":"string"}]}},"Initialize_variable_2-Batch__Request_Array":{"runAfter":{"Initialize_variable-New_line":["Succeeded"]},"type":"InitializeVariable","inputs":{"variables":[{"name":"BatchRequestArray","type":"array"}]}},"Initialize_variable_3-_Item_Count":{"runAfter":{"Initialize_variable_2-Batch__Request_Array":["Succeeded"]},"type":"InitializeVariable","inputs":{"variables":[{"name":"ItemCount","type":"integer","value":1}]}},"Do_until_until_is_empty":{"actions":{"Scope":{"actions":{"Get_items_in_list_to_be_deleted":{"runAfter":{},"type":"OpenApiConnection","inputs":{"host":{"apiId":"/providers/Microsoft.PowerApps/apis/shared_sharepointonline","connectionName":"shared_sharepointonline","operationId":"GetItems"},"parameters":{"dataset":"https://amspecllc.sharepoint.com/sites/EDocDev","table":"5029ffc3-0629-4895-a56e-4117a6971b7b","$top":1000},"authentication":{"value":"@json(decodeBase64(triggerOutputs().headers['X-MS-APIM-Tokens']))['$ConnectionKey']","type":"Raw"}}},"Batch_ID":{"runAfter":{"Get_items_in_list_to_be_deleted":["Succeeded"]},"type":"Compose","inputs":"batch_@{guid()}"},"Changeset_ID":{"runAfter":{"Batch_ID":["Succeeded"]},"type":"Compose","inputs":"changeset_@{guid()}"},"Compose_beginning_of_Batch_request":{"runAfter":{"Set_variable_Batch_request_Array":["Succeeded"]},"type":"Compose","inputs":"@{outputs('Batch_ID')}\nContent-Type: multipart/mixed; boundary=\"@{outputs('Changeset_ID')}\"\nContent-Transfer-Encoding: binary"},"Append_to_array_variable__beginning_of_the_batch_request":{"runAfter":{"Compose_beginning_of_Batch_request":["Succeeded"]},"type":"AppendToArrayVariable","inputs":{"name":"BatchRequestArray","value":"@outputs('Compose_beginning_of_Batch_request')"}},"Apply_to_each_item_found":{"foreach":"@outputs('Get_items_in_list_to_be_deleted')?['body/value']","actions":{"Compose_change_request":{"runAfter":{},"type":"Compose","inputs":"--@{outputs('Changeset_ID')}\nContent-Type: application/http\nContent-Transfer-Encoding: binary\n\nDELETE\nhttps://amspecllc.sharepoint.com/_api/web/lists/getByTitle(%27Error Logs%27)/items(@{items('Apply_to_each_item_found')?['ID']}) HTTP/1.1\nIf-Match: \"1\"\nAccept: application/json;odata=nometadata"},"Append_to_array_variable_":{"runAfter":{"Compose_change_request":["Succeeded"]},"type":"AppendToArrayVariable","inputs":{"name":"BatchRequestArray","value":"@outputs('Compose_change_request')"}}},"runAfter":{"Append_to_array_variable__beginning_of_the_batch_request":["Succeeded"]},"type":"Foreach","runtimeConfiguration":{"concurrency":{"repetitions":40}}},"Request":{"runAfter":{"Append_to_array_at_the_end_of_batch":["Succeeded"]},"type":"Compose","inputs":"@join(variables('BatchRequestArray'), variables('NewLine'))"},"Send_an_HTTP_request_to_SharePoint":{"runAfter":{"Request":["Succeeded"]},"type":"OpenApiConnection","inputs":{"host":{"apiId":"/providers/Microsoft.PowerApps/apis/shared_sharepointonline","connectionName":"shared_sharepointonline","operationId":"HttpRequest"},"parameters":{"dataset":"https://amspecllc.sharepoint.com/sites/EDocDev","parameters/method":"POST","parameters/uri":"_api/$batch","parameters/headers":{"Content-Type":"multipart/mixed; boundary=@{outputs('Batch_ID')}"},"parameters/body":"@outputs('Compose_change_request')"},"authentication":{"value":"@json(decodeBase64(triggerOutputs().headers['X-MS-APIM-Tokens']))['$ConnectionKey']","type":"Raw"}}},"Append_to_array_at_the_end_of_batch":{"runAfter":{"Apply_to_each_item_found":["Succeeded"]},"type":"AppendToArrayVariable","inputs":{"name":"BatchRequestArray","value":"--@{outputs('Changeset_ID')}--\n--@{outputs('Batch_ID')}--\n"}},"Set_variable_Batch_request_Array":{"runAfter":{"Changeset_ID":["Succeeded"]},"type":"SetVariable","inputs":{"name":"BatchRequestArray","value":[]}}},"runAfter":{},"type":"Scope"},"Check_if__any_Item_exist":{"runAfter":{"Scope":["Succeeded"]},"type":"OpenApiConnection","inputs":{"host":{"apiId":"/providers/Microsoft.PowerApps/apis/shared_sharepointonline","connectionName":"shared_sharepointonline","operationId":"GetItems"},"parameters":{"dataset":"https://amspecllc.sharepoint.com/sites/EDocDev","table":"5029ffc3-0629-4895-a56e-4117a6971b7b","$top":1},"authentication":{"value":"@json(decodeBase64(triggerOutputs().headers['X-MS-APIM-Tokens']))['$ConnectionKey']","type":"Raw"}}},"Set_variable":{"runAfter":{"Check_if__any_Item_exist":["Succeeded"]},"type":"SetVariable","inputs":{"name":"ItemCount","value":"@length(outputs('Check_if__any_Item_exist')?['body/value'])"}}},"runAfter":{"Initialize_variable_3-_Item_Count":["Succeeded"]},"expression":"@equals(variables('ItemCount'), 0)","limit":{"count":60,"timeout":"PT1H"},"type":"Until"}}},"connectionReferences":{"shared_sharepointonline":{"connectionName":"95f6f15913b4440ebd39c2d9222792ed","source":"Invoker","id":"/providers/Microsoft.PowerApps/apis/shared_sharepointonline","tier":"NotSpecified"}},"flowFailureAlertSubscribed":false,"isManaged":false}}