{"name":"72e3b718-60c5-40ab-9cb6-d5aa52fee10c","id":"/providers/Microsoft.Flow/flows/72e3b718-60c5-40ab-9cb6-d5aa52fee10c","type":"Microsoft.Flow/flows","properties":{"apiId":"/providers/Microsoft.PowerApps/apis/shared_logicflows","displayName":"Upcoming HAZMET Cert Expiration","definition":{"metadata":{"workflowEntityId":null,"processAdvisorMetadata":null,"flowclientsuspensionreason":"None","flowclientsuspensiontime":null,"creator":{"id":"92b54cd9-a569-4d92-bca0-4f330d1ea600","type":"User","tenantId":"fddf0fb0-6be4-4e34-ace1-e795bc64c91f"},"provisioningMethod":"FromDefinition","failureAlertSubscription":true,"clientLastModifiedTime":"2021-05-31T09:37:36.2820133Z"},"$schema":"https://schema.management.azure.com/providers/Microsoft.Logic/schemas/2016-06-01/workflowdefinition.json#","contentVersion":"1.0.0.0","parameters":{"$connections":{"defaultValue":{},"type":"Object"},"$authentication":{"defaultValue":{},"type":"SecureObject"}},"triggers":{"Recurrence":{"recurrence":{"frequency":"Week","interval":1,"startTime":"2021-05-31T06:00:00.000Z","schedule":{"weekDays":["Sunday","Monday","Tuesday","Wednesday","Thursday","Friday","Saturday"]}},"type":"Recurrence"}},"actions":{"Get_items":{"runAfter":{"Initialize_variable":["Succeeded"]},"type":"OpenApiConnection","inputs":{"host":{"apiId":"/providers/Microsoft.PowerApps/apis/shared_sharepointonline","connectionName":"shared_sharepointonline","operationId":"GetItems"},"parameters":{"dataset":"https://amspecllc.sharepoint.com/sites/AmSpecDirectory","table":"3c74b013-13ef-40ba-959e-7b89ec2605c6","viewScopeOption":"Default"},"authentication":"@parameters('$authentication')"}},"Send_an_email_(V2)":{"runAfter":{"Create_HTML_table":["Succeeded"]},"type":"OpenApiConnection","inputs":{"host":{"apiId":"/providers/Microsoft.PowerApps/apis/shared_office365","connectionName":"shared_office365","operationId":"SendEmailV2"},"parameters":{"emailMessage/To":"Amr.Guenena@amspecgroup.com","emailMessage/Subject":"Upcoming Certificate Expiration","emailMessage/Body":"<p>@{body('Create_HTML_table')}</p>"},"authentication":"@parameters('$authentication')"}},"Create_HTML_table":{"runAfter":{"Apply_to_each_3":["Succeeded"]},"type":"Table","inputs":{"from":"@variables('mytable')","format":"HTML","columns":[{"header":"Employee","value":"@outputs('Get_items')?['body/value']"}]}},"Initialize_variable":{"runAfter":{},"type":"InitializeVariable","inputs":{"variables":[{"name":"mytable","type":"array"}]}},"Apply_to_each_3":{"foreach":"@outputs('Get_items')?['body/value']","actions":{"Apply_to_each_2":{"foreach":"@{outputs('Get_items')?['body/value']}@{items('Apply_to_each_3')?['Date_x0020_Expires']}","actions":{"Apply_to_each":{"foreach":"@items('Apply_to_each_2')?['Employee']","actions":{"Append_to_array_variable":{"runAfter":{},"type":"AppendToArrayVariable","inputs":{"name":"mytable","value":"@{items('Apply_to_each')?['Employee']}@{items('Apply_to_each')?['certificate_Category']}@{items('Apply_to_each')?['Date_x0020_Expires']}"}}},"runAfter":{},"type":"Foreach"}},"runAfter":{},"type":"Foreach"}},"runAfter":{"Get_items":["Succeeded"]},"type":"Foreach"}}},"connectionReferences":{"shared_sharepointonline":{"connectionName":"a4ec9f1c9440458e811068e4ca62ebb8","source":"Embedded","id":"/providers/Microsoft.PowerApps/apis/shared_sharepointonline","tier":"NotSpecified"},"shared_office365":{"connectionName":"shared-office365-3d4ee488-32bb-4dae-92b4-872f-9867154d","source":"Embedded","id":"/providers/Microsoft.PowerApps/apis/shared_office365","tier":"NotSpecified"}},"flowFailureAlertSubscribed":false,"isManaged":false}}