{"name":"9e76cf14-3d0e-49ea-a73e-2e95f14f07aa","id":"/providers/Microsoft.Flow/flows/9e76cf14-3d0e-49ea-a73e-2e95f14f07aa","type":"Microsoft.Flow/flows","properties":{"apiId":"/providers/Microsoft.PowerApps/apis/shared_logicflows","displayName":"Envoyer un e-mail « Je travaille à domicile aujourd'hui » à votre manager","definition":{"metadata":{"workflowEntityId":null,"creator":{"id":"cff46316-3fd0-41f7-84d2-f8a419517a2d","type":"User","tenantId":"fddf0fb0-6be4-4e34-ace1-e795bc64c91f"},"provisioningMethod":"FromDefinition","failureAlertSubscription":true,"clientLastModifiedTime":"2019-01-07T04:39:55.4921162Z"},"$schema":"https://schema.management.azure.com/providers/Microsoft.Logic/schemas/2016-06-01/workflowdefinition.json#","contentVersion":"1.0.0.0","parameters":{"$connections":{"defaultValue":{},"type":"Object"},"$authentication":{"defaultValue":{},"type":"SecureObject"}},"triggers":{"manual":{"type":"Request","kind":"Button","inputs":{"schema":{"type":"object","required":[],"properties":{}}}}},"actions":{"Get_my_profile":{"runAfter":{},"metadata":{"flowSystemMetadata":{"swaggerOperationId":"MyProfile"}},"type":"ApiConnection","inputs":{"host":{"api":{"runtimeUrl":"https://flow-apim-msmanaged-na-centralus-01.azure-apim.net/apim/office365users"},"connection":{"name":"@json(decodeBase64(triggerOutputs().headers['X-MS-APIM-Tokens']))['$connections']['shared_office365users']['connectionId']"}},"method":"get","path":"/users/me","authentication":{"type":"Raw","value":"@json(decodeBase64(triggerOutputs().headers['X-MS-APIM-Tokens']))['$ConnectionKey']"}}},"Get_manager":{"runAfter":{"Get_my_profile":["Succeeded"]},"metadata":{"flowSystemMetadata":{"swaggerOperationId":"Manager"}},"type":"ApiConnection","inputs":{"host":{"api":{"runtimeUrl":"https://flow-apim-msmanaged-na-centralus-01.azure-apim.net/apim/office365users"},"connection":{"name":"@json(decodeBase64(triggerOutputs().headers['X-MS-APIM-Tokens']))['$connections']['shared_office365users']['connectionId']"}},"method":"get","path":"/users/@{encodeURIComponent(body('Get_my_profile')['UserPrincipalName'])}/manager","authentication":{"type":"Raw","value":"@json(decodeBase64(triggerOutputs().headers['X-MS-APIM-Tokens']))['$ConnectionKey']"}}},"Send_an_email":{"runAfter":{"Get_manager":["Succeeded"]},"metadata":{"flowSystemMetadata":{"swaggerOperationId":"SendEmail"}},"type":"ApiConnection","inputs":{"host":{"api":{"runtimeUrl":"https://flow-apim-msmanaged-na-centralus-01.azure-apim.net/apim/office365"},"connection":{"name":"@json(decodeBase64(triggerOutputs().headers['X-MS-APIM-Tokens']))['$connections']['shared_office365']['connectionId']"}},"method":"post","path":"/Mail","body":{"To":"@{body('Get_manager')?['Mail']}","Subject":"WFH","Body":"Working from home today, available by any means."},"authentication":{"type":"Raw","value":"@json(decodeBase64(triggerOutputs().headers['X-MS-APIM-Tokens']))['$ConnectionKey']"}}},"Send_a_push_notification":{"runAfter":{"Send_an_email":["Succeeded"]},"metadata":{"flowSystemMetadata":{"swaggerOperationId":"SendNotification"}},"type":"ApiConnection","inputs":{"host":{"api":{"runtimeUrl":"https://flow-apim-msmanaged-na-westus2-01.azure-apim.net/apim/flowpush"},"connection":{"name":"@json(decodeBase64(triggerOutputs().headers['X-MS-APIM-Tokens']))['$connections']['shared_flowpush']['connectionId']"}},"method":"post","path":"/sendNotification","body":{"notificationText":"WFH email was sent successfully to: @{body('Get_manager')?['DisplayName']} (@{body('Get_manager')?['Mail']})","notificationLink":{"uri":"https://outlook.office365.com/owa/?path=/mail/sentitems"}},"authentication":{"type":"Raw","value":"@json(decodeBase64(triggerOutputs().headers['X-MS-APIM-Tokens']))['$ConnectionKey']"}}}},"outputs":{}},"connectionReferences":{"shared_office365users":{"connectionName":"shared-office365user-d855effe-c743-4139-ba97-f8f651d4f3f0","source":"Invoker","id":"/providers/Microsoft.PowerApps/apis/shared_office365users","tier":"NotSpecified"},"shared_office365":{"connectionName":"shared-office365-5c3b83e9-2a3a-4063-a1ee-0a274d64af0c","source":"Invoker","id":"/providers/Microsoft.PowerApps/apis/shared_office365","tier":"NotSpecified"},"shared_flowpush":{"connectionName":"shared-flowpush-78efe446-2ede-4333-9013-640fdbaf71e9","source":"Invoker","id":"/providers/Microsoft.PowerApps/apis/shared_flowpush","tier":"NotSpecified"}},"flowFailureAlertSubscribed":false,"isManaged":false}}