{"name":"c365fe7f-4002-4451-b857-3c8c70c99aea","id":"/providers/Microsoft.Flow/flows/c365fe7f-4002-4451-b857-3c8c70c99aea","type":"Microsoft.Flow/flows","properties":{"apiId":"/providers/Microsoft.PowerApps/apis/shared_logicflows","displayName":"New NSTOP '22 Folder","definition":{"metadata":{"workflowEntityId":null,"processAdvisorMetadata":null,"flowclientsuspensionreason":"None","flowclientsuspensiontime":null,"creator":{"id":"5e9c0eba-5ad6-40cb-832a-4d79b220ff37","type":"User","tenantId":"fddf0fb0-6be4-4e34-ace1-e795bc64c91f"},"provisioningMethod":"FromDefinition","failureAlertSubscription":true,"clientLastModifiedTime":"2021-12-29T19:58:02.1170328Z"},"$schema":"https://schema.management.azure.com/providers/Microsoft.Logic/schemas/2016-06-01/workflowdefinition.json#","contentVersion":"1.0.0.0","parameters":{"$connections":{"defaultValue":{},"type":"Object"},"$authentication":{"defaultValue":{},"type":"SecureObject"}},"triggers":{"When_an_item_is_created":{"recurrence":{"frequency":"Minute","interval":5},"splitOn":"@triggerOutputs()?['body/value']","metadata":{"operationMetadataId":"e195d28e-f09a-48a1-9d2b-3eaa84bdc735"},"type":"OpenApiConnection","inputs":{"host":{"apiId":"/providers/Microsoft.PowerApps/apis/shared_sharepointonline","connectionName":"shared_sharepointonline","operationId":"GetOnNewItems"},"parameters":{"dataset":"https://amspecllc.sharepoint.com/sites/EPACompliance","table":"fe4f21f2-0ed4-47b7-aa3a-62384e2e5ab1"},"authentication":"@parameters('$authentication')"}}},"actions":{"Create_new_folder":{"runAfter":{},"metadata":{"operationMetadataId":"a011ad7c-3939-4b85-a4e6-b08695f9b7c4"},"type":"OpenApiConnection","inputs":{"host":{"apiId":"/providers/Microsoft.PowerApps/apis/shared_sharepointonline","connectionName":"shared_sharepointonline","operationId":"CreateNewFolder"},"parameters":{"dataset":"https://amspecllc.sharepoint.com/sites/EPACompliance","table":"dd37d68b-514a-4125-8ed6-16536308309b","parameters/path":"@{triggerOutputs()?['body/Title']}-@{triggerOutputs()?['body/Facility_x0020_Name']}-@{triggerOutputs()?['body/ID']}"},"authentication":"@parameters('$authentication')"}}}},"connectionReferences":{"shared_sharepointonline":{"connectionName":"0a8ae6b62bf1480db8f6e8c982397584","source":"Embedded","id":"/providers/Microsoft.PowerApps/apis/shared_sharepointonline","tier":"NotSpecified"}},"flowFailureAlertSubscribed":false,"isManaged":false}}