{"name":"61499499-1630-4b61-a375-c1561820572f","id":"/providers/Microsoft.Flow/flows/61499499-1630-4b61-a375-c1561820572f","type":"Microsoft.Flow/flows","properties":{"apiId":"/providers/Microsoft.PowerApps/apis/shared_logicflows","displayName":"Gerar Lista de Navios","definition":{"metadata":{"workflowEntityId":null,"flowclientsuspensionreason":"None","flowclientsuspensiontime":null,"creator":{"id":"e6fa3311-d0c7-418c-85e4-e25522a6c1b2","type":"User","tenantId":"fddf0fb0-6be4-4e34-ace1-e795bc64c91f"},"provisioningMethod":"FromDefinition","failureAlertSubscription":true,"clientLastModifiedTime":"2021-01-15T07:29:04.5711012Z","processAdvisorMetadata":null},"$schema":"https://schema.management.azure.com/providers/Microsoft.Logic/schemas/2016-06-01/workflowdefinition.json#","contentVersion":"1.0.0.0","parameters":{"$connections":{"defaultValue":{},"type":"Object"},"$authentication":{"defaultValue":{},"type":"SecureObject"}},"triggers":{"manual":{"splitOn":"@triggerBody()['rows']","type":"Request","kind":"ApiConnection","inputs":{"schema":{"type":"object","properties":{},"required":[]},"host":{"connection":{"name":"@parameters('$connections')['shared_sharepointonline']['connectionId']"},"api":{"runtimeUrl":"https://flow-apim-msmanaged-na-westus2-01.azure-apim.net/apim/sharepointonline"}},"operationId":"ForASelectedFileHybridTrigger","parameters":{"dataset":"https://amspecllc.sharepoint.com/sites/AgriBrasil","table":"3bde801f-af11-4424-aa23-d172c91101bd"}}}},"actions":{"Obter_itens":{"runAfter":{},"type":"OpenApiConnection","inputs":{"host":{"apiId":"/providers/Microsoft.PowerApps/apis/shared_sharepointonline","connectionName":"shared_sharepointonline","operationId":"GetItems"},"parameters":{"dataset":"https://amspecllc.sharepoint.com/sites/AgriBrasil/ECFTO","table":"2c46b0b3-5017-46fe-ab41-65a808425f43"},"authentication":{"value":"@json(decodeBase64(triggerOutputs().headers['X-MS-APIM-Tokens']))['$ConnectionKey']","type":"Raw"}}},"Popular_um_modelo_do_Microsoft_Word":{"runAfter":{"Selecionar":["Succeeded"]},"metadata":{"01KR2WX7MVPUMY344G4ZFJBDLMNYB7TR4W":"/Documento.docx"},"type":"OpenApiConnection","inputs":{"host":{"apiId":"/providers/Microsoft.PowerApps/apis/shared_wordonlinebusiness","connectionName":"shared_wordonlinebusiness","operationId":"CreateFileItem"},"parameters":{"source":"sites/amspecllc.sharepoint.com,a2868cff-30d6-417a-b861-f84525421610,d52d6fa6-719b-4aed-808a-8216284e0f71","drive":"b!_4yGotYwekG4YfhFJUIWEKZvLdWbce1KgIqCFihOD3EfgN47Ea8kRKoj0XLJEQG9","file":"01KR2WX7MVPUMY344G4ZFJBDLMNYB7TR4W","dynamicFileSchema/-1751034206":"@body('Selecionar')"},"authentication":{"value":"@json(decodeBase64(triggerOutputs().headers['X-MS-APIM-Tokens']))['$ConnectionKey']","type":"Raw"}}},"Selecionar":{"runAfter":{"Obter_itens":["Succeeded"]},"type":"Select","inputs":{"from":"@outputs('Obter_itens')?['body/value']","select":{"Naviocol":"@item()?['Title']","Portocol":"@item()?['Porto/Value']","Produtocol":"@item()?['Produto/Value']","Quantidadecol":"@item()?['Quantidate']"}}},"Atualizar_arquivo":{"runAfter":{"Popular_um_modelo_do_Microsoft_Word":["Succeeded"]},"metadata":{"%252fDocumentos%2bCompartilhados%252fDocumento.docx":"/Documentos Compartilhados/Documento.docx"},"type":"OpenApiConnection","inputs":{"host":{"apiId":"/providers/Microsoft.PowerApps/apis/shared_sharepointonline","connectionName":"shared_sharepointonline","operationId":"UpdateFile"},"parameters":{"dataset":"https://amspecllc.sharepoint.com/sites/AgriBrasil","id":"%252fDocumentos%2bCompartilhados%252fDocumento.docx","body":"@outputs('Popular_um_modelo_do_Microsoft_Word')?['body']"},"authentication":{"value":"@json(decodeBase64(triggerOutputs().headers['X-MS-APIM-Tokens']))['$ConnectionKey']","type":"Raw"}}},"Criar_arquivo":{"runAfter":{"Atualizar_arquivo":["Succeeded"]},"type":"OpenApiConnection","inputs":{"host":{"apiId":"/providers/Microsoft.PowerApps/apis/shared_sharepointonline","connectionName":"shared_sharepointonline","operationId":"CreateFile"},"parameters":{"dataset":"https://amspecllc.sharepoint.com/sites/AgriBrasil","folderPath":"/Documentos Compartilhados","name":"Arquivo_.docx","body":"@outputs('Popular_um_modelo_do_Microsoft_Word')?['body']"},"authentication":{"value":"@json(decodeBase64(triggerOutputs().headers['X-MS-APIM-Tokens']))['$ConnectionKey']","type":"Raw"}},"runtimeConfiguration":{"contentTransfer":{"transferMode":"Chunked"}}}}},"connectionReferences":{"shared_sharepointonline":{"connectionName":"d0ed5079cc724550980fd6fb3df8dac4","source":"Invoker","id":"/providers/Microsoft.PowerApps/apis/shared_sharepointonline","tier":"NotSpecified"},"shared_wordonlinebusiness":{"connectionName":"shared-wordonlinebus-5280c4ca-e154-48c0-8315-ff88-5b0de8e6","source":"Invoker","id":"/providers/Microsoft.PowerApps/apis/shared_wordonlinebusiness","tier":"NotSpecified"}},"flowFailureAlertSubscribed":false,"isManaged":false}}