{"name":"ac9f2360-35c0-4a73-884f-46f990cdfbb7","id":"/providers/Microsoft.Flow/flows/ac9f2360-35c0-4a73-884f-46f990cdfbb7","type":"Microsoft.Flow/flows","properties":{"apiId":"/providers/Microsoft.PowerApps/apis/shared_logicflows","displayName":"Button -> Refresh Singapore Ops Lab Board","definition":{"metadata":{"workflowEntityId":null,"processAdvisorMetadata":null,"flowclientsuspensionreason":"None","flowclientsuspensiontime":null,"creator":{"id":"92b54cd9-a569-4d92-bca0-4f330d1ea600","type":"User","tenantId":"fddf0fb0-6be4-4e34-ace1-e795bc64c91f"},"provisioningMethod":"FromDefinition","failureAlertSubscription":true,"clientLastModifiedTime":"2021-10-15T09:52:50.0496044Z"},"$schema":"https://schema.management.azure.com/providers/Microsoft.Logic/schemas/2016-06-01/workflowdefinition.json#","contentVersion":"1.0.0.0","parameters":{"$connections":{"defaultValue":{},"type":"Object"},"$authentication":{"defaultValue":{},"type":"SecureObject"}},"triggers":{"manual":{"type":"Request","kind":"Button","inputs":{"schema":{"type":"object","properties":{},"required":[]}}}},"actions":{"Refresh_Ops_Lab_Boards":{"runAfter":{},"type":"OpenApiConnection","inputs":{"host":{"apiId":"/providers/Microsoft.PowerApps/apis/shared_powerbi","connectionName":"shared_powerbi","operationId":"RefreshDataset"},"parameters":{"groupid":"d8f65d04-6015-4475-a149-e2e49977fbb3","datasetid":"1923e250-4f6e-4a57-a13a-774408ad028f"},"authentication":{"value":"@json(decodeBase64(triggerOutputs().headers['X-MS-APIM-Tokens']))['$ConnectionKey']","type":"Raw"}}}},"outputs":{}},"connectionReferences":{"shared_powerbi":{"connectionName":"shared-powerbi-28bcace6-136f-4eab-affa-101a-13c871bb","source":"Invoker","id":"/providers/Microsoft.PowerApps/apis/shared_powerbi","tier":"NotSpecified"}},"flowFailureAlertSubscribed":false,"isManaged":false}}