{"name":"6776f0e4-3b68-4d5b-948e-e5d23662ddc7","id":"/providers/Microsoft.Flow/flows/6776f0e4-3b68-4d5b-948e-e5d23662ddc7","type":"Microsoft.Flow/flows","properties":{"apiId":"/providers/Microsoft.PowerApps/apis/shared_logicflows","displayName":"Obtener un resumen diario de las principales noticias de CNN en el correo electrónico","definition":{"metadata":{"workflowEntityId":null,"creator":{"id":"c1f7c151-b068-41d5-8cbf-e85b83b45518","type":"User","tenantId":"fddf0fb0-6be4-4e34-ace1-e795bc64c91f"},"provisioningMethod":"FromDefinition","failureAlertSubscription":true,"clientLastModifiedTime":"2018-12-21T15:47:08.0456484Z","flowclientsuspensionreason":"None","flowclientsuspensiontime":null,"processAdvisorMetadata":null},"$schema":"https://schema.management.azure.com/providers/Microsoft.Logic/schemas/2016-06-01/workflowdefinition.json#","contentVersion":"1.0.0.0","parameters":{"$connections":{"defaultValue":{},"type":"Object"},"$authentication":{"defaultValue":{},"type":"SecureObject"}},"triggers":{"Every_day":{"recurrence":{"frequency":"Day","interval":1},"type":"Recurrence"}},"actions":{"Check_if_there_were_any_posts_this_week":{"actions":{"Compose_the_links_for_each_blog_post":{"foreach":"@take(body('Filter_array'),15)","actions":{"Compose":{"runAfter":{},"type":"Compose","inputs":"<tr><td><h3><a href=\"@{item()?['primaryLink']}\">@{item()['title']}</a></h3></td></tr><tr><td style=\"color: #777777;\">Posted at @{formatDateTime(item()?['publishDate'], 't')} GMT</td></tr><tr><td>@{item()?['summary']}</td></tr>"}},"runAfter":{},"type":"Foreach"},"Send_an_email":{"runAfter":{"Compose_the_links_for_each_blog_post":["Succeeded"]},"metadata":{"flowSystemMetadata":{"swaggerOperationId":"SendEmailNotification"}},"type":"ApiConnection","inputs":{"body":{"notificationBody":"<h2>Check out the latest news from CNN:</h2><table>@{join(outputs('Compose'),'')}</table>","notificationSubject":"Daily digest from CNN top news"},"host":{"api":{"runtimeUrl":"https://flow-apim-msmanaged-na-eastus2-01.azure-apim.net/apim/flowpush"},"connection":{"name":"@parameters('$connections')['shared_flowpush']['connectionId']"}},"method":"post","path":"/sendEmailNotification","authentication":"@parameters('$authentication')"}}},"runAfter":{"Filter_array":["Succeeded"]},"expression":"@greater(length(body('Filter_array')), 0)","type":"If"},"Filter_array":{"runAfter":{"List_all_RSS_feed_items":["Succeeded"]},"type":"Query","inputs":{"from":"@body('List_all_RSS_feed_items')","where":"@greater(item()?['publishDate'], adddays(utcnow(),-2))"}},"List_all_RSS_feed_items":{"runAfter":{},"metadata":{"flowSystemMetadata":{"swaggerOperationId":"ListFeedItems"}},"type":"ApiConnection","inputs":{"host":{"api":{"runtimeUrl":"https://flow-apim-msmanaged-na-eastus2-01.azure-apim.net/apim/rss"},"connection":{"name":"@parameters('$connections')['shared_rss']['connectionId']"}},"method":"get","path":"/ListFeedItems","queries":{"feedUrl":"http://rss.cnn.com/rss/cnn_topstories.rss"},"authentication":"@parameters('$authentication')"}}},"outputs":{}},"connectionReferences":{"shared_rss":{"connectionName":"shared-rss-860b69c7-8cfc-4538-a58c-fb0c1330235f","source":"Embedded","id":"/providers/Microsoft.PowerApps/apis/shared_rss","tier":"NotSpecified"},"shared_flowpush":{"connectionName":"shared-flowpush-eb7e900d-cb6c-4371-9dd2-e1a668b66619","source":"Embedded","id":"/providers/Microsoft.PowerApps/apis/shared_flowpush","tier":"NotSpecified"}},"flowFailureAlertSubscribed":false,"isManaged":false}}