{"name":"5dbf94e9-1c9a-40d9-b2b6-b955a924bb1e","id":"/providers/Microsoft.Flow/flows/5dbf94e9-1c9a-40d9-b2b6-b955a924bb1e","type":"Microsoft.Flow/flows","properties":{"apiId":"/providers/Microsoft.PowerApps/apis/shared_logicflows","displayName":"Update_EmployeeVaccine_VAXId","definition":{"metadata":{"workflowEntityId":null,"processAdvisorMetadata":null,"flowclientsuspensionreason":"None","flowclientsuspensiontime":null,"creator":{"id":"92b54cd9-a569-4d92-bca0-4f330d1ea600","type":"User","tenantId":"fddf0fb0-6be4-4e34-ace1-e795bc64c91f"},"provisioningMethod":"FromDefinition","failureAlertSubscription":true,"clientLastModifiedTime":"2022-01-04T07:14:33.60083Z"},"$schema":"https://schema.management.azure.com/providers/Microsoft.Logic/schemas/2016-06-01/workflowdefinition.json#","contentVersion":"1.0.0.0","parameters":{"$connections":{"defaultValue":{},"type":"Object"},"$authentication":{"defaultValue":{},"type":"SecureObject"}},"triggers":{"When_an_item_is_created":{"recurrence":{"frequency":"Minute","interval":5},"splitOn":"@triggerOutputs()?['body/value']","metadata":{"operationMetadataId":"96a25578-4f13-4fbd-ad81-342868b39b5c"},"type":"OpenApiConnection","inputs":{"host":{"apiId":"/providers/Microsoft.PowerApps/apis/shared_sharepointonline","connectionName":"shared_sharepointonline","operationId":"GetOnNewItems"},"parameters":{"dataset":"https://amspecllc.sharepoint.com/sites/AmSpecDirectory","table":"13c5a12f-3924-41fe-8627-820caa1a5f7f"},"authentication":"@parameters('$authentication')"}}},"actions":{"Update_item":{"runAfter":{},"metadata":{"operationMetadataId":"7dfe8a8d-3ab4-4486-a731-fa244664e783"},"type":"OpenApiConnection","inputs":{"host":{"apiId":"/providers/Microsoft.PowerApps/apis/shared_sharepointonline","connectionName":"shared_sharepointonline_1","operationId":"PatchItem"},"parameters":{"dataset":"https://amspecllc.sharepoint.com/sites/AmSpecDirectory","table":"13c5a12f-3924-41fe-8627-820caa1a5f7f","id":"@triggerOutputs()?['body/ID']","item/Date_x0020_Certified":"@triggerOutputs()?['body/Date_x0020_Certified']","item/VAXID":"@triggerOutputs()?['body/ID']"},"authentication":"@parameters('$authentication')"}}},"outputs":{}},"connectionReferences":{"shared_sharepointonline":{"connectionName":"ac9698e6f7f64695801fa48ec75abfe8","source":"Embedded","id":"/providers/Microsoft.PowerApps/apis/shared_sharepointonline","tier":"NotSpecified"},"shared_sharepointonline_1":{"connectionName":"7e07d5c6d5fe4ac28c24d7a946d59f8f","source":"Embedded","id":"/providers/Microsoft.PowerApps/apis/shared_sharepointonline","tier":"NotSpecified"}},"flowFailureAlertSubscribed":false,"isManaged":false}}