{"schemaVersion":"1.0","appDefinitionTemplate":{"id":"/providers/Microsoft.PowerApps/apps/","type":"Microsoft.PowerApps/apps","tags":{"primaryDeviceWidth":"2400","primaryDeviceHeight":"1400","sienaVersion":"20190303T115444Z-3.19023.12.0","deviceCapabilities":"","supportsPortrait":"false","supportsLandscape":"true","primaryFormFactor":"Tablet","publisherVersion":"3.19023.12","minimumRequiredApiVersion":"2.2.0"},"properties":{"appVersion":"2019-03-03T11:54:44Z","lifeCycleId":"Published","createdByClientVersion":{"major":3,"minor":19023,"build":12,"revision":0,"majorRevision":0,"minorRevision":0},"minClientVersion":{"major":3,"minor":19023,"build":12,"revision":0,"majorRevision":0,"minorRevision":0},"backgroundColor":"rgba(165, 34, 55, 1)","backgroundImageUri":"/2555069958966018213/N34698cc4-92ac-49c3-834b-05d0e9007f1d-logoSmallFile","displayName":"Nominations AmSpec Amsterdam test","description":"Nominations overview AmSpec Amsterdam, including dashboards.","appUris":{"documentUri":{"value":"/2555069958966018213/Nec29cc54-2b2b-48af-b4f5-2db9142f4f40-document.msapp"},"imageUris":[]},"createdTime":"0001-01-01T00:00:00Z","lastModifiedTime":"0001-01-01T00:00:00Z","sharedGroupsCount":0,"sharedUsersCount":0,"icons":{"smallIconUri":"/2555069958966018213/N5594b834-d0e4-4a51-b6e2-89b6c35b6e96-small.png","mediumIconUri":"/2555069958966018213/Nab6433cb-05aa-42c6-9a11-95d0d8a1a3ce-medium.png","largeIconUri":"/2555069958966018213/Nb2c80f2d-7496-4672-978a-89d3fc9b5223-large.png","wideIconUri":"/2555069958966018213/N1ec3f66d-8e91-4151-ae62-bf8d8d55121d-wide.png"},"connectionReferences":{"446d3cf6-8a30-4b20-b7a8-6de71e719a05":{"id":"11a93981-676c-4606-a07f-edd11d7114a2","displayName":"SharePoint","iconUri":"https://connectoricons-prod.azureedge.net/sharepointonline/icon_1.0.1019.1195.png","dataSources":["Nominations Amsterdam","Nomination Comments Amsterdam"],"dependencies":[],"dependents":[],"parameterHints":{},"isOnPremiseConnection":false,"bypassConsent":false,"dataSets":{"https://amspecllc.sharepoint.com/sites/ARA":{"dataSources":{"Nominations Amsterdam":{"tableName":"c492e8d1-8b64-4c80-8c00-2836774bf8d3"},"Nomination Comments Amsterdam":{"tableName":"0d94e09d-ddca-4fae-ae8e-7446d5003c90"}}}},"apiTier":"Standard","isCustomApiConnection":false}},"databaseReferences":{},"almMode":"Environment","performanceOptimizationEnabled":true,"executionRestrictions":{"isTeamsOnly":false,"dataLossPreventionEvaluationResult":{"status":"Compliant","lastEvaluationDate":"2020-10-27T21:31:46.1668687Z","violationDetails":[]}}},"appType":"ClassicCanvasApp","appComponents":[]}}