{"schemaVersion":"1.0","appDefinitionTemplate":{"id":"/providers/Microsoft.PowerApps/apps/","type":"Microsoft.PowerApps/apps","tags":{"primaryDeviceWidth":"640","primaryDeviceHeight":"1136","sienaVersion":"20210914T165447Z-3.21084.23.0","deviceCapabilities":"","supportsPortrait":"true","supportsLandscape":"false","primaryFormFactor":"Phone","publisherVersion":"3.21084.23","minimumRequiredApiVersion":"2.2.0","hasComponent":"false","hasUnlockedComponent":"false","isUnifiedRootApp":"false"},"properties":{"appVersion":"2021-09-14T16:54:47Z","lifeCycleId":"Published","createdByClientVersion":{"major":3,"minor":21084,"build":23,"revision":0,"majorRevision":0,"minorRevision":0},"minClientVersion":{"major":3,"minor":21084,"build":23,"revision":0,"majorRevision":0,"minorRevision":0},"backgroundColor":"rgba(165, 34, 55, 1)","backgroundImageUri":"/9348085591646610978/N76e92c8b-b4c4-4334-bd58-5e30979df621-logoSmallFile","displayName":"DG Shipper Certificates (Mobile)","description":"","commitMessage":"","appUris":{"documentUri":{"value":"/9348085591646610978/Nddf96683-3cf5-4294-8fd2-89ae73cf7d29-document.msapp"},"imageUris":[]},"createdTime":"0001-01-01T00:00:00Z","lastModifiedTime":"0001-01-01T00:00:00Z","sharedGroupsCount":0,"sharedUsersCount":0,"icons":{"smallIconUri":"/9348085591646610978/N739e6ac6-e218-4504-a572-8926d3dbf022-small.png","mediumIconUri":"/9348085591646610978/Nbdca473d-4d2a-44ea-81df-a0bffacc1514-medium.png","largeIconUri":"/9348085591646610978/N4e32beee-016e-42b4-af91-44adcad3587d-large.png","wideIconUri":"/9348085591646610978/N44b9c48e-5de3-4ab2-bf27-282b03b777c3-wide.png"},"connectionReferences":{"49bebb61-5ff6-4caf-a3bd-775476b301e4":{"id":"11a93981-676c-4606-a07f-edd11d7114a2","displayName":"SharePoint","iconUri":"https://connectoricons-prod.azureedge.net/releases/v1.0.1487/1.0.1487.2472/sharepointonline/icon.png","dataSources":["employee_certificates","employees","inf_certificate_categories","inf_certificate_certBodies","inf_certificates","inf_certifyingBodies","inf_locations","RLS_Global","RLS_location"],"dependencies":[],"dependents":[],"parameterHints":{},"parameterHintsV2":{},"isOnPremiseConnection":false,"bypassConsent":false,"dataSets":{"https://amspecllc.sharepoint.com/sites/AmSpecDirectory":{"dataSources":{"employee_certificates":{"tableName":"3c74b013-13ef-40ba-959e-7b89ec2605c6"},"employees":{"tableName":"9e5d8603-273d-4a79-b02a-1a8e946557f3"},"inf_certificate_categories":{"tableName":"9bdb80e7-c631-4549-8f8c-1b7afe22f17c"},"inf_certificate_certBodies":{"tableName":"9080f0c1-a43b-4276-8ec6-0eb97d83fc5b"},"inf_certificates":{"tableName":"fb39496c-d2ad-4230-b569-53bb052144fa"},"inf_certifyingBodies":{"tableName":"011ed2ac-b9b2-477f-8215-59e7e113d7f2"},"inf_locations":{"tableName":"376d9929-69b4-4f6d-a72d-714236977a89"},"RLS_Global":{"tableName":"dfc15711-aede-4780-aaa1-2220a709335d"},"RLS_location":{"tableName":"7729d8c0-23d1-438e-9c7f-65358770012f"}}}},"apiTier":"Standard","isCustomApiConnection":false,"actions":["providers/PowerPlatform.Governance/Operations/Read","providers/PowerPlatform.Governance/Operations/Write","providers/PowerPlatform.Governance/Operations/Delete"]}},"databaseReferences":{},"almMode":"Environment","performanceOptimizationEnabled":true,"canConsumeAppPass":true,"executionRestrictions":{"isTeamsOnly":false,"dataLossPreventionEvaluationResult":{"status":"Compliant","lastEvaluationDate":"2021-04-17T20:29:48.6876333Z","violationDetails":[]}}},"appType":"ClassicCanvasApp","appComponents":[]}}