{"schemaVersion":"1.0","appDefinitionTemplate":{"id":"/providers/Microsoft.PowerApps/apps/","type":"Microsoft.PowerApps/apps","tags":{"sp-site-id":"https://amspecllc.sharepoint.com/sites/EuropeTeam/Croatia","sp-list-id":"40b7edf8-e2e6-426c-bfa1-e49422ac7c09","https://amspecllc.sharepoint.com/sites/EuropeTeam/Croatia":"40b7edf8-e2e6-426c-bfa1-e49422ac7c09","primaryDeviceWidth":"640","primaryDeviceHeight":"1136","sienaVersion":"20190128T215819Z-3.19012.19.0","deviceCapabilities":"","supportsPortrait":"true","supportsLandscape":"false","primaryFormFactor":"Phone","publisherVersion":"3.19012.19","minimumRequiredApiVersion":"2.2.0"},"properties":{"appVersion":"2019-01-28T21:58:19Z","lifeCycleId":"Published","createdByClientVersion":{"major":3,"minor":19012,"build":19,"revision":0,"majorRevision":0,"minorRevision":0},"minClientVersion":{"major":3,"minor":19012,"build":19,"revision":0,"majorRevision":0,"minorRevision":0},"backgroundColor":"rgba(0, 176, 240, 1)","backgroundImageUri":"/13746636143595848588/N5bee153f-248d-4f9c-8961-fe498dca8613-logoSmallFile","displayName":"ROB","description":"","appUris":{"documentUri":{"value":"/13746636143595848588/Nd458889c-873b-4960-b3da-9e57cfe2f6af-document.msapp"},"imageUris":[]},"createdTime":"0001-01-01T00:00:00Z","lastModifiedTime":"0001-01-01T00:00:00Z","sharedGroupsCount":0,"sharedUsersCount":0,"icons":{"smallIconUri":"/13746636143595848588/N83d9b5d5-433c-434b-8396-612247a704e8-small.png","mediumIconUri":"/13746636143595848588/N03ff974b-35d0-417a-8836-1a8fa32f3f0f-medium.png","largeIconUri":"/13746636143595848588/N827e2982-14ba-4942-9add-524dd3dd839c-large.png","wideIconUri":"/13746636143595848588/N62c389f0-acd6-4004-af4e-11f268a96576-wide.png"},"connectionReferences":{"293351e1-f2a5-4d8e-a459-dc8fb9235162":{"id":"11a93981-676c-4606-a07f-edd11d7114a2","displayName":"SharePoint","iconUri":"https://connectoricons-prod.azureedge.net/sharepointonline/icon_1.0.1019.1195.png","dataSources":["DISCHARGING"],"dependencies":[],"dependents":[],"parameterHints":{},"isOnPremiseConnection":false,"bypassConsent":false,"dataSets":{"https://amspecllc.sharepoint.com/sites/EuropeTeam/Croatia":{"dataSources":{"DISCHARGING":{"tableName":"40b7edf8-e2e6-426c-bfa1-e49422ac7c09"}}}},"apiTier":"Standard","isCustomApiConnection":false}},"databaseReferences":{},"almMode":"Environment","performanceOptimizationEnabled":true,"executionRestrictions":{"isTeamsOnly":false,"dataLossPreventionEvaluationResult":{"status":"Compliant","lastEvaluationDate":"2020-10-27T21:31:46.2596355Z","violationDetails":[]}}},"appType":"ClassicCanvasApp","appComponents":[]}}