{"schemaVersion":"1.0","appDefinitionTemplate":{"id":"/providers/Microsoft.PowerApps/apps/","type":"Microsoft.PowerApps/apps","tags":{"primaryDeviceWidth":"640","primaryDeviceHeight":"1136","sienaVersion":"20181203T192913Z-3.18112.22.0","deviceCapabilities":"","supportsPortrait":"true","supportsLandscape":"false","primaryFormFactor":"Phone","publisherVersion":"3.18112.22","minimumRequiredApiVersion":"2.2.0"},"properties":{"appVersion":"2018-12-03T19:29:13Z","lifeCycleId":"Published","createdByClientVersion":{"major":3,"minor":18112,"build":22,"revision":0,"majorRevision":0,"minorRevision":0},"minClientVersion":{"major":3,"minor":18112,"build":22,"revision":0,"majorRevision":0,"minorRevision":0},"backgroundColor":"rgba(0, 176, 240, 1)","backgroundImageUri":"/12970428311381293962/Nce2e056f-25b3-487d-8593-1aec7f78d0dc-logoSmallFile","displayName":"tablica","description":"","appUris":{"documentUri":{"value":"/12970428311381293962/Ne810f4fd-5e6a-4de4-89f6-d0666a724d2a-document.msapp"},"imageUris":[]},"createdTime":"0001-01-01T00:00:00Z","lastModifiedTime":"0001-01-01T00:00:00Z","sharedGroupsCount":0,"sharedUsersCount":0,"icons":{"smallIconUri":"/12970428311381293962/N49ca9769-3816-461f-9171-1a8e52db04dd-small.png","mediumIconUri":"/12970428311381293962/N14ac5f18-84bb-4ee1-a4df-4370f5c42b94-medium.png","largeIconUri":"/12970428311381293962/Nf7dd7f84-af91-4194-9188-9d3ef94f57be-large.png","wideIconUri":"/12970428311381293962/N6da84421-dca7-4f10-bd70-f58ad996eb8d-wide.png"},"connectionReferences":{},"databaseReferences":{},"almMode":"Environment","performanceOptimizationEnabled":true,"executionRestrictions":{"isTeamsOnly":false,"dataLossPreventionEvaluationResult":{"status":"Compliant","lastEvaluationDate":"2020-10-27T21:31:46.11901Z","violationDetails":[]}}},"appType":"ClassicCanvasApp","appComponents":[]}}