{"name":"ec766478-03de-4fc9-b6ac-3863b456edc4","id":"/providers/Microsoft.Flow/flows/ec766478-03de-4fc9-b6ac-3863b456edc4","type":"Microsoft.Flow/flows","properties":{"apiId":"/providers/Microsoft.PowerApps/apis/shared_logicflows","displayName":"Enregistrer les pièces jointes Office 365 dans OneDrive Entreprise","definition":{"metadata":{"workflowEntityId":null,"creator":{"id":"cff46316-3fd0-41f7-84d2-f8a419517a2d","type":"User","tenantId":"fddf0fb0-6be4-4e34-ace1-e795bc64c91f"},"provisioningMethod":"FromDefinition","failureAlertSubscription":true,"clientLastModifiedTime":"2019-01-07T04:39:47.006302Z","flowclientsuspensionreason":"None","flowclientsuspensiontime":null,"processAdvisorMetadata":null},"$schema":"https://schema.management.azure.com/providers/Microsoft.Logic/schemas/2016-06-01/workflowdefinition.json#","contentVersion":"1.0.0.0","parameters":{"$connections":{"defaultValue":{},"type":"Object"},"$authentication":{"defaultValue":{},"type":"SecureObject"}},"triggers":{"On_new_email":{"splitOn":"@triggerBody()?.value","metadata":{"flowSystemMetadata":{"swaggerOperationId":"OnNewEmail"}},"type":"ApiConnectionNotification","inputs":{"fetch":{"method":"get","pathTemplate":{"template":"/Mail/OnNewEmail"},"queries":{"folderPath":"Inbox","importance":"Normal","fetchOnlyWithAttachment":true,"includeAttachments":true}},"subscribe":{"method":"post","pathTemplate":{"template":"/MailSubscriptionPoke/$subscriptions"},"body":{"NotificationUrl":"@{listCallbackUrl()}"},"queries":{"folderPath":"Inbox","importance":"Normal","fetchOnlyWithAttachment":true}},"host":{"api":{"runtimeUrl":"https://flow-apim-msmanaged-na-centralus-01.azure-apim.net/apim/office365"},"connection":{"name":"@parameters('$connections')['shared_office365']['connectionId']"}},"authentication":"@parameters('$authentication')"},"conditions":[]}},"actions":{"Apply_to_each_Attachment_on_the_email":{"foreach":"@triggerBody()['Attachments']","actions":{"Create_file":{"runAfter":{},"metadata":{"flowSystemMetadata":{"swaggerOperationId":"CreateFile"}},"type":"ApiConnection","inputs":{"host":{"api":{"runtimeUrl":"https://flow-apim-msmanaged-na-eastus2-01.azure-apim.net/apim/onedriveforbusiness"},"connection":{"name":"@parameters('$connections')['shared_onedriveforbusiness']['connectionId']"}},"method":"post","queries":{"folderPath":"/Email attachments from Flow","name":"@{item()['Name']}"},"body":"@decodeDataUri(concat('data:application/octet-stream;base64,',item()['ContentBytes']))","path":"/datasets/default/files","authentication":"@parameters('$authentication')"}}},"runAfter":{},"type":"Foreach"}}},"connectionReferences":{"shared_office365":{"connectionName":"shared-office365-5c3b83e9-2a3a-4063-a1ee-0a274d64af0c","source":"Embedded","id":"/providers/Microsoft.PowerApps/apis/shared_office365","tier":"NotSpecified"},"shared_onedriveforbusiness":{"connectionName":"shared-onedriveforbu-b090bf31-7c46-404f-a282-22c6aa986baf","source":"Embedded","id":"/providers/Microsoft.PowerApps/apis/shared_onedriveforbusiness","tier":"NotSpecified"}},"flowFailureAlertSubscribed":false,"isManaged":false}}