{"schemaVersion":"1.0","appDefinitionTemplate":{"id":"/providers/Microsoft.PowerApps/apps/","type":"Microsoft.PowerApps/apps","tags":{"sp-site-id":"https://amspecllc-my.sharepoint.com/personal/znagui_youssef_amspecgroup_com","sp-list-id":"5bbf4122-37e9-464e-be6d-23bb928eef56","https://amspecllc-my.sharepoint.com/personal/znagui_youssef_amspecgroup_com":"5bbf4122-37e9-464e-be6d-23bb928eef56","primaryDeviceWidth":"640","primaryDeviceHeight":"1136","sienaVersion":"957e7317-1864-439f-bc09-217576d6f1e7","deviceCapabilities":"","supportsPortrait":"true","supportsLandscape":"true","primaryFormFactor":"Phone","publisherVersion":"3.21064.25","minimumRequiredApiVersion":"2.2.0","hasComponent":"false","hasUnlockedComponent":"false","isUnifiedRootApp":"false"},"properties":{"appVersion":"2021-07-20T13:50:44Z","lifeCycleId":"Published","createdByClientVersion":{"major":3,"minor":21064,"build":25,"revision":0,"majorRevision":0,"minorRevision":0},"minClientVersion":{"major":3,"minor":21064,"build":25,"revision":0,"majorRevision":0,"minorRevision":0},"backgroundColor":"rgba(0, 176, 240, 1)","backgroundImageUri":"/1344919305737191559/N04123f0b-610e-4001-936f-045be3b363e5-logoSmallFile","displayName":"Opérations d'additivation","description":"","commitMessage":"","appUris":{"documentUri":{"value":"/1344919305737191559/N1f31960b-9c50-4f7d-bc58-f41eae2afa5e-document.msapp"},"imageUris":[]},"createdTime":"0001-01-01T00:00:00Z","lastModifiedTime":"0001-01-01T00:00:00Z","sharedGroupsCount":0,"sharedUsersCount":0,"icons":{"smallIconUri":"/1344919305737191559/N8a796583-879a-4075-b5cc-67fab404a633-small.png","mediumIconUri":"/1344919305737191559/N02d43420-2462-4dce-8011-1649fce3ad89-medium.png","largeIconUri":"/1344919305737191559/Nd3792119-45fd-4e8c-b684-f7fd0c9b8b3d-large.png","wideIconUri":"/1344919305737191559/N38502ae5-ea15-4e2b-8edc-e7dca9af11a5-wide.png"},"connectionReferences":{"46b74926-e037-470e-bb92-189f6730d0a8":{"id":"11a93981-676c-4606-a07f-edd11d7114a2","displayName":"SharePoint","iconUri":"https://connectoricons-prod.azureedge.net/releases/v1.0.1487/1.0.1487.2472/sharepointonline/icon.png","dataSources":["Suivi des opérations d'additivation"],"dependencies":[],"dependents":[],"parameterHints":{},"parameterHintsV2":{},"isOnPremiseConnection":false,"dataSets":{"https://amspecllc-my.sharepoint.com/personal/znagui_youssef_amspecgroup_com":{"dataSources":{"Suivi des opérations d'additivation":{"tableName":"5bbf4122-37e9-464e-be6d-23bb928eef56"}}}},"apiTier":"Standard","isCustomApiConnection":false}},"databaseReferences":{},"almMode":"Environment","performanceOptimizationEnabled":true,"canConsumeAppPass":true,"executionRestrictions":{"isTeamsOnly":false,"dataLossPreventionEvaluationResult":{"status":"Compliant","lastEvaluationDate":"2021-07-20T13:51:00.1144189Z","violations":[],"violationsByPolicy":[],"violationErrorMessage":"L’application utilise les connecteurs suivants : shared_sharepointonline."}}},"appType":"ClassicCanvasApp","appComponents":[]}}