{"name":"4ddf7f18-ecca-4e1b-8bcb-d5ecd0748873","id":"/providers/Microsoft.Flow/flows/4ddf7f18-ecca-4e1b-8bcb-d5ecd0748873","type":"Microsoft.Flow/flows","properties":{"apiId":"/providers/Microsoft.PowerApps/apis/shared_logicflows","displayName":"Recevoir une notification Push lors des mises à jour du blog Flow","definition":{"metadata":{"workflowEntityId":null,"creator":{"id":"cff46316-3fd0-41f7-84d2-f8a419517a2d","type":"User","tenantId":"fddf0fb0-6be4-4e34-ace1-e795bc64c91f"},"provisioningMethod":"FromDefinition","failureAlertSubscription":true,"clientLastModifiedTime":"2019-01-07T04:39:34.4935028Z","flowclientsuspensionreason":"None","flowclientsuspensiontime":null,"processAdvisorMetadata":null},"$schema":"https://schema.management.azure.com/providers/Microsoft.Logic/schemas/2016-06-01/workflowdefinition.json#","contentVersion":"1.0.0.0","parameters":{"$connections":{"defaultValue":{},"type":"Object"},"$authentication":{"defaultValue":{},"type":"SecureObject"}},"triggers":{"When_a_feed_item_is_published":{"recurrence":{"frequency":"Minute","interval":5},"splitOn":"@triggerBody()?.value","metadata":{"flowSystemMetadata":{"swaggerOperationId":"OnNewFeed"}},"type":"ApiConnection","inputs":{"host":{"api":{"runtimeUrl":"https://flow-apim-msmanaged-na-eastus2-01.azure-apim.net/apim/rss"},"connection":{"name":"@parameters('$connections')['shared_rss']['connectionId']"}},"method":"get","path":"/OnNewFeed","queries":{"feedUrl":"https://flow.microsoft.com/en-us/blog/feed/"},"authentication":"@parameters('$authentication')"}}},"actions":{"Send_a_push_notification":{"runAfter":{},"metadata":{"flowSystemMetadata":{"swaggerOperationId":"SendNotification"}},"type":"ApiConnection","inputs":{"host":{"api":{"runtimeUrl":"https://flow-apim-msmanaged-na-westus-01.azure-apim.net/apim/flowpush"},"connection":{"name":"@parameters('$connections')['shared_flowpush']['connectionId']"}},"method":"post","path":"/sendNotification","body":{"notificationText":"Flow blog update - @{triggerBody()?['title']}","notificationLink":{"uri":"@{triggerBody()?['primaryLink']}","label":"Go to feed"}},"authentication":"@parameters('$authentication')"}}},"outputs":{}},"connectionReferences":{"shared_rss":{"connectionName":"shared-rss-977a8a83-2268-4a44-97d7-e9a7956b2d81","source":"Embedded","id":"/providers/Microsoft.PowerApps/apis/shared_rss","tier":"NotSpecified"},"shared_flowpush":{"connectionName":"shared-flowpush-78efe446-2ede-4333-9013-640fdbaf71e9","source":"Embedded","id":"/providers/Microsoft.PowerApps/apis/shared_flowpush","tier":"NotSpecified"}},"flowFailureAlertSubscribed":false,"isManaged":false}}