{"name":"8e27cd0f-6735-4eca-9162-c3c427856ce3","id":"/providers/Microsoft.Flow/flows/8e27cd0f-6735-4eca-9162-c3c427856ce3","type":"Microsoft.Flow/flows","properties":{"apiId":"/providers/Microsoft.PowerApps/apis/shared_logicflows","displayName":"New DG Certificate is uploaded to Dangerous Good Shippers","definition":{"metadata":{"workflowEntityId":null,"processAdvisorMetadata":null,"flowclientsuspensionreason":"None","flowclientsuspensiontime":null,"creator":{"id":"92b54cd9-a569-4d92-bca0-4f330d1ea600","type":"User","tenantId":"fddf0fb0-6be4-4e34-ace1-e795bc64c91f"},"provisioningMethod":"FromDefinition","failureAlertSubscription":true,"clientLastModifiedTime":"2022-05-11T08:47:06.209056Z"},"$schema":"https://schema.management.azure.com/providers/Microsoft.Logic/schemas/2016-06-01/workflowdefinition.json#","contentVersion":"1.0.0.0","parameters":{"$connections":{"defaultValue":{},"type":"Object"},"$authentication":{"defaultValue":{},"type":"SecureObject"},"sharepoint.site":{"defaultValue":"","type":"String"},"sharepoint.list":{"defaultValue":"","type":"String"},"sharepoint.folderPath":{"defaultValue":"","type":"String"}},"triggers":{"When_a_file_is_created_(properties_only)":{"recurrence":{"frequency":"Minute","interval":5},"splitOn":"@triggerBody()?['value']","metadata":{"flowSystemMetadata":{"swaggerOperationId":"GetOnNewFileItems"},"operationMetadataId":"c16d4c56-9984-4d1b-8a54-843f890d51a4"},"type":"ApiConnection","inputs":{"host":{"connection":{"name":"@parameters('$connections')['shared_sharepointonline']['connectionId']"},"api":{"runtimeUrl":"https://flow-apim-msmanaged-na-westus-01.azure-apim.net/apim/sharepointonline"}},"method":"get","path":"/datasets/@{encodeURIComponent(encodeURIComponent('https://amspecllc.sharepoint.com/'))}/tables/@{encodeURIComponent(encodeURIComponent('106fc158-4287-4575-b167-3880e938b559'))}/onnewfileitems","queries":{"folderPath":"/ShippingDangerousGoods/Certificates - IATA/Current"},"authentication":"@parameters('$authentication')"}}},"actions":{"Send_an_email":{"runAfter":{},"metadata":{"flowSystemMetadata":{"swaggerOperationId":"SendEmailV2"},"operationMetadataId":"1d82e762-9e08-4572-9bda-4f4379ca8eb5"},"type":"ApiConnection","inputs":{"host":{"connection":{"name":"@parameters('$connections')['shared_office365']['connectionId']"},"api":{"runtimeUrl":"https://flow-apim-msmanaged-na-centralus-01.azure-apim.net/apim/office365"}},"method":"post","body":{"To":"DGHelp@amspecgroup.com","Subject":"New DG IATA Certificate added  - @{triggerBody()?['{FilenameWithExtension}']}","Body":"Hi Team, <br><br>\nFYI @{triggerBody()?['Author']?['DisplayName']} added a new file: <a href=\"@{triggerBody()?['{Link}']}\">@{triggerBody()?['{FilenameWithExtension}']}</a>. <br><br> Thanks!","From":"notification@amspecgroup.net","Cc":"amr.guenena@amspecgroup.net"},"path":"/v2/Mail","authentication":"@parameters('$authentication')"}}},"description":"Send yourself or someone else a customized email whenever a new file is added to a selected SharePoint document library."},"connectionReferences":{"shared_office365":{"connectionName":"shared-office365-3d4ee488-32bb-4dae-92b4-872f-9867154d","source":"Embedded","id":"/providers/Microsoft.PowerApps/apis/shared_office365","tier":"NotSpecified"},"shared_sharepointonline":{"connectionName":"ac9698e6f7f64695801fa48ec75abfe8","source":"Embedded","id":"/providers/Microsoft.PowerApps/apis/shared_sharepointonline","tier":"NotSpecified"}},"flowFailureAlertSubscribed":false,"isManaged":false}}