{"name":"573fe660-25bf-4fb7-816a-34829131fbca","id":"/providers/Microsoft.Flow/flows/573fe660-25bf-4fb7-816a-34829131fbca","type":"Microsoft.Flow/flows","properties":{"apiId":"/providers/Microsoft.PowerApps/apis/shared_logicflows","displayName":"PowerAppsButton_ECFTOTest","definition":{"metadata":{"workflowEntityId":null,"flowclientsuspensionreason":"None","flowclientsuspensiontime":null,"creator":{"id":"e6fa3311-d0c7-418c-85e4-e25522a6c1b2","type":"User","tenantId":"fddf0fb0-6be4-4e34-ace1-e795bc64c91f"},"provisioningMethod":"FromDefinition","failureAlertSubscription":true,"clientLastModifiedTime":"2021-04-05T09:33:21.1443223Z","processAdvisorMetadata":null},"$schema":"https://schema.management.azure.com/providers/Microsoft.Logic/schemas/2016-06-01/workflowdefinition.json#","contentVersion":"1.0.0.0","parameters":{"$connections":{"defaultValue":{},"type":"Object"},"$authentication":{"defaultValue":{},"type":"SecureObject"}},"triggers":{"manual":{"type":"Request","kind":"PowerApp","inputs":{"schema":{"type":"object","properties":{"Obteritens_ConsultadeFiltro":{"type":"string","description":"Uma consulta de filtro do ODATA para restringir as entradas foi retornada (ex.: stringColumn eq 'string' OR numberColumn lt 123).. Este parâmetro é usado como parte de \"4D79BC56-078A-49AC-BE26-0A38BCED47D4\"","x-ms-powerflows-param-ispartial":true}},"required":["Obteritens_ConsultadeFiltro"]}}}},"actions":{"Obter_itens":{"runAfter":{},"type":"OpenApiConnection","inputs":{"host":{"apiId":"/providers/Microsoft.PowerApps/apis/shared_sharepointonline","connectionName":"shared_sharepointonline","operationId":"GetItems"},"parameters":{"dataset":"https://amspecllc.sharepoint.com/sites/AgriBrasil/ECFTO","table":"2c46b0b3-5017-46fe-ab41-65a808425f43","$filter":"@{if(equals(triggerBody()['Obteritens_ConsultadeFiltro'],''),'','startswith(Title,''')}@{triggerBody()['Obteritens_ConsultadeFiltro']}@{if(equals(triggerBody()['Obteritens_ConsultadeFiltro'],''),'',''')')}"},"authentication":{"value":"@json(decodeBase64(triggerOutputs().headers['X-MS-APIM-Tokens']))['$ConnectionKey']","type":"Raw"}}},"Respond_to_a_PowerApp_or_flow":{"runAfter":{"Criar_Tabela_CSV":["Succeeded"]},"type":"Response","kind":"PowerApp","inputs":{"statusCode":200,"body":{"respapp":"@body('Criar_Tabela_HTML')","tabapp":"@body('Criar_Tabela_CSV')"},"schema":{"type":"object","properties":{"respapp":{"title":"RespApp","x-ms-dynamically-added":true,"type":"string"},"tabapp":{"title":"TabApp","x-ms-dynamically-added":true,"type":"string"}}}}},"Criar_Tabela_HTML":{"runAfter":{"Obter_itens":["Succeeded"]},"type":"Table","inputs":{"from":"@outputs('Obter_itens')?['body/value']","format":"HTML","columns":[{"header":"Navio","value":"@item()?['Title']"},{"header":"Total_Descarregado","value":"@formatNumber(item()?['Quantidate'],'#,###.000','pt-BR')"},{"header":"Porto","value":"@item()?['Porto/Value']"},{"header":"Terminal","value":"@item()?['Terminal']"}]}},"Criar_Tabela_CSV":{"runAfter":{"Criar_Tabela_HTML":["Succeeded"]},"type":"Table","inputs":{"from":"@outputs('Obter_itens')?['body/value']","format":"CSV","columns":[{"header":"Navio","value":"@item()?['Title']"},{"header":"Total_Descarregado","value":"@formatNumber(item()?['Quantidate'],'#,###.000','pt-BR')"}]}}},"outputs":{},"description":"Crie uma ou mais ações para acontecerem quando um botão ou link no PowerApps estiver selecionado. Para usar esse fluxo de um PowerApp, selecione o controle para o qual você deseja disparar o fluxo e vá até a guia Ação na faixa de opções do PowerApps e selecione Fluxos."},"connectionReferences":{"shared_sharepointonline":{"connectionName":"d0ed5079cc724550980fd6fb3df8dac4","source":"Invoker","id":"/providers/Microsoft.PowerApps/apis/shared_sharepointonline","tier":"NotSpecified"}},"flowFailureAlertSubscribed":false,"isManaged":false}}