{"name":"954a6b39-9748-4b63-8546-496f678f117d","id":"/providers/Microsoft.Flow/flows/954a6b39-9748-4b63-8546-496f678f117d","type":"Microsoft.Flow/flows","properties":{"apiId":"/providers/Microsoft.PowerApps/apis/shared_logicflows","displayName":"Edox Page Collector","definition":{"metadata":{"workflowEntityId":null,"processAdvisorMetadata":null,"flowclientsuspensionreason":"BillingConsumption","flowclientsuspensiontime":"2022-04-17T07:47:13.8253714Z","creator":{"id":"e6fa3311-d0c7-418c-85e4-e25522a6c1b2","type":"User","tenantId":"fddf0fb0-6be4-4e34-ace1-e795bc64c91f"},"provisioningMethod":"FromDefinition","failureAlertSubscription":true,"clientLastModifiedTime":"2022-03-16T16:07:13.8815806Z"},"$schema":"https://schema.management.azure.com/providers/Microsoft.Logic/schemas/2016-06-01/workflowdefinition.json#","contentVersion":"1.0.0.0","parameters":{"$connections":{"defaultValue":{},"type":"Object"},"$authentication":{"defaultValue":{},"type":"SecureObject"}},"triggers":{"manual":{"metadata":{"operationMetadataId":"315f3ea1-5997-43b4-9727-0fa91ee0f3b9"},"type":"Request","kind":"PowerApp","inputs":{"schema":{"type":"object","properties":{"ExecutarumfluxocriadocomoPowerAutomateDesktop_nroOpEdox":{"type":"string","description":"nroOpEdox","x-ms-powerflows-param-ispartial":false},"ExecutarumfluxocriadocomoPowerAutomateDesktop_SeletorExportadorEdox":{"type":"string","description":"Seletor Exportador Edox","x-ms-powerflows-param-ispartial":false}},"required":["ExecutarumfluxocriadocomoPowerAutomateDesktop_nroOpEdox","ExecutarumfluxocriadocomoPowerAutomateDesktop_SeletorExportadorEdox"]}}}},"actions":{"Executar_um_fluxo_criado_com_o_Power_Automate_Desktop":{"runAfter":{},"metadata":{"operationMetadataId":"4fada3ac-14e3-4b23-b0cc-664fb025b9e5"},"type":"OpenApiConnection","inputs":{"host":{"apiId":"/providers/Microsoft.PowerApps/apis/shared_uiflow","connectionName":"shared_uiflow","operationId":"RunUIFlow_V2"},"parameters":{"uiFlowId":"298a8e7a-8701-4afe-914e-464d7ab49c61","runMode":"attended","runPriority":"high","item/nroOpEdox":"@triggerBody()['ExecutarumfluxocriadocomoPowerAutomateDesktop_nroOpEdox']","item/SetExp":"@triggerBody()['ExecutarumfluxocriadocomoPowerAutomateDesktop_SeletorExportadorEdox']","x-ms-flow-trusted-access":true},"authentication":{"value":"@json(decodeBase64(triggerOutputs().headers['X-MS-APIM-Tokens']))['$ConnectionKey']","type":"Raw"}}},"Enviar_Email_(V3)":{"runAfter":{"Responder_a_um_PowerApp_ou_a_um_fluxo":["Succeeded"]},"metadata":{"operationMetadataId":"a307602c-e4a7-43b1-a47e-5815a824938c"},"type":"OpenApiConnection","inputs":{"host":{"apiId":"/providers/Microsoft.PowerApps/apis/shared_smtp","connectionName":"shared_smtp","operationId":"SendEmailV3"},"parameters":{"emailMessage/To":"Anderson.Reis@amspecgroup.com","emailMessage/Subject":"Notificação | @{outputs('Executar_um_fluxo_criado_com_o_Power_Automate_Desktop')?['body/Vessel']} | @{outputs('Executar_um_fluxo_criado_com_o_Power_Automate_Desktop')?['body/weightCert']}| Certificado \"@{outputs('Executar_um_fluxo_criado_com_o_Power_Automate_Desktop')?['body/titleCert']}\" Enviado com Sucesso! | @{outputs('Executar_um_fluxo_criado_com_o_Power_Automate_Desktop')?['body/lordPort']} to @{outputs('Executar_um_fluxo_criado_com_o_Power_Automate_Desktop')?['body/oordPort']} | @{outputs('Executar_um_fluxo_criado_com_o_Power_Automate_Desktop')?['body/certNro']}@{outputs('Executar_um_fluxo_criado_com_o_Power_Automate_Desktop')?['body/certYear']}","emailMessage/Body":"<p>Certificado Enviado com Sucesso!<br>\n<br>\nData e hora do envio: @{utcNow()}<br>\n<br>\n<br>\nCorpo Formatado:<br>\nTITLE: @{outputs('Executar_um_fluxo_criado_com_o_Power_Automate_Desktop')?['body/titleCert']}<br>\nCERTIFICATE NO..: @{outputs('Executar_um_fluxo_criado_com_o_Power_Automate_Desktop')?['body/certNro']}@{outputs('Executar_um_fluxo_criado_com_o_Power_Automate_Desktop')?['body/certYear']}<br>\nPLACE OF ISSUE: @{outputs('Executar_um_fluxo_criado_com_o_Power_Automate_Desktop')?['body/placeOfIssue']}<br>\nDATE OF ISSUE: @{outputs('Executar_um_fluxo_criado_com_o_Power_Automate_Desktop')?['body/dateOfIssue']}<br>\nVESSEL: @{outputs('Executar_um_fluxo_criado_com_o_Power_Automate_Desktop')?['body/Vessel']}<br>\nMATE'S RECEIPT DATE: @{outputs('Executar_um_fluxo_criado_com_o_Power_Automate_Desktop')?['body/matesReceiptDate']}<br>\nB/L DATE: @{outputs('Executar_um_fluxo_criado_com_o_Power_Automate_Desktop')?['body/blDate']}<br>\nWEIGHT: @{outputs('Executar_um_fluxo_criado_com_o_Power_Automate_Desktop')?['body/weightCert']}<br>\nDESCRIPTION OF GOODS: @{outputs('Executar_um_fluxo_criado_com_o_Power_Automate_Desktop')?['body/goodsDesc']}<br>\nLOAD PORT: @{outputs('Executar_um_fluxo_criado_com_o_Power_Automate_Desktop')?['body/lordPort']}<br>\nDESTINATION: @{outputs('Executar_um_fluxo_criado_com_o_Power_Automate_Desktop')?['body/oordPort']}<br>\nSHIPPED BY: @{outputs('Executar_um_fluxo_criado_com_o_Power_Automate_Desktop')?['body/shippedBy']}<br>\nNOTIFY ADDRESS:<br>\nCONSIGNEE:<br>\nADDITIONAL 1<br>\nADDITIONAL 2<br>\nADDITIONAL 3<br>\nADDITIONAL 4<br>\nADDITIONAL 5<br>\nADDITIONAL 6<br>\nL/C NUMBER:<br>\nSTOWED INTO HOLDS NUMBER:<br>\nCOMMENTS:<br>\nDATE OF INSPECTION:<br>\nDATE OF INSPECTION II:<br>\nSIGNER:<br>\nSIGNATURE'S FOOT:<br>\n<br>\nResposta API: @{body('HTTP')}<br>\n<br>\n</p>"},"authentication":{"value":"@json(decodeBase64(triggerOutputs().headers['X-MS-APIM-Tokens']))['$ConnectionKey']","type":"Raw"}}},"Criar_item":{"runAfter":{"Executar_um_fluxo_criado_com_o_Power_Automate_Desktop":["Succeeded"]},"metadata":{"operationMetadataId":"3ee7d083-e3fb-458c-a1ae-0d2d03126cc3"},"type":"OpenApiConnection","inputs":{"host":{"apiId":"/providers/Microsoft.PowerApps/apis/shared_sharepointonline","connectionName":"shared_sharepointonline","operationId":"PostItem"},"parameters":{"dataset":"https://amspecllc.sharepoint.com/sites/AgriBrasil","table":"3852bf95-0328-4fee-9e2a-f50cab0a08fe","item/Title":"@{outputs('Executar_um_fluxo_criado_com_o_Power_Automate_Desktop')?['body/certNro']}@{outputs('Executar_um_fluxo_criado_com_o_Power_Automate_Desktop')?['body/certYear']}","item/T_x00ed_tulo_x0020_do_x0020_Cert":"@outputs('Executar_um_fluxo_criado_com_o_Power_Automate_Desktop')?['body/titleCert']","item/Split":"@outputs('Executar_um_fluxo_criado_com_o_Power_Automate_Desktop')?['body/certYear']","item/Nro_x0020_do_x0020_Certificado":"@{outputs('Executar_um_fluxo_criado_com_o_Power_Automate_Desktop')?['body/certNro']}@{outputs('Executar_um_fluxo_criado_com_o_Power_Automate_Desktop')?['body/certYear']}","item/Local_x0020_da_x0020_Emiss_x00e3":"@outputs('Executar_um_fluxo_criado_com_o_Power_Automate_Desktop')?['body/placeOfIssue']","item/Navio_x0020__x002f__x0020_Bookin":"@outputs('Executar_um_fluxo_criado_com_o_Power_Automate_Desktop')?['body/Vessel']","item/Data_x0020_Mates_x0020_Receipt":"@outputs('Executar_um_fluxo_criado_com_o_Power_Automate_Desktop')?['body/matesReceiptDate']","item/Data_x0020_BL":"@outputs('Executar_um_fluxo_criado_com_o_Power_Automate_Desktop')?['body/blDate']","item/Peso":"@outputs('Executar_um_fluxo_criado_com_o_Power_Automate_Desktop')?['body/weightCert']","item/Descri_x00e7__x00e3_o_x0020_do_x":"@outputs('Executar_um_fluxo_criado_com_o_Power_Automate_Desktop')?['body/goodsDesc']","item/Porto_x0020_de_x0020_C_x0020_ou_":"@outputs('Executar_um_fluxo_criado_com_o_Power_Automate_Desktop')?['body/lordPort']","item/Porto_x0020_O_x0020_ou_x0020_D":"@outputs('Executar_um_fluxo_criado_com_o_Power_Automate_Desktop')?['body/oordPort']","item/Exportador":"@outputs('Executar_um_fluxo_criado_com_o_Power_Automate_Desktop')?['body/shippedBy']"},"authentication":{"value":"@json(decodeBase64(triggerOutputs().headers['X-MS-APIM-Tokens']))['$ConnectionKey']","type":"Raw"}}},"HTTP":{"runAfter":{"Criar_item":["Succeeded"]},"metadata":{"operationMetadataId":"0c30d183-cb0e-46cb-bcf6-4498db13f95c"},"type":"Http","inputs":{"method":"POST","uri":"https://hook.integromat.com/tdpdqesrr6t57jju8tjtq16049viorxj","body":"@outputs('Executar_um_fluxo_criado_com_o_Power_Automate_Desktop')?['body']"}},"Responder_a_um_PowerApp_ou_a_um_fluxo":{"runAfter":{"HTTP":["Succeeded"]},"metadata":{"operationMetadataId":"f5aa7997-dad8-4dd0-bcc5-6e5a3087b663"},"type":"Response","kind":"PowerApp","inputs":{"statusCode":200,"body":{"resposta_api_amspec":"@{body('HTTP')} (Código do Status: @{outputs('HTTP')['statusCode']})"},"schema":{"type":"object","properties":{"resposta_api_amspec":{"title":"Resposta API AmSpec","x-ms-dynamically-added":true,"type":"string"}}}}}}},"connectionReferences":{"shared_uiflow":{"connectionName":"shared-uiflow-a466f388-e0d8-439f-81ef-99f6-3d244c77","source":"Invoker","id":"/providers/Microsoft.PowerApps/apis/shared_uiflow","tier":"NotSpecified"},"shared_smtp":{"connectionName":"shared-smtp-56033fa2-9c05-400e-9d24-e182-8b8e83ca","source":"Invoker","id":"/providers/Microsoft.PowerApps/apis/shared_smtp","tier":"NotSpecified"},"shared_sharepointonline":{"connectionName":"d0ed5079cc724550980fd6fb3df8dac4","source":"Invoker","id":"/providers/Microsoft.PowerApps/apis/shared_sharepointonline","tier":"NotSpecified"}},"flowFailureAlertSubscribed":false,"isManaged":false}}