{"schemaVersion":"1.0","appDefinitionTemplate":{"id":"/providers/Microsoft.PowerApps/apps/","type":"Microsoft.PowerApps/apps","tags":{"primaryDeviceWidth":"1366","primaryDeviceHeight":"768","sienaVersion":"20211115T083309Z-3.21102.25.0","deviceCapabilities":"","supportsPortrait":"false","supportsLandscape":"true","primaryFormFactor":"Tablet","publisherVersion":"3.21102.25","minimumRequiredApiVersion":"2.2.0","hasComponent":"false","hasUnlockedComponent":"false","isUnifiedRootApp":"false"},"properties":{"appVersion":"2021-11-15T08:33:09Z","lifeCycleId":"Published","createdByClientVersion":{"major":3,"minor":21102,"build":25,"revision":0,"majorRevision":0,"minorRevision":0},"minClientVersion":{"major":3,"minor":21102,"build":25,"revision":0,"majorRevision":0,"minorRevision":0},"backgroundColor":"rgba(184, 0, 0, 1)","backgroundImageUri":"/15633201582010685275/N4f519f97-76a3-4a3a-bedc-842abfda7984-logoSmallFile","displayName":"AmSpec Global Properties","description":"","commitMessage":"Added Business License","appUris":{"documentUri":{"value":"/15633201582010685275/Nea9e1e3b-9feb-4686-809b-2c284754c3a7-document.msapp"},"imageUris":[]},"createdTime":"0001-01-01T00:00:00Z","lastModifiedTime":"0001-01-01T00:00:00Z","sharedGroupsCount":0,"sharedUsersCount":0,"icons":{"smallIconUri":"/15633201582010685275/N474eec00-5636-4b9c-8c4d-ae11c1ddda1d-small.png","mediumIconUri":"/15633201582010685275/N98d82461-99a5-4a6b-bb0a-4b35a9fe3655-medium.png","largeIconUri":"/15633201582010685275/N17996d06-bf11-4445-aed3-798206af67f5-large.png","wideIconUri":"/15633201582010685275/N5c5b130a-3f57-43b8-85da-31d2ba9c9840-wide.png"},"connectionReferences":{"f10648b4-0a19-4f40-b50a-7ca369189dbe":{"id":"11a93981-676c-4606-a07f-edd11d7114a2","displayName":"SharePoint","iconUri":"https://connectoricons-prod.azureedge.net/releases/v1.0.1533/1.0.1533.2600/sharepointonline/icon.png","dataSources":["AmSpecLocations","inf_countries","LeaseContracts","Business Licenses"],"dependencies":[],"dependents":[],"parameterHints":{},"parameterHintsV2":{},"isOnPremiseConnection":false,"bypassConsent":false,"dataSets":{"https://amspecllc.sharepoint.com/sites/AmSpecDirectory":{"dataSources":{"AmSpecLocations":{"tableName":"a804dddf-58aa-451a-b60a-323a4d0d7253"},"inf_countries":{"tableName":"84f4dac2-fce9-46b2-8ee8-dced687947aa"},"LeaseContracts":{"tableName":"c6fe10c5-cc53-4292-a257-bf3317f0b4cd"},"Business Licenses":{"tableName":"2038ab31-5daa-432d-afa7-d40b7f6bf62b"}}}},"apiTier":"Standard","isCustomApiConnection":false,"actions":["providers/PowerPlatform.Governance/Operations/Read","providers/PowerPlatform.Governance/Operations/Write"]}},"databaseReferences":{},"almMode":"Environment","performanceOptimizationEnabled":true,"canConsumeAppPass":true,"executionRestrictions":{"isTeamsOnly":false,"dataLossPreventionEvaluationResult":{"status":"Compliant","lastEvaluationDate":"2021-06-12T12:41:27.2644092Z","violations":[],"violationsByPolicy":[],"violationErrorMessage":"The app uses the following connectors: shared_sharepointonline."}}},"appType":"ClassicCanvasApp","appComponents":[]}}