{"schemaVersion":"1.0","appDefinitionTemplate":{"id":"/providers/Microsoft.PowerApps/apps/","type":"Microsoft.PowerApps/apps","tags":{"sp-site-id":"https://amspecllc-my.sharepoint.com/personal/znagui_youssef_amspecgroup_com","sp-list-id":"cb596892-bcf1-43b2-9571-448579149533","https://amspecllc-my.sharepoint.com/personal/znagui_youssef_amspecgroup_com":"cb596892-bcf1-43b2-9571-448579149533","primaryDeviceWidth":"640","primaryDeviceHeight":"1136","sienaVersion":"20211231T123410Z-3.21115.37.0","deviceCapabilities":"","supportsPortrait":"true","supportsLandscape":"true","primaryFormFactor":"Phone","publisherVersion":"3.21115.37","minimumRequiredApiVersion":"2.2.0","hasComponent":"false","hasUnlockedComponent":"false","isUnifiedRootApp":"false"},"properties":{"appVersion":"2021-12-31T12:34:10Z","lifeCycleId":"Published","createdByClientVersion":{"major":3,"minor":21115,"build":37,"revision":0,"majorRevision":0,"minorRevision":0},"minClientVersion":{"major":3,"minor":21115,"build":37,"revision":0,"majorRevision":0,"minorRevision":0},"backgroundColor":"RGBA(0,176,240,1)","backgroundImageUri":"/458731447361535517/N107626ed-d309-4742-a449-918f1dfcea39-logoSmallFile","displayName":"Stock example","description":"","commitMessage":"","appUris":{"documentUri":{"value":"/458731447361535517/Nb99de6df-79c9-4fc1-a261-0be66288f6bf-document.msapp"},"imageUris":[]},"createdTime":"0001-01-01T00:00:00Z","lastModifiedTime":"0001-01-01T00:00:00Z","sharedGroupsCount":0,"sharedUsersCount":0,"icons":{"smallIconUri":"/458731447361535517/Nfbe4cbad-d7a1-4440-a5ca-bc29890e7256-small.png","mediumIconUri":"/458731447361535517/N40a11f95-e0c3-4a68-ac4e-258773b5bd29-medium.png","largeIconUri":"/458731447361535517/N272d301b-a410-48c4-b5fc-2add818ad8c6-large.png","wideIconUri":"/458731447361535517/N9502c8d6-d512-4612-a139-524dd4e13d3b-wide.png"},"connectionReferences":{"20905b84-a197-4856-877d-61ef407faefe":{"id":"11a93981-676c-4606-a07f-edd11d7114a2","displayName":"SharePoint","iconUri":"https://connectoricons-prod.azureedge.net/releases/v1.0.1539/1.0.1539.2620/sharepointonline/icon.png","dataSources":["Stock inventory 2"],"dependencies":[],"dependents":[],"parameterHints":{},"parameterHintsV2":{},"isOnPremiseConnection":false,"dataSets":{"https://amspecllc-my.sharepoint.com/personal/znagui_youssef_amspecgroup_com":{"dataSources":{"Stock inventory 2":{"tableName":"cb596892-bcf1-43b2-9571-448579149533"}}}},"apiTier":"Standard","isCustomApiConnection":false,"actions":["providers/PowerPlatform.Governance/Operations/Read","providers/PowerPlatform.Governance/Operations/Write","providers/PowerPlatform.Governance/Operations/Delete"]}},"databaseReferences":{},"almMode":"Environment","performanceOptimizationEnabled":true,"canConsumeAppPass":true,"executionRestrictions":{"isTeamsOnly":false,"dataLossPreventionEvaluationResult":{"status":"Compliant","lastEvaluationDate":"2021-12-31T12:34:25.7341285Z","violations":[],"violationsByPolicy":[],"violationErrorMessage":"L’application utilise les connecteurs suivants : shared_sharepointonline."}}},"appType":"ClassicCanvasApp","appComponents":[]}}