{"name":"9f5e5e13-d44b-49d6-87f2-ade7dd14a6ab","id":"/providers/Microsoft.Flow/flows/9f5e5e13-d44b-49d6-87f2-ade7dd14a6ab","type":"Microsoft.Flow/flows","properties":{"apiId":"/providers/Microsoft.PowerApps/apis/shared_logicflows","displayName":"EDOC-KCSMenuSettings-Image Upload In Library EDocDev9","definition":{"metadata":{"workflowEntityId":null,"processAdvisorMetadata":null,"flowclientsuspensionreason":"None","flowclientsuspensiontime":null,"creator":{"id":"5559cccf-deaf-4ab0-856a-b5da5d1128a2","type":"User","tenantId":"fddf0fb0-6be4-4e34-ace1-e795bc64c91f"},"provisioningMethod":"FromDefinition","failureAlertSubscription":true,"clientLastModifiedTime":"2021-08-31T09:20:25.5842924Z"},"$schema":"https://schema.management.azure.com/providers/Microsoft.Logic/schemas/2016-06-01/workflowdefinition.json#","contentVersion":"1.0.0.0","parameters":{"$connections":{"defaultValue":{},"type":"Object"},"$authentication":{"defaultValue":{},"type":"SecureObject"}},"triggers":{"manual":{"type":"Request","kind":"PowerApp","inputs":{"schema":{"type":"object","properties":{"Initializevariable2_Value":{"type":"string","description":"Enter initial value","x-ms-powerflows-param-ispartial":false},"Updatefileproperties2_Title":{"type":"string","x-ms-powerflows-param-ispartial":false}},"required":["Initializevariable2_Value","Updatefileproperties2_Title"]}}}},"actions":{"Initialize_variable_2":{"runAfter":{},"type":"InitializeVariable","inputs":{"variables":[{"name":"varTileJson","type":"string","value":"@{triggerBody()['Initializevariable2_Value']}"}]}},"Compose":{"runAfter":{"Initialize_variable_2":["Succeeded"]},"type":"Compose","inputs":"@json(variables('varTileJson'))"},"Parse_JSON":{"runAfter":{"Compose":["Succeeded"]},"type":"ParseJson","inputs":{"content":"@outputs('Compose')","schema":{"type":"array","items":{"type":"object","properties":{"DataStream":{"type":"string"},"Title":{"type":"string"}},"required":["DataStream","Title"]}}}},"Apply_to_each":{"foreach":"@body('Parse_JSON')","actions":{"Create_file_2":{"runAfter":{},"type":"OpenApiConnection","inputs":{"host":{"apiId":"/providers/Microsoft.PowerApps/apis/shared_sharepointonline","connectionName":"shared_sharepointonline","operationId":"CreateFile"},"parameters":{"dataset":"https://amspecllc.sharepoint.com/sites/EDocDev9","folderPath":"/kcsTileImageManager","name":"@items('Apply_to_each')['Title']","body":"@dataUriToBinary(items('Apply_to_each')['DataStream'])"},"authentication":{"value":"@json(decodeBase64(triggerOutputs().headers['X-MS-APIM-Tokens']))['$ConnectionKey']","type":"Raw"}},"runtimeConfiguration":{"contentTransfer":{"transferMode":"Chunked"}}},"Update_file_properties_2":{"runAfter":{"Create_file_2":["Succeeded"]},"type":"OpenApiConnection","inputs":{"host":{"apiId":"/providers/Microsoft.PowerApps/apis/shared_sharepointonline","connectionName":"shared_sharepointonline","operationId":"PatchFileItem"},"parameters":{"dataset":"https://amspecllc.sharepoint.com/sites/EDocDev9","table":"80a10cee-d055-4ea7-8aa2-24ec20b139db","id":"@outputs('Create_file_2')?['body/ItemId']","item/Title":"@triggerBody()['Updatefileproperties2_Title']","item/kcsExpNotificationDays":60},"authentication":{"value":"@json(decodeBase64(triggerOutputs().headers['X-MS-APIM-Tokens']))['$ConnectionKey']","type":"Raw"}}}},"runAfter":{"Initialize_variable":["Succeeded"]},"type":"Foreach"},"Initialize_variable":{"runAfter":{"Parse_JSON":["Succeeded"]},"type":"InitializeVariable","inputs":{"variables":[{"name":"Number of Exiting Items","type":"integer","value":0}]}}}},"connectionReferences":{"shared_sharepointonline":{"connectionName":"95f6f15913b4440ebd39c2d9222792ed","source":"Invoker","id":"/providers/Microsoft.PowerApps/apis/shared_sharepointonline","tier":"NotSpecified"}},"flowFailureAlertSubscribed":false,"isManaged":false}}