{"name":"73fe6d1d-b8d9-420e-ba4c-37c23ea741d6","id":"/providers/Microsoft.Flow/flows/73fe6d1d-b8d9-420e-ba4c-37c23ea741d6","type":"Microsoft.Flow/flows","properties":{"apiId":"/providers/Microsoft.PowerApps/apis/shared_logicflows","displayName":"New Employee added to the Global Employee Directory by any user(Not Amr Guenena)","definition":{"metadata":{"workflowEntityId":null,"processAdvisorMetadata":null,"flowclientsuspensionreason":"None","flowclientsuspensiontime":null,"creator":{"id":"92b54cd9-a569-4d92-bca0-4f330d1ea600","type":"User","tenantId":"fddf0fb0-6be4-4e34-ace1-e795bc64c91f"},"provisioningMethod":"FromDefinition","failureAlertSubscription":true,"clientLastModifiedTime":"2022-05-11T08:45:26.8951024Z"},"$schema":"https://schema.management.azure.com/providers/Microsoft.Logic/schemas/2016-06-01/workflowdefinition.json#","contentVersion":"1.0.0.0","parameters":{"$connections":{"defaultValue":{},"type":"Object"},"$authentication":{"defaultValue":{},"type":"SecureObject"},"sharepoint.site":{"defaultValue":"","type":"String"},"sharepoint.list":{"defaultValue":"","type":"String"}},"triggers":{"When_a_new_item_is_created":{"recurrence":{"frequency":"Minute","interval":5},"splitOn":"@triggerBody()?.value","metadata":{"flowSystemMetadata":{"swaggerOperationId":"GetOnNewItems"},"operationMetadataId":"01829d74-8385-4882-b196-6fd95aa7dc39"},"type":"ApiConnection","inputs":{"host":{"connection":{"name":"@parameters('$connections')['shared_sharepointonline']['connectionId']"},"api":{"runtimeUrl":"https://flow-apim-msmanaged-na-westus-01.azure-apim.net/apim/sharepointonline"}},"method":"get","path":"/datasets/@{encodeURIComponent(encodeURIComponent('https://amspecllc.sharepoint.com/sites/AmSpecDirectory'))}/tables/@{encodeURIComponent(encodeURIComponent('9e5d8603-273d-4a79-b02a-1a8e946557f3'))}/onnewitems","authentication":"@parameters('$authentication')"},"conditions":[]}},"actions":{"Condition":{"actions":{},"runAfter":{},"else":{"actions":{"Send_an_email_(V2)":{"runAfter":{},"metadata":{"operationMetadataId":"ed33b641-1b63-4bc3-82ac-f2e58966f55f","flowSystemMetadata":{"swaggerOperationId":"SendEmailV2"}},"type":"ApiConnection","inputs":{"host":{"connection":{"name":"@parameters('$connections')['shared_office365']['connectionId']"},"api":{"runtimeUrl":"https://flow-apim-msmanaged-na-centralus-01.azure-apim.net/apim/office365"}},"method":"post","body":{"To":"Amr.Guenena@amspecgroup.com","Subject":"new employee added to Global directory","Body":"<p>Hi ,<br>\n<br>\nA new employee was added to the Global Directory at @{coalesce(triggerBody()?['Created'],'')} by @{coalesce(triggerBody()?['Author']?['DisplayName'],'someone')}. <br>\n<br>\n<br>\n<u><strong>Details:</strong></u><br>\nFull Name: @{triggerBody()?['Full_x0020_Name']}<br>\nLocation : @{triggerBody()?['Location']?['Value']}<br>\nCountry: &nbsp;@{triggerBody()?['Country']?['Value']}<br>\nCreated By: @{triggerBody()?['Author']?['DisplayName']}<br>\n<br>\nLink: @{triggerBody()?['{Link}']}</p>","From":"notification@amspecgroup.net"},"path":"/v2/Mail","authentication":"@parameters('$authentication')"}}}},"expression":{"equals":["@triggerBody()?['Author']?['Email']","Amr.Guenena@amspecgroup.com"]},"metadata":{"operationMetadataId":"811e5c91-3b13-4525-803f-7f5ed9b3ae85"},"type":"If"}},"description":"Send yourself or someone else a customized email whenever a new item is added to a selected SharePoint list."},"connectionReferences":{"shared_office365":{"connectionName":"shared-office365-3d4ee488-32bb-4dae-92b4-872f-9867154d","source":"Embedded","id":"/providers/Microsoft.PowerApps/apis/shared_office365","tier":"NotSpecified"},"shared_sharepointonline":{"connectionName":"ac9698e6f7f64695801fa48ec75abfe8","source":"Embedded","id":"/providers/Microsoft.PowerApps/apis/shared_sharepointonline","tier":"NotSpecified"}},"flowFailureAlertSubscribed":false,"isManaged":false}}