{"name":"15c191e3-26b4-48e1-80ef-07201f4a74cb","id":"/providers/Microsoft.Flow/flows/15c191e3-26b4-48e1-80ef-07201f4a74cb","type":"Microsoft.Flow/flows","properties":{"apiId":"/providers/Microsoft.PowerApps/apis/shared_logicflows","displayName":"Obter dados do Excel","definition":{"metadata":{"workflowEntityId":null,"flowclientsuspensionreason":"None","flowclientsuspensiontime":null,"creator":{"id":"e6fa3311-d0c7-418c-85e4-e25522a6c1b2","type":"User","tenantId":"fddf0fb0-6be4-4e34-ace1-e795bc64c91f"},"provisioningMethod":"FromDefinition","failureAlertSubscription":true,"clientLastModifiedTime":"2021-01-15T13:49:47.2685516Z","processAdvisorMetadata":null},"$schema":"https://schema.management.azure.com/providers/Microsoft.Logic/schemas/2016-06-01/workflowdefinition.json#","contentVersion":"1.0.0.0","parameters":{"$connections":{"defaultValue":{},"type":"Object"},"$authentication":{"defaultValue":{},"type":"SecureObject"}},"triggers":{"manual":{"type":"Request","kind":"PowerApp","inputs":{"schema":{"type":"object","properties":{},"required":[]}}}},"actions":{"Criar_tabela":{"runAfter":{},"metadata":{"01KR2WX7PMLTOOVSB6XNEJFQ2PRGQ5C4OX":"/Pasta.xlsx"},"type":"OpenApiConnection","inputs":{"host":{"apiId":"/providers/Microsoft.PowerApps/apis/shared_excelonlinebusiness","connectionName":"shared_excelonlinebusiness","operationId":"CreateTable"},"parameters":{"source":"sites/amspecllc.sharepoint.com,a2868cff-30d6-417a-b861-f84525421610,d52d6fa6-719b-4aed-808a-8216284e0f71","drive":"b!_4yGotYwekG4YfhFJUIWEKZvLdWbce1KgIqCFihOD3EfgN47Ea8kRKoj0XLJEQG9","file":"01KR2WX7PMLTOOVSB6XNEJFQ2PRGQ5C4OX","table/Range":"A1:D20","table/TableName":"Tab1Test","table/ColumnsNames":"Porto,Cidade,Estado,País"},"authentication":{"value":"@json(decodeBase64(triggerOutputs().headers['X-MS-APIM-Tokens']))['$ConnectionKey']","type":"Raw"}}},"Adicionar_uma_coluna_de_chave_a_uma_tabela":{"runAfter":{"Criar_tabela":["Succeeded"]},"metadata":{"01KR2WX7PMLTOOVSB6XNEJFQ2PRGQ5C4OX":"/Pasta.xlsx"},"type":"OpenApiConnection","inputs":{"host":{"apiId":"/providers/Microsoft.PowerApps/apis/shared_excelonlinebusiness","connectionName":"shared_excelonlinebusiness","operationId":"CreateIdColumn"},"parameters":{"source":"sites/amspecllc.sharepoint.com,a2868cff-30d6-417a-b861-f84525421610,d52d6fa6-719b-4aed-808a-8216284e0f71","drive":"b!_4yGotYwekG4YfhFJUIWEKZvLdWbce1KgIqCFihOD3EfgN47Ea8kRKoj0XLJEQG9","file":"01KR2WX7PMLTOOVSB6XNEJFQ2PRGQ5C4OX","table":"{F0E335AC-0D91-4D81-97AD-3CC16603671C}","idColumn":"__PowerAppsId__"},"authentication":{"value":"@json(decodeBase64(triggerOutputs().headers['X-MS-APIM-Tokens']))['$ConnectionKey']","type":"Raw"}}}}},"connectionReferences":{"shared_excelonlinebusiness":{"connectionName":"shared-excelonlinebu-7ca1cbc9-c525-45dc-8fe8-3c3622868d3a","source":"Invoker","id":"/providers/Microsoft.PowerApps/apis/shared_excelonlinebusiness","tier":"NotSpecified"}},"flowFailureAlertSubscribed":false,"isManaged":false}}