{"schemaVersion":"1.0","appDefinitionTemplate":{"id":"/providers/Microsoft.PowerApps/apps/","type":"Microsoft.PowerApps/apps","tags":{"primaryDeviceWidth":"1366","primaryDeviceHeight":"768","sienaVersion":"20220218T175127Z-3.22015.31.0","deviceCapabilities":"","supportsPortrait":"false","supportsLandscape":"true","primaryFormFactor":"Tablet","publisherVersion":"3.22015.31","minimumRequiredApiVersion":"2.2.0","hasComponent":"false","hasUnlockedComponent":"false","isUnifiedRootApp":"false"},"properties":{"appVersion":"2022-02-18T17:51:27Z","lifeCycleId":"Published","createdByClientVersion":{"major":3,"minor":22015,"build":31,"revision":0,"majorRevision":0,"minorRevision":0},"minClientVersion":{"major":3,"minor":22015,"build":31,"revision":0,"majorRevision":0,"minorRevision":0},"backgroundColor":"rgba(165, 34, 55, 1)","backgroundImageUri":"/13150912045356202569/Ne2723387-3a2a-4fcf-880d-90400c6cec0f-logoSmallFile","displayName":"AmSpec Employees Directory","description":"AmSpec Employees Directory","commitMessage":"Added GeoRegion/Country Filter","appUris":{"documentUri":{"value":"/13150912045356202569/Na6d3887e-8ac3-4cfe-a4e9-23de82ed62bf-document.msapp"},"imageUris":[]},"createdTime":"0001-01-01T00:00:00Z","lastModifiedTime":"0001-01-01T00:00:00Z","sharedGroupsCount":0,"sharedUsersCount":0,"icons":{"smallIconUri":"/13150912045356202569/N6cb35c47-4596-4377-b58e-b2caa2a3a474-small.png","mediumIconUri":"/13150912045356202569/N4ca08b09-3839-49e1-9dd1-bb0586cd2f49-medium.png","largeIconUri":"/13150912045356202569/N4736389c-341c-48be-b132-ea144661e91a-large.png","wideIconUri":"/13150912045356202569/N42a49853-0201-4c5d-9c20-b5c44a1272d1-wide.png"},"connectionReferences":{"5afee0d1-c9e6-4d66-b3c0-f763e942ae23":{"id":"11a93981-676c-4606-a07f-edd11d7114a2","displayName":"SharePoint","iconUri":"https://connectoricons-prod.azureedge.net/releases/v1.0.1550/1.0.1550.2686/sharepointonline/icon.png","dataSources":["employees","inf_countries","inf_departments","inf_divisions","inf_jobTitles","inf_locations"],"dependencies":[],"dependents":[],"parameterHints":{},"parameterHintsV2":{},"isOnPremiseConnection":false,"bypassConsent":false,"dataSets":{"https://amspecllc.sharepoint.com/sites/AmSpecDirectory":{"dataSources":{"employees":{"tableName":"9e5d8603-273d-4a79-b02a-1a8e946557f3"},"inf_countries":{"tableName":"84f4dac2-fce9-46b2-8ee8-dced687947aa"},"inf_departments":{"tableName":"62aa979a-daf7-4d09-8b2e-80139fbc1887"},"inf_divisions":{"tableName":"97f0adb6-0cb9-423f-941c-4e17a2c70ad9"},"inf_jobTitles":{"tableName":"d59e7421-471d-443d-b41b-d7bd1627b37e"},"inf_locations":{"tableName":"376d9929-69b4-4f6d-a72d-714236977a89"}}}},"apiTier":"Standard","isCustomApiConnection":false,"actions":["providers/PowerPlatform.Governance/Operations/Read"]},"030cd3ca-7ff3-462c-8780-fb09b515ccee":{"id":"11a93981-676c-4606-a07f-edd11d7114a2","displayName":"SharePoint","iconUri":"https://connectoricons-prod.azureedge.net/releases/v1.0.1550/1.0.1550.2686/sharepointonline/icon.png","dataSources":["RLS_Global","RLS_Georegion","RLS_country","RLS_location"],"dependencies":[],"dependents":[],"parameterHints":{},"parameterHintsV2":{},"isOnPremiseConnection":false,"bypassConsent":false,"dataSets":{"https://amspecllc.sharepoint.com/sites/AmSpecDirectory":{"dataSources":{"RLS_Global":{"tableName":"RLS_Global"},"RLS_Georegion":{"tableName":"RLS_Georegion"},"RLS_country":{"tableName":"RLS_country"},"RLS_location":{"tableName":"RLS_location"}}}},"apiTier":"Standard","isCustomApiConnection":false,"actions":["providers/PowerPlatform.Governance/Operations/Read"]}},"databaseReferences":{},"almMode":"Environment","performanceOptimizationEnabled":true,"canConsumeAppPass":true,"executionRestrictions":{"isTeamsOnly":false,"dataLossPreventionEvaluationResult":{"status":"Compliant","lastEvaluationDate":"2021-03-29T08:42:39.95761Z","violationDetails":[]}}},"appType":"ClassicCanvasApp","appComponents":[]}}