{"schemaVersion":"1.0","appDefinitionTemplate":{"id":"/providers/Microsoft.PowerApps/apps/","type":"Microsoft.PowerApps/apps","tags":{"primaryDeviceWidth":"640","primaryDeviceHeight":"1136","sienaVersion":"20181218T233230Z-3.18114.25.0","deviceCapabilities":"","supportsPortrait":"true","supportsLandscape":"false","primaryFormFactor":"Phone","publisherVersion":"3.18114.25","minimumRequiredApiVersion":"2.2.0"},"properties":{"appVersion":"2018-12-18T23:32:30Z","lifeCycleId":"Published","createdByClientVersion":{"major":3,"minor":18114,"build":25,"revision":0,"majorRevision":0,"minorRevision":0},"minClientVersion":{"major":3,"minor":18114,"build":25,"revision":0,"majorRevision":0,"minorRevision":0},"backgroundColor":"rgba(0, 176, 240, 1)","backgroundImageUri":"/15332752352191037687/N880832f7-3678-48d1-8749-91cfd865be89-logoSmallFile","displayName":"PN18","description":"","appUris":{"documentUri":{"value":"/15332752352191037687/Nf6355740-4d7c-43ae-a8e0-92aaf3eb8984-document.msapp"},"imageUris":[]},"createdTime":"0001-01-01T00:00:00Z","lastModifiedTime":"0001-01-01T00:00:00Z","sharedGroupsCount":0,"sharedUsersCount":0,"icons":{"smallIconUri":"/15332752352191037687/N258f66a8-11d5-447e-a1a9-7d41ebd7be1f-small.png","mediumIconUri":"/15332752352191037687/N29dbb30f-50fb-442c-85a4-4f2cbab74e18-medium.png","largeIconUri":"/15332752352191037687/Nc97bbd4c-073d-4ad4-8b48-d968d0387636-large.png","wideIconUri":"/15332752352191037687/Neecf806c-aca9-49bc-91e6-83c98d1c6884-wide.png"},"connectionReferences":{"dfeec1b6-8b08-488d-9499-0dbeb4e9de22":{"id":"56ff5316-ad67-4696-b9b6-cc4e05859209","displayName":"Excel","iconUri":"https://connectoricons-prod.azureedge.net/excel/icon_1.0.1018.1190.png","dataSources":["_BNK18"],"dependencies":["27207d27-609a-4bc7-be43-f87a7a132170"],"dependents":[],"parameterHints":{"27207d27-609a-4bc7-be43-f87a7a132170":{"value":"fileSource"}},"isOnPremiseConnection":false,"bypassConsent":false,"dataSets":{"D82B3A8574194C20!1445":{"dataSources":{"_BNK18":{"tableName":"_BNK18"}}}},"apiTier":"Standard","isCustomApiConnection":false},"27207d27-609a-4bc7-be43-f87a7a132170":{"id":"8121933e-9e81-4f24-88f2-5bcf2f1a8d76","displayName":"OneDrive","iconUri":"https://connectoricons-prod.azureedge.net/onedrive/icon_1.0.1046.1227.png","dataSources":[],"dependencies":[],"dependents":["dfeec1b6-8b08-488d-9499-0dbeb4e9de22"],"parameterHints":{},"isOnPremiseConnection":false,"bypassConsent":false,"dataSets":{},"apiTier":"Standard","isCustomApiConnection":false}},"databaseReferences":{},"almMode":"Environment","performanceOptimizationEnabled":true,"executionRestrictions":{"isTeamsOnly":false,"dataLossPreventionEvaluationResult":{"status":"Compliant","lastEvaluationDate":"2020-10-27T21:31:46.025268Z","violationDetails":[]}}},"appType":"ClassicCanvasApp","appComponents":[]}}