{"schemaVersion":"1.0","appDefinitionTemplate":{"id":"/providers/Microsoft.PowerApps/apps/","type":"Microsoft.PowerApps/apps","tags":{"primaryDeviceWidth":"640","primaryDeviceHeight":"1136","sienaVersion":"20181219T234757Z-3.18114.25.0","deviceCapabilities":"","supportsPortrait":"true","supportsLandscape":"false","primaryFormFactor":"Phone","publisherVersion":"3.18114.25","minimumRequiredApiVersion":"2.2.0"},"properties":{"appVersion":"2018-12-19T23:47:57Z","lifeCycleId":"Published","createdByClientVersion":{"major":3,"minor":18114,"build":25,"revision":0,"majorRevision":0,"minorRevision":0},"minClientVersion":{"major":3,"minor":18114,"build":25,"revision":0,"majorRevision":0,"minorRevision":0},"backgroundColor":"rgba(0, 176, 240, 1)","backgroundImageUri":"/12967384493753409717/Nba27dd28-0f83-484c-8c49-319cc9c0dc97-logoSmallFile","displayName":"18_PN_UPL","description":"","appUris":{"documentUri":{"value":"/12967384493753409717/N31a0bcd4-b876-4a6b-94e5-6058818f1f0a-document.msapp"},"imageUris":[]},"createdTime":"0001-01-01T00:00:00Z","lastModifiedTime":"0001-01-01T00:00:00Z","sharedGroupsCount":0,"sharedUsersCount":0,"icons":{"smallIconUri":"/12967384493753409717/Na6798986-d097-4e34-8012-01a7b149a2f4-small.png","mediumIconUri":"/12967384493753409717/N4de4c748-5c01-4ea8-9721-0cb902d36fa7-medium.png","largeIconUri":"/12967384493753409717/N551ad548-66b5-4ac3-882f-30bb43ffa8ea-large.png","wideIconUri":"/12967384493753409717/N93861e3b-2e8f-4119-93af-95a3a08c1b20-wide.png"},"connectionReferences":{"f460fec1-777d-4cca-873e-db77d2c38bd9":{"id":"56ff5316-ad67-4696-b9b6-cc4e05859209","displayName":"Excel","iconUri":"https://connectoricons-prod.azureedge.net/excel/icon_1.0.1018.1190.png","dataSources":["Table1","Table3","Tablica1","Tablica1_1","Tablica3","Tablica3_1"],"dependencies":["007641e1-66c6-427f-b22c-fc33ccce6808"],"dependents":[],"parameterHints":{"007641e1-66c6-427f-b22c-fc33ccce6808":{"value":"fileSource"}},"isOnPremiseConnection":false,"bypassConsent":false,"dataSets":{"D82B3A8574194C20!1450":{"dataSources":{"Table1":{"tableName":"Table1"},"Table3":{"tableName":"Table3"},"Tablica1":{"tableName":"Tablica1"},"Tablica1_1":{"tableName":"Tablica1"},"Tablica3":{"tableName":"Tablica3"},"Tablica3_1":{"tableName":"Tablica3"}}}},"apiTier":"Standard","isCustomApiConnection":false},"007641e1-66c6-427f-b22c-fc33ccce6808":{"id":"8121933e-9e81-4f24-88f2-5bcf2f1a8d76","displayName":"OneDrive","iconUri":"https://connectoricons-prod.azureedge.net/onedrive/icon_1.0.1046.1227.png","dataSources":[],"dependencies":[],"dependents":["f460fec1-777d-4cca-873e-db77d2c38bd9"],"parameterHints":{},"isOnPremiseConnection":false,"bypassConsent":false,"dataSets":{},"apiTier":"Standard","isCustomApiConnection":false},"53e0cdbf-ae90-4eaf-8829-903b9fd40649":{"id":"5c3e009c-b4ae-4852-8c9b-756acc2258d6","displayName":"Korisnici sustava Office 365","iconUri":"https://connectoricons-prod.azureedge.net/office365users/icon_1.0.1002.1175.png","dataSources":["KorisnicisustavaOffice365"],"dependencies":[],"dependents":[],"parameterHints":{},"isOnPremiseConnection":false,"bypassConsent":false,"dataSets":{},"apiTier":"Standard","isCustomApiConnection":false}},"databaseReferences":{},"almMode":"Environment","performanceOptimizationEnabled":true,"executionRestrictions":{"isTeamsOnly":false,"dataLossPreventionEvaluationResult":{"status":"Compliant","lastEvaluationDate":"2020-10-27T21:31:45.6815288Z","violationDetails":[]}}},"appType":"ClassicCanvasApp","appComponents":[]}}