{"name":"b2e71d2e-33a0-4e5b-891a-1dca32d4b05d","id":"/providers/Microsoft.Flow/flows/b2e71d2e-33a0-4e5b-891a-1dca32d4b05d","type":"Microsoft.Flow/flows","properties":{"apiId":"/providers/Microsoft.PowerApps/apis/shared_logicflows","displayName":"Http -> Compor","definition":{"metadata":{"workflowEntityId":null,"processAdvisorMetadata":null,"flowclientsuspensionreason":"None","flowclientsuspensiontime":null,"creator":{"id":"e6fa3311-d0c7-418c-85e4-e25522a6c1b2","type":"User","tenantId":"fddf0fb0-6be4-4e34-ace1-e795bc64c91f"},"provisioningMethod":"FromDefinition","failureAlertSubscription":true,"clientLastModifiedTime":"2022-03-16T15:45:35.9668048Z"},"$schema":"https://schema.management.azure.com/providers/Microsoft.Logic/schemas/2016-06-01/workflowdefinition.json#","contentVersion":"1.0.0.0","parameters":{"$authentication":{"defaultValue":{},"type":"SecureObject"}},"triggers":{"manual":{"metadata":{"operationMetadataId":"ce066338-a846-41de-8c22-2eda771a2f78"},"type":"Request","kind":"Http","inputs":{"schema":{"ip":""},"method":"GET"}}},"actions":{"Compor":{"runAfter":{},"metadata":{"operationMetadataId":"e71f569e-a454-4efa-bd1f-7bd4db3cd0c3"},"type":"Compose","inputs":"1,2,3,4  "},"Resposta":{"runAfter":{"Compor":["Succeeded"]},"metadata":{"operationMetadataId":"a28c9fb7-d398-4b17-83ec-6e38f96fe841"},"type":"Response","kind":"Http","inputs":{"statusCode":200,"body":"@{triggerOutputs()['headers']}\n\n@{triggerBody()}\n\n"}}},"outputs":{}},"connectionReferences":{},"flowFailureAlertSubscribed":false,"isManaged":false}}