{"name":"cfd2a6de-c727-49e2-97b2-a95fdc41de72","id":"/providers/Microsoft.Flow/flows/cfd2a6de-c727-49e2-97b2-a95fdc41de72","type":"Microsoft.Flow/flows","properties":{"apiId":"/providers/Microsoft.PowerApps/apis/shared_logicflows","displayName":"NSTOP 2022 Reminder (Date Scheduled)","definition":{"metadata":{"workflowEntityId":null,"processAdvisorMetadata":null,"flowclientsuspensionreason":"AllActionsFailingDetected","flowclientsuspensiontime":"2022-04-19T21:11:11.1722313Z","creator":{"id":"5e9c0eba-5ad6-40cb-832a-4d79b220ff37","type":"User","tenantId":"fddf0fb0-6be4-4e34-ace1-e795bc64c91f"},"provisioningMethod":"FromDefinition","failureAlertSubscription":true,"clientLastModifiedTime":"2021-12-29T20:23:14.2864274Z"},"$schema":"https://schema.management.azure.com/providers/Microsoft.Logic/schemas/2016-06-01/workflowdefinition.json#","contentVersion":"1.0.0.0","parameters":{"$connections":{"defaultValue":{},"type":"Object"},"$authentication":{"defaultValue":{},"type":"SecureObject"}},"triggers":{"Recurrence":{"recurrence":{"frequency":"Day","interval":1,"timeZone":"Eastern Standard Time","startTime":"2021-12-29T15:00:00.000Z","schedule":{"hours":["9"]}},"metadata":{"operationMetadataId":"c8cb605e-d5a1-4b7f-a2f1-4f09882eac10"},"type":"Recurrence"}},"actions":{"Initialize_variable":{"runAfter":{},"metadata":{"operationMetadataId":"4bdcc260-b868-4b2a-ae2e-23d006ec10d9"},"type":"InitializeVariable","inputs":{"variables":[{"name":"varDaysNotice","type":"integer","value":2}]}},"Initialize_variable_2":{"runAfter":{"Initialize_variable":["Succeeded"]},"metadata":{"operationMetadataId":"07dbfcf4-acd2-400f-b258-6399a50658c3"},"type":"InitializeVariable","inputs":{"variables":[{"name":"varReminderDate","type":"string","value":"@{addDays(Now(), variables('varDaysNotice'),'mm-dd-yyyy')}"}]}},"Get_items":{"runAfter":{"Initialize_variable_2":["Succeeded"]},"metadata":{"operationMetadataId":"4e1a3042-cf32-4ed1-844d-0933f3d103e9"},"type":"OpenApiConnection","inputs":{"host":{"apiId":"/providers/Microsoft.PowerApps/apis/shared_sharepointonline","connectionName":"shared_sharepointonline","operationId":"GetItems"},"parameters":{"dataset":"https://amspecllc.sharepoint.com/sites/EPACompliance","table":"fe4f21f2-0ed4-47b7-aa3a-62384e2e5ab1","$filter":"Date Scheduled '@{variables('varReminderDate')}'"},"authentication":"@parameters('$authentication')"}},"Apply_to_each":{"foreach":"@outputs('Get_items')?['body/value']","actions":{"Apply_to_each_2":{"foreach":"@items('Apply_to_each')","actions":{"Send_an_email_notification_(V3)":{"runAfter":{},"metadata":{"operationMetadataId":"6a80a519-5ca5-4681-8d2e-c35cf8582389"},"type":"OpenApiConnection","inputs":{"host":{"apiId":"/providers/Microsoft.PowerApps/apis/shared_sendmail","connectionName":"shared_sendmail","operationId":"SendEmailV3"},"parameters":{"request/to":"@{items('Apply_to_each')?['AmSpec_x0020_Client_x0020_Contac']}@{items('Apply_to_each_2')?['AmSpec_x0020_Laboratory_x0020_Co']};;","request/subject":"NSTOP - @{items('Apply_to_each_2')?['Date_x0020_Scheduled']}-@{items('Apply_to_each_2')?['Title']}-@{items('Apply_to_each_2')?['Facility_x0020_Name']}","request/text":"<p>Good Day, <br>\n<br>\nPlease note - you have an NSTOP Scheduled for: <br>\n<br>\n@{items('Apply_to_each_2')?['Title']} at@{items('Apply_to_each_2')?['Facility_x0020_Name']} on@{items('Apply_to_each_2')?['Date_x0020_Scheduled']}</p>","request/cc":"epacompliance@amspecgroup.com"},"authentication":"@parameters('$authentication')"}}},"runAfter":{},"metadata":{"operationMetadataId":"f2357e4e-bcfe-4efb-94fc-4d1d149ba666"},"type":"Foreach"}},"runAfter":{"Get_items":["Succeeded"]},"metadata":{"operationMetadataId":"de4e2f42-2032-413a-bf3f-681c1ca9aca2"},"type":"Foreach"}}},"connectionReferences":{"shared_sharepointonline":{"connectionName":"0a8ae6b62bf1480db8f6e8c982397584","source":"Embedded","id":"/providers/Microsoft.PowerApps/apis/shared_sharepointonline","tier":"NotSpecified"},"shared_sendmail":{"connectionName":"shared-sendmail-c74e37a2-bee6-4892-881c-9e34-852026e5","source":"Embedded","id":"/providers/Microsoft.PowerApps/apis/shared_sendmail","tier":"NotSpecified"}},"flowFailureAlertSubscribed":false,"isManaged":false}}