{"schemaVersion":"1.0","appDefinitionTemplate":{"id":"/providers/Microsoft.PowerApps/apps/","type":"Microsoft.PowerApps/apps","tags":{"sp-site-id":"https://amspecllc-my.sharepoint.com/personal/znagui_youssef_amspecgroup_com","sp-list-id":"5bbf4122-37e9-464e-be6d-23bb928eef56","https://amspecllc-my.sharepoint.com/personal/znagui_youssef_amspecgroup_com":"5bbf4122-37e9-464e-be6d-23bb928eef56","primaryDeviceWidth":"640","primaryDeviceHeight":"1136","sienaVersion":"67fa28a6-ae55-4e16-a105-b5893d0d74c8","deviceCapabilities":"","supportsPortrait":"true","supportsLandscape":"true","primaryFormFactor":"Phone","publisherVersion":"3.21064.25","minimumRequiredApiVersion":"2.2.0","hasComponent":"false","hasUnlockedComponent":"false","isUnifiedRootApp":"false"},"properties":{"appVersion":"2021-07-20T13:58:17Z","lifeCycleId":"Published","createdByClientVersion":{"major":3,"minor":21064,"build":25,"revision":0,"majorRevision":0,"minorRevision":0},"minClientVersion":{"major":3,"minor":21064,"build":25,"revision":0,"majorRevision":0,"minorRevision":0},"backgroundColor":"rgba(0, 176, 240, 1)","backgroundImageUri":"/7120828493344847760/Ndbdb7135-6022-4b15-99af-1e65b46941e4-logoSmallFile","displayName":"Addifivation Final","description":"","commitMessage":"","appUris":{"documentUri":{"value":"/7120828493344847760/N61406689-3b59-44a0-8c67-9939ce654908-document.msapp"},"imageUris":[]},"createdTime":"0001-01-01T00:00:00Z","lastModifiedTime":"0001-01-01T00:00:00Z","sharedGroupsCount":0,"sharedUsersCount":0,"icons":{"smallIconUri":"/7120828493344847760/N2570a960-a4ff-4228-829f-c3a8f4c112b8-small.png","mediumIconUri":"/7120828493344847760/N834267e8-18f0-4bec-872c-f6e358f9b2dd-medium.png","largeIconUri":"/7120828493344847760/N64d25ad8-dc76-4fb9-8fa7-98ac68fa2b24-large.png","wideIconUri":"/7120828493344847760/Ndb38df21-5a92-411c-9505-a92c50483f9e-wide.png"},"connectionReferences":{"c41ca162-85db-47c7-82be-73fdb68d4aba":{"id":"11a93981-676c-4606-a07f-edd11d7114a2","displayName":"SharePoint","iconUri":"https://connectoricons-prod.azureedge.net/releases/v1.0.1487/1.0.1487.2472/sharepointonline/icon.png","dataSources":["Suivi des opérations d'additivation"],"dependencies":[],"dependents":[],"parameterHints":{},"parameterHintsV2":{},"isOnPremiseConnection":false,"dataSets":{"https://amspecllc-my.sharepoint.com/personal/znagui_youssef_amspecgroup_com":{"dataSources":{"Suivi des opérations d'additivation":{"tableName":"5bbf4122-37e9-464e-be6d-23bb928eef56"}}}},"apiTier":"Standard","isCustomApiConnection":false}},"databaseReferences":{},"almMode":"Environment","performanceOptimizationEnabled":true,"canConsumeAppPass":true,"executionRestrictions":{"isTeamsOnly":false,"dataLossPreventionEvaluationResult":{"status":"Compliant","lastEvaluationDate":"2021-07-20T13:58:32.3416352Z","violations":[],"violationsByPolicy":[],"violationErrorMessage":"L’application utilise les connecteurs suivants : shared_sharepointonline."}}},"appType":"ClassicCanvasApp","appComponents":[]}}