{"schemaVersion":"1.0","appDefinitionTemplate":{"id":"/providers/Microsoft.PowerApps/apps/","type":"Microsoft.PowerApps/apps","tags":{"primaryDeviceWidth":"640","primaryDeviceHeight":"1136","sienaVersion":"20181219T001713Z-3.18114.25.0","deviceCapabilities":"","supportsPortrait":"true","supportsLandscape":"false","primaryFormFactor":"Phone","publisherVersion":"3.18114.25","minimumRequiredApiVersion":"2.2.0"},"properties":{"appVersion":"2018-12-19T00:17:13Z","lifeCycleId":"Published","createdByClientVersion":{"major":3,"minor":18114,"build":25,"revision":0,"majorRevision":0,"minorRevision":0},"minClientVersion":{"major":3,"minor":18114,"build":25,"revision":0,"majorRevision":0,"minorRevision":0},"backgroundColor":"rgba(208, 52, 56, 1)","backgroundImageUri":"/16933786294190558909/Nfd6f0d6d-1aef-4b88-8d3c-e151770b066c-logoSmallFile","displayName":"PonDens","description":"","appUris":{"documentUri":{"value":"/16933786294190558909/N057021b4-eaa9-4f72-86cb-c51eb1f35772-document.msapp"},"imageUris":[]},"createdTime":"0001-01-01T00:00:00Z","lastModifiedTime":"0001-01-01T00:00:00Z","sharedGroupsCount":0,"sharedUsersCount":0,"icons":{"smallIconUri":"/16933786294190558909/Ncef41b83-3b9e-47e1-ace8-a763112ee131-small.png","mediumIconUri":"/16933786294190558909/N7bc9f548-0282-434c-b253-fb25f04fd313-medium.png","largeIconUri":"/16933786294190558909/N950f86a9-e448-4956-bd48-3313d151905c-large.png","wideIconUri":"/16933786294190558909/N29c6f1e0-5491-4b3c-a85b-971300df9c9e-wide.png"},"connectionReferences":{},"databaseReferences":{},"almMode":"Environment","performanceOptimizationEnabled":true,"executionRestrictions":{"isTeamsOnly":false,"dataLossPreventionEvaluationResult":{"status":"Compliant","lastEvaluationDate":"2020-10-27T21:31:45.8846571Z","violationDetails":[]}}},"appType":"ClassicCanvasApp","appComponents":[]}}