{"schemaVersion":"1.0","appDefinitionTemplate":{"id":"/providers/Microsoft.PowerApps/apps/","type":"Microsoft.PowerApps/apps","tags":{"primaryDeviceWidth":"640","primaryDeviceHeight":"1136","sienaVersion":"20181219T001713Z-3.18114.25.0","deviceCapabilities":"","supportsPortrait":"true","supportsLandscape":"false","primaryFormFactor":"Phone","publisherVersion":"3.18114.25","minimumRequiredApiVersion":"2.2.0"},"properties":{"appVersion":"2018-12-19T00:17:13Z","lifeCycleId":"Published","createdByClientVersion":{"major":3,"minor":18114,"build":25,"revision":0,"majorRevision":0,"minorRevision":0},"minClientVersion":{"major":3,"minor":18114,"build":25,"revision":0,"majorRevision":0,"minorRevision":0},"backgroundColor":"rgba(208, 52, 56, 1)","backgroundImageUri":"/16933786294190558909/N6fcc7609-725a-404b-9997-b2bd0447e13d-logoSmallFile","displayName":"PonDens","description":"","appUris":{"documentUri":{"value":"/16933786294190558909/Ne7b97c38-f88e-47dd-a7e2-8f266a9e4211-document.msapp"},"imageUris":[]},"createdTime":"0001-01-01T00:00:00Z","lastModifiedTime":"0001-01-01T00:00:00Z","sharedGroupsCount":0,"sharedUsersCount":0,"icons":{"smallIconUri":"/16933786294190558909/Nd265c854-e0ff-4179-b1ea-ad5c1a7f1cdb-small.png","mediumIconUri":"/16933786294190558909/N02d7b993-32dd-4934-bcd5-b13f6d9e946c-medium.png","largeIconUri":"/16933786294190558909/N801aa62d-eb73-44b1-b493-e1ea5fbcf74b-large.png","wideIconUri":"/16933786294190558909/N5f58e9e7-c27a-46c8-8ab9-2349a15f4267-wide.png"},"connectionReferences":{},"databaseReferences":{},"almMode":"Environment","performanceOptimizationEnabled":true,"executionRestrictions":{"isTeamsOnly":false,"dataLossPreventionEvaluationResult":{"status":"Compliant","lastEvaluationDate":"2020-10-27T21:31:45.8846571Z","violationDetails":[]}}},"appType":"ClassicCanvasApp","appComponents":[]}}