{"schemaVersion":"1.0","appDefinitionTemplate":{"id":"/providers/Microsoft.PowerApps/apps/","type":"Microsoft.PowerApps/apps","tags":{"primaryDeviceWidth":"2400","primaryDeviceHeight":"1400","sienaVersion":"20190303T115444Z-3.19023.12.0","deviceCapabilities":"","supportsPortrait":"false","supportsLandscape":"true","primaryFormFactor":"Tablet","publisherVersion":"3.19023.12","minimumRequiredApiVersion":"2.2.0"},"properties":{"appVersion":"2019-03-03T11:54:44Z","lifeCycleId":"Published","createdByClientVersion":{"major":3,"minor":19023,"build":12,"revision":0,"majorRevision":0,"minorRevision":0},"minClientVersion":{"major":3,"minor":19023,"build":12,"revision":0,"majorRevision":0,"minorRevision":0},"backgroundColor":"rgba(165, 34, 55, 1)","backgroundImageUri":"/2555069958966018213/N75fd31d5-0852-4293-9bfe-60360646f22a-logoSmallFile","displayName":"Nominations AmSpec Amsterdam test","description":"Nominations overview AmSpec Amsterdam, including dashboards.","appUris":{"documentUri":{"value":"/2555069958966018213/Nb002f8ba-3a50-40dc-ab1e-5b8cc3855136-document.msapp"},"imageUris":[]},"createdTime":"0001-01-01T00:00:00Z","lastModifiedTime":"0001-01-01T00:00:00Z","sharedGroupsCount":0,"sharedUsersCount":0,"icons":{"smallIconUri":"/2555069958966018213/Nade82e91-28d3-4e56-988a-3d7e4c455329-small.png","mediumIconUri":"/2555069958966018213/N272ddfae-52ce-4276-b5b1-49309cb505cd-medium.png","largeIconUri":"/2555069958966018213/Nf43decba-5574-40c6-a5ae-83dafee99a26-large.png","wideIconUri":"/2555069958966018213/Nbff10c62-0856-4a3f-8f2f-e9872db3d9a7-wide.png"},"connectionReferences":{"446d3cf6-8a30-4b20-b7a8-6de71e719a05":{"id":"11a93981-676c-4606-a07f-edd11d7114a2","displayName":"SharePoint","iconUri":"https://connectoricons-prod.azureedge.net/sharepointonline/icon_1.0.1019.1195.png","dataSources":["Nominations Amsterdam","Nomination Comments Amsterdam"],"dependencies":[],"dependents":[],"parameterHints":{},"isOnPremiseConnection":false,"bypassConsent":false,"dataSets":{"https://amspecllc.sharepoint.com/sites/ARA":{"dataSources":{"Nominations Amsterdam":{"tableName":"c492e8d1-8b64-4c80-8c00-2836774bf8d3"},"Nomination Comments Amsterdam":{"tableName":"0d94e09d-ddca-4fae-ae8e-7446d5003c90"}}}},"apiTier":"Standard","isCustomApiConnection":false}},"databaseReferences":{},"almMode":"Environment","performanceOptimizationEnabled":true,"executionRestrictions":{"isTeamsOnly":false,"dataLossPreventionEvaluationResult":{"status":"Compliant","lastEvaluationDate":"2020-10-27T21:31:46.1668687Z","violationDetails":[]}}},"appType":"ClassicCanvasApp","appComponents":[]}}