{"name":"926268e4-6a6c-4f7b-b6bc-61af7d296a6b","id":"/providers/Microsoft.Flow/flows/926268e4-6a6c-4f7b-b6bc-61af7d296a6b","type":"Microsoft.Flow/flows","properties":{"apiId":"/providers/Microsoft.PowerApps/apis/shared_logicflows","displayName":"PowerApp -> Popular um modelo do Microsoft Word,Obter arquivos (ape...","definition":{"metadata":{"workflowEntityId":null,"flowclientsuspensionreason":"None","flowclientsuspensiontime":null,"creator":{"id":"e6fa3311-d0c7-418c-85e4-e25522a6c1b2","type":"User","tenantId":"fddf0fb0-6be4-4e34-ace1-e795bc64c91f"},"provisioningMethod":"FromDefinition","failureAlertSubscription":true,"clientLastModifiedTime":"2021-01-15T09:44:04.7066821Z","processAdvisorMetadata":null},"$schema":"https://schema.management.azure.com/providers/Microsoft.Logic/schemas/2016-06-01/workflowdefinition.json#","contentVersion":"1.0.0.0","parameters":{"$connections":{"defaultValue":{},"type":"Object"},"$authentication":{"defaultValue":{},"type":"SecureObject"}},"triggers":{"manual":{"type":"Request","kind":"PowerApp","inputs":{"schema":{"type":"object","properties":{},"required":[]}}}},"actions":{"Obter_arquivos_(apenas_propriedades)":{"runAfter":{},"type":"OpenApiConnection","inputs":{"host":{"apiId":"/providers/Microsoft.PowerApps/apis/shared_sharepointonline","connectionName":"shared_sharepointonline","operationId":"GetFileItems"},"parameters":{"dataset":"https://amspecllc.sharepoint.com/sites/AgriBrasil/ECFTO","table":"Galeria","folderPath":"/Galeria/MV HINOKI STS1109-2020/"},"authentication":{"value":"@json(decodeBase64(triggerOutputs().headers['X-MS-APIM-Tokens']))['$ConnectionKey']","type":"Raw"}}},"Criar_arquivo":{"runAfter":{"Popular_um_modelo_do_Microsoft_Word":["Succeeded"]},"type":"OpenApiConnection","inputs":{"host":{"apiId":"/providers/Microsoft.PowerApps/apis/shared_sharepointonline","connectionName":"shared_sharepointonline","operationId":"CreateFile"},"parameters":{"dataset":"https://amspecllc.sharepoint.com/sites/AgriBrasil","folderPath":"/Documentos Compartilhados","name":"@concat(utcNow(),'.docx')","body":"@outputs('Popular_um_modelo_do_Microsoft_Word')?['body']"},"authentication":{"value":"@json(decodeBase64(triggerOutputs().headers['X-MS-APIM-Tokens']))['$ConnectionKey']","type":"Raw"}},"runtimeConfiguration":{"contentTransfer":{"transferMode":"Chunked"}}},"Popular_um_modelo_do_Microsoft_Word":{"runAfter":{"Selecionar":["Succeeded"]},"metadata":{"01KR2WX7J6D4BUMZVDPFCLYZZVZ2IQU6TF":"/Novo(a) Documento do Microsoft Word.docx","01KR2WX7NTRTBRUFVZ7JA2LMFSDPFB3KJL":"/NovoPreenchido.docx"},"type":"OpenApiConnection","inputs":{"host":{"apiId":"/providers/Microsoft.PowerApps/apis/shared_wordonlinebusiness","connectionName":"shared_wordonlinebusiness","operationId":"CreateFileItem"},"parameters":{"source":"sites/amspecllc.sharepoint.com,a2868cff-30d6-417a-b861-f84525421610,d52d6fa6-719b-4aed-808a-8216284e0f71","drive":"b!_4yGotYwekG4YfhFJUIWEKZvLdWbce1KgIqCFihOD3EfgN47Ea8kRKoj0XLJEQG9","file":"01KR2WX7NTRTBRUFVZ7JA2LMFSDPFB3KJL","dynamicFileSchema/-793445398":"@body('Selecionar')"},"authentication":{"value":"@json(decodeBase64(triggerOutputs().headers['X-MS-APIM-Tokens']))['$ConnectionKey']","type":"Raw"}}},"Selecionar":{"runAfter":{"Obter_arquivos_(apenas_propriedades)":["Succeeded"]},"type":"Select","inputs":{"from":"@outputs('Obter_arquivos_(apenas_propriedades)')?['body/value']","select":{"tx1":"@item()?['{Name}']","img2":"@item()?['{Link}']"}}}}},"connectionReferences":{"shared_wordonlinebusiness":{"connectionName":"shared-wordonlinebus-5280c4ca-e154-48c0-8315-ff88-5b0de8e6","source":"Invoker","id":"/providers/Microsoft.PowerApps/apis/shared_wordonlinebusiness","tier":"NotSpecified"},"shared_sharepointonline":{"connectionName":"d0ed5079cc724550980fd6fb3df8dac4","source":"Invoker","id":"/providers/Microsoft.PowerApps/apis/shared_sharepointonline","tier":"NotSpecified"}},"flowFailureAlertSubscribed":false,"isManaged":false}}