{"schemaVersion":"1.0","appDefinitionTemplate":{"id":"/providers/Microsoft.PowerApps/apps/","type":"Microsoft.PowerApps/apps","tags":{"primaryDeviceWidth":"640","primaryDeviceHeight":"1136","sienaVersion":"20181218T233230Z-3.18114.25.0","deviceCapabilities":"","supportsPortrait":"true","supportsLandscape":"false","primaryFormFactor":"Phone","publisherVersion":"3.18114.25","minimumRequiredApiVersion":"2.2.0"},"properties":{"appVersion":"2018-12-18T23:32:30Z","lifeCycleId":"Published","createdByClientVersion":{"major":3,"minor":18114,"build":25,"revision":0,"majorRevision":0,"minorRevision":0},"minClientVersion":{"major":3,"minor":18114,"build":25,"revision":0,"majorRevision":0,"minorRevision":0},"backgroundColor":"rgba(0, 176, 240, 1)","backgroundImageUri":"/15332752352191037687/Nd776c6b7-b20f-4370-b533-fd8592028eac-logoSmallFile","displayName":"PN18","description":"","appUris":{"documentUri":{"value":"/15332752352191037687/N761e9032-ba3a-470b-8775-64e3109688ac-document.msapp"},"imageUris":[]},"createdTime":"0001-01-01T00:00:00Z","lastModifiedTime":"0001-01-01T00:00:00Z","sharedGroupsCount":0,"sharedUsersCount":0,"icons":{"smallIconUri":"/15332752352191037687/N6d33609a-993e-4f47-b424-55f3d8bba8e8-small.png","mediumIconUri":"/15332752352191037687/N654e7072-7a2c-4bc6-813d-44ad6da8ad28-medium.png","largeIconUri":"/15332752352191037687/N630710c2-48bb-4c66-b07c-3bfefcbabdc0-large.png","wideIconUri":"/15332752352191037687/N79c537db-4811-4e7d-ab96-19e1e498563f-wide.png"},"connectionReferences":{"dfeec1b6-8b08-488d-9499-0dbeb4e9de22":{"id":"56ff5316-ad67-4696-b9b6-cc4e05859209","displayName":"Excel","iconUri":"https://connectoricons-prod.azureedge.net/excel/icon_1.0.1018.1190.png","dataSources":["_BNK18"],"dependencies":["27207d27-609a-4bc7-be43-f87a7a132170"],"dependents":[],"parameterHints":{"27207d27-609a-4bc7-be43-f87a7a132170":{"value":"fileSource"}},"isOnPremiseConnection":false,"bypassConsent":false,"dataSets":{"D82B3A8574194C20!1445":{"dataSources":{"_BNK18":{"tableName":"_BNK18"}}}},"apiTier":"Standard","isCustomApiConnection":false},"27207d27-609a-4bc7-be43-f87a7a132170":{"id":"8121933e-9e81-4f24-88f2-5bcf2f1a8d76","displayName":"OneDrive","iconUri":"https://connectoricons-prod.azureedge.net/onedrive/icon_1.0.1046.1227.png","dataSources":[],"dependencies":[],"dependents":["dfeec1b6-8b08-488d-9499-0dbeb4e9de22"],"parameterHints":{},"isOnPremiseConnection":false,"bypassConsent":false,"dataSets":{},"apiTier":"Standard","isCustomApiConnection":false}},"databaseReferences":{},"almMode":"Environment","performanceOptimizationEnabled":true,"executionRestrictions":{"isTeamsOnly":false,"dataLossPreventionEvaluationResult":{"status":"Compliant","lastEvaluationDate":"2020-10-27T21:31:46.025268Z","violationDetails":[]}}},"appType":"ClassicCanvasApp","appComponents":[]}}