{"name":"bc1d6398-63ef-4838-ab66-91f98602308a","id":"/providers/Microsoft.Flow/flows/bc1d6398-63ef-4838-ab66-91f98602308a","type":"Microsoft.Flow/flows","properties":{"apiId":"/providers/Microsoft.PowerApps/apis/shared_logicflows","displayName":"Get signatures for a selected SharePoint file","definition":{"metadata":{"workflowEntityId":null,"creator":{"id":"1cc5a94a-99ef-4f3b-b136-beb616ebbcd2","type":"User","tenantId":"fddf0fb0-6be4-4e34-ace1-e795bc64c91f"},"provisioningMethod":"FromDefinition","failureAlertSubscription":true,"clientLastModifiedTime":"2019-05-04T11:10:09.2785377Z"},"$schema":"https://schema.management.azure.com/providers/Microsoft.Logic/schemas/2016-06-01/workflowdefinition.json#","contentVersion":"1.0.0.0","parameters":{"$connections":{"defaultValue":{},"type":"Object"},"$authentication":{"defaultValue":{},"type":"SecureObject"},"sharepoint.site":{"defaultValue":"","type":"String"},"sharepoint.list":{"defaultValue":"","type":"String"}},"triggers":{"manual":{"splitOn":"@triggerBody()['rows']","type":"Request","kind":"ApiConnection","inputs":{"schema":{"type":"object","properties":{"rows":{"type":"array","items":{"type":"object","properties":{"file":{"type":"object","x-ms-dynamically-added":true,"description":"Please select a document","x-ms-content-hint":"FILE","title":"File Content","properties":{"name":{"type":"string"},"contentBytes":{"type":"string","format":"byte"}}},"entity":{"type":"object","required":[],"properties":{"FileId":{"type":"string"}}}},"required":["file"]}}}},"host":{"api":{"runtimeUrl":"https://flow-apim-msmanaged-na-centralus-01.azure-apim.net/apim/sharepointonline"},"connection":{"name":"@parameters('$connections')['shared_sharepointonline']['connectionId']"}},"operationId":"ForASelectedFileHybridTrigger","parameters":{"connectionId":"","dataset":"https://amspecllc.sharepoint.com/sites/AmspecEuropeunderdevelopment/OPS","table":"b504edaf-55fd-486a-87fe-7d2c0e19abc3"}}}},"actions":{"Upload_a_document_and_get_a_document_ID":{"runAfter":{"Get_file_properties":["Succeeded"]},"metadata":{"flowSystemMetadata":{"swaggerOperationId":"CreateTransientDocument"}},"type":"ApiConnection","inputs":{"host":{"api":{"runtimeUrl":"https://flow-apim-msmanaged-na-westus2-01.azure-apim.net/apim/adobesign"},"connection":{"name":"@json(decodeBase64(triggerOutputs().headers['X-MS-APIM-Tokens']))['$connections']['shared_adobesign']['connectionId']"}},"method":"post","headers":{"x-api-client-id":"MicrosoftFlow;v1.0.0;;;"},"path":"/v5/transientDocuments","body":{"$content-type":"multipart/form-data","$multipart":[{"headers":{"Content-Disposition":"form-data; name=\"File-Name\""},"body":"@triggerBody()['text']"},{"headers":{"Content-Disposition":"form-data; name=\"File\""},"body":"@base64ToBinary(triggerBody()['file']['contentBytes'])"}]},"authentication":{"type":"Raw","value":"@json(decodeBase64(triggerOutputs().headers['X-MS-APIM-Tokens']))['$ConnectionKey']"}}},"Create_an_agreement_from_an_uploaded_document_and_send_for_signature":{"runAfter":{"Upload_a_document_and_get_a_document_ID":["Succeeded"]},"metadata":{"flowSystemMetadata":{"swaggerOperationId":"CreateAgreementById"}},"type":"ApiConnection","inputs":{"host":{"api":{"runtimeUrl":"https://flow-apim-msmanaged-na-westus2-01.azure-apim.net/apim/adobesign"},"connection":{"name":"@json(decodeBase64(triggerOutputs().headers['X-MS-APIM-Tokens']))['$connections']['shared_adobesign']['connectionId']"}},"method":"post","body":{"documentCreationInfo":{"name":"@triggerBody()['text']","fileInfos1":{"transientDocumentId":"@body('Upload_a_document_and_get_a_document_ID')['transientDocumentId']"},"signatureType":"E-Signature","recipientSetInfos1":{"recipientSetMemberInfos1":{"email":"diederik.vantienen@amspecgroup.com"},"signingOrder":1,"recipientSetRole":"Signer"},"securityOptions":{"protectOpen":false},"message":"Please review and complete this document"}},"headers":{"x-api-client-id":"MicrosoftFlow;v1.0.0;;;"},"path":"/createagreementbyid_custom/v5/agreements","authentication":{"type":"Raw","value":"@json(decodeBase64(triggerOutputs().headers['X-MS-APIM-Tokens']))['$ConnectionKey']"}}},"Get_file_properties":{"runAfter":{},"metadata":{"flowSystemMetadata":{"swaggerOperationId":"GetFileItem"}},"type":"ApiConnection","inputs":{"host":{"api":{"runtimeUrl":"https://flow-apim-msmanaged-na-centralus-01.azure-apim.net/apim/sharepointonline"},"connection":{"name":"@json(decodeBase64(triggerOutputs().headers['X-MS-APIM-Tokens']))['$connections']['shared_sharepointonline']['connectionId']"}},"method":"get","path":"/datasets/@{encodeURIComponent(encodeURIComponent('https://amspecllc.sharepoint.com/sites/AmspecEuropeunderdevelopment/OPS'))}/tables/@{encodeURIComponent(encodeURIComponent('b504edaf-55fd-486a-87fe-7d2c0e19abc3'))}/items/@{encodeURIComponent(triggerBody()?['entity']?['FileId'])}/getfileitem","authentication":{"type":"Raw","value":"@json(decodeBase64(triggerOutputs().headers['X-MS-APIM-Tokens']))['$ConnectionKey']"}}},"Send_me_a_mobile_notification":{"runAfter":{"Create_an_agreement_from_an_uploaded_document_and_send_for_signature":["Succeeded"]},"metadata":{"flowSystemMetadata":{"swaggerOperationId":"SendNotification"}},"type":"ApiConnection","inputs":{"host":{"api":{"runtimeUrl":"https://flow-apim-msmanaged-na-northcentralus-01.azure-apim.net/apim/flowpush"},"connection":{"name":"@json(decodeBase64(triggerOutputs().headers['X-MS-APIM-Tokens']))['$connections']['shared_flowpush']['connectionId']"}},"method":"post","body":{"notificationText":"Your agreement @{triggerBody()['text']} has been successfully sent for signature using Adobe Sign."},"path":"/sendNotification","authentication":{"type":"Raw","value":"@json(decodeBase64(triggerOutputs().headers['X-MS-APIM-Tokens']))['$ConnectionKey']"}}}},"outputs":{},"description":"Request signatures for a selected file using Adobe Sign. Upload the document and use the data of the selected file to send an agreement. select a file and choose this flow from the Flow menu to trigger the flow."},"connectionReferences":{"shared_adobesign":{"connectionName":"shared-adobesign-1a628b4b-df36-4299-a972-3e111151d2b0","source":"Invoker","id":"/providers/Microsoft.PowerApps/apis/shared_adobesign","tier":"NotSpecified"},"shared_sharepointonline":{"connectionName":"shared-sharepointonl-3a0898b1-879c-4a76-a08a-951c3a72d986","source":"Invoker","id":"/providers/Microsoft.PowerApps/apis/shared_sharepointonline","tier":"NotSpecified"},"shared_flowpush":{"connectionName":"shared-flowpush-8665012d-fa9a-4cf5-9486-c5bfc54505c2","source":"Invoker","id":"/providers/Microsoft.PowerApps/apis/shared_flowpush","tier":"NotSpecified"}},"flowFailureAlertSubscribed":false,"isManaged":false}}