{"schemaVersion":"1.0","appDefinitionTemplate":{"id":"/providers/Microsoft.PowerApps/apps/","type":"Microsoft.PowerApps/apps","tags":{"primaryDeviceWidth":"1136","primaryDeviceHeight":"640","sienaVersion":"20210120T044330Z-3.20122.13.0","deviceCapabilities":"","supportsPortrait":"false","supportsLandscape":"true","primaryFormFactor":"Phone","publisherVersion":"3.20122.13","minimumRequiredApiVersion":"2.2.0","hasComponent":"true","hasUnlockedComponent":"true","isUnifiedRootApp":"false"},"properties":{"appVersion":"2021-01-20T04:43:30Z","lifeCycleId":"Published","createdByClientVersion":{"major":3,"minor":20122,"build":13,"revision":0,"majorRevision":0,"minorRevision":0},"minClientVersion":{"major":3,"minor":20122,"build":13,"revision":0,"majorRevision":0,"minorRevision":0},"backgroundColor":"rgba(251, 101, 60, 255)","backgroundImageUri":"/12718488159234937905/N1b4363c6-1742-40ef-a6a6-7aaea515b9c8-logoSmallFile","displayName":"BC - AmSpec Brasil","description":"","commitMessage":"","appUris":{"documentUri":{"value":"/12718488159234937905/Na9d2e8b9-44c2-44bf-aea2-71ceff365c75-document.msapp"},"imageUris":[]},"createdTime":"0001-01-01T00:00:00Z","lastModifiedTime":"0001-01-01T00:00:00Z","sharedGroupsCount":0,"sharedUsersCount":0,"icons":{"smallIconUri":"/12718488159234937905/N573044d6-32af-4f08-8a94-6ff4041bd9e7-small.png","mediumIconUri":"/12718488159234937905/N6ead1c90-7363-4826-a7bd-b7cf30b343aa-medium.png","largeIconUri":"/12718488159234937905/Na8325973-b245-4117-9688-3ebb17a2571e-large.png","wideIconUri":"/12718488159234937905/N454e849f-7496-4fb5-aa8e-c63bdfa2e81b-wide.png"},"connectionReferences":{},"databaseReferences":{},"almMode":"Environment","performanceOptimizationEnabled":true,"canConsumeAppPass":true,"executionRestrictions":{"isTeamsOnly":false,"dataLossPreventionEvaluationResult":{"status":"Compliant","lastEvaluationDate":"2021-01-18T04:45:04.8610399Z","violationDetails":[]}}},"isAppComponentLibrary":true,"appType":"AppComponentLibrary","appComponents":[{"displayName":"Component2","appVersion":"2021-01-20T04:43:30Z","componentType":"NotSpecified","allowCustomization":true,"createdOn":"2021-01-18T04:44:54.688Z","lastModifiedOn":"2021-01-18T04:44:55.11Z","connectionReferences":{},"databaseReferences":{}}]}}