{"schemaVersion":"1.0","appDefinitionTemplate":{"id":"/providers/Microsoft.PowerApps/apps/","type":"Microsoft.PowerApps/apps","tags":{"primaryDeviceWidth":"1366","primaryDeviceHeight":"768","sienaVersion":"20220512T045923Z-3.22051.28.0","deviceCapabilities":"","supportsPortrait":"false","supportsLandscape":"true","primaryFormFactor":"Tablet","publisherVersion":"3.22044.32","minimumRequiredApiVersion":"2.2.0","hasComponent":"true","hasUnlockedComponent":"true","isUnifiedRootApp":"false"},"properties":{"appVersion":"2022-05-12T04:59:23Z","lifeCycleId":"Published","createdByClientVersion":{"major":3,"minor":22044,"build":32,"revision":0,"majorRevision":0,"minorRevision":0},"minClientVersion":{"major":3,"minor":22044,"build":32,"revision":0,"majorRevision":0,"minorRevision":0},"backgroundColor":"rgba(76, 74, 72, 1)","backgroundImageUri":"/7334527731344487985/N8a9bf5b9-def8-4cac-a3ed-47953c821a2d-logoSmallFile","displayName":"AmSpec Brasil Certificados","description":"","commitMessage":"","appUris":{"documentUri":{"value":"/7334527731344487985/N8bd1a877-69f1-423c-a9c3-e44072fb46bf-document.msapp"},"imageUris":[]},"createdTime":"0001-01-01T00:00:00Z","lastModifiedTime":"0001-01-01T00:00:00Z","sharedGroupsCount":0,"sharedUsersCount":0,"icons":{"smallIconUri":"/7334527731344487985/N0ec9be25-c257-459a-956c-2bb2b0823050-small.png","mediumIconUri":"/7334527731344487985/N1fde5ba1-1ccb-492f-9f46-51b0c11de127-medium.png","largeIconUri":"/7334527731344487985/N86440ef9-96ee-4aee-92eb-73f9f4afc1c9-large.png","wideIconUri":"/7334527731344487985/N7859ab06-a948-4107-82d4-5763e2cf090d-wide.png"},"connectionReferences":{"1105df48-ef41-41a1-8458-2646f93ea7c0":{"id":"11a93981-676c-4606-a07f-edd11d7114a2","displayName":"SharePoint","iconUri":"https://connectoricons-prod.azureedge.net/releases/v1.0.1568/1.0.1568.2757/sharepointonline/icon.png","dataSources":["Controle de Certificados"],"dependencies":[],"dependents":[],"parameterHints":{},"parameterHintsV2":{},"isOnPremiseConnection":false,"bypassConsent":false,"dataSets":{"https://amspecllc.sharepoint.com/sites/AgriBrasil":{"dataSources":{"Controle de Certificados":{"tableName":"3852bf95-0328-4fee-9e2a-f50cab0a08fe"}}}},"apiTier":"Standard","isCustomApiConnection":false,"actions":["providers/PowerPlatform.Governance/Operations/Read","providers/PowerPlatform.Governance/Operations/Write"]},"ee2ae94d-60d5-475c-a955-47728dfbbf49":{"id":"e47aecad-ddea-46df-a631-3b9fab904fb6","displayName":"Power Apps para Fabricantes","iconUri":"https://connectoricons-prod.azureedge.net/releases/v1.0.1551/1.0.1551.2693/powerappsforappmakers/icon.png","dataSources":["PowerAppsparaFabricantes"],"dependencies":[],"dependents":[],"parameterHints":{},"parameterHintsV2":{},"isOnPremiseConnection":false,"bypassConsent":false,"dataSets":{},"apiTier":"Standard","isCustomApiConnection":false,"actions":["Get-App"]}},"databaseReferences":{},"almMode":"Environment","performanceOptimizationEnabled":true,"canConsumeAppPass":true,"executionRestrictions":{"isTeamsOnly":false,"dataLossPreventionEvaluationResult":{"status":"Compliant","lastEvaluationDate":"2021-01-23T22:38:40.2637854Z","violationDetails":[]}}},"appType":"ClassicCanvasApp","appComponents":[]}}