{"name":"5b15cdfd-ad7f-4809-bef6-089801622820","id":"/providers/Microsoft.Flow/flows/5b15cdfd-ad7f-4809-bef6-089801622820","type":"Microsoft.Flow/flows","properties":{"apiId":"/providers/Microsoft.PowerApps/apis/shared_logicflows","displayName":"Read Locations","definition":{"metadata":{"workflowEntityId":null,"processAdvisorMetadata":null,"flowclientsuspensionreason":"None","flowclientsuspensiontime":null,"creator":{"id":"5559cccf-deaf-4ab0-856a-b5da5d1128a2","type":"User","tenantId":"fddf0fb0-6be4-4e34-ace1-e795bc64c91f"},"provisioningMethod":"FromDefinition","failureAlertSubscription":true,"clientLastModifiedTime":"2021-06-24T12:52:00.9812689Z"},"$schema":"https://schema.management.azure.com/providers/Microsoft.Logic/schemas/2016-06-01/workflowdefinition.json#","contentVersion":"1.0.0.0","parameters":{"$connections":{"defaultValue":{},"type":"Object"},"$authentication":{"defaultValue":{},"type":"SecureObject"}},"triggers":{"Recurrence":{"recurrence":{"frequency":"Minute","interval":30,"startTime":"2021-06-24T04:30:00.000Z"},"type":"Recurrence"}},"actions":{"HTTP":{"runAfter":{},"type":"Http","inputs":{"method":"GET","uri":"https://www.amspecgroup.com/locations/"}},"Html_to_text":{"runAfter":{"Initialize_variable_2":["Succeeded"]},"type":"OpenApiConnection","inputs":{"host":{"apiId":"/providers/Microsoft.PowerApps/apis/shared_conversionservice","connectionName":"shared_conversionservice","operationId":"HtmlToText"},"parameters":{"Content":"<p>@{variables('LocationObj')}</p>"},"authentication":"@parameters('$authentication')"}},"Initialize_variable_2":{"runAfter":{"Parse_JSON":["Succeeded"]},"type":"InitializeVariable","inputs":{"variables":[{"name":"LocationObj","type":"string","value":"@{body('Parse_JSON')}"}]}},"Parse_JSON":{"runAfter":{"HTTP":["Succeeded"]},"type":"ParseJson","inputs":{"content":"@body('HTTP')","schema":{"type":"object","properties":{"statusCode":{"type":"integer"},"headers":{"type":"object","properties":{"Pragma":{"type":"string"},"Transfer-Encoding":{"type":"string"},"Vary":{"type":"string"},"Strict-Transport-Security":{"type":"string"},"X-Content-Type-Options":{"type":"string"},"X-Frame-Options":{"type":"string"},"Cache-Control":{"type":"string"},"Set-Cookie":{"type":"string"},"Timing-Allow-Origin":{"type":"string"},"x-ms-apihub-cached-response":{"type":"string"},"Date":{"type":"string"},"Content-Type":{"type":"string"},"Expires":{"type":"string"},"Content-Length":{"type":"string"}}},"body":{"type":"string"}}}}}}},"connectionReferences":{"shared_conversionservice":{"connectionName":"shared-conversionser-e06f631e-625c-47c1-a856-1bcb-26e12499","source":"Embedded","id":"/providers/Microsoft.PowerApps/apis/shared_conversionservice","tier":"NotSpecified"}},"flowFailureAlertSubscribed":false,"isManaged":false}}