{"schemaVersion":"1.0","appDefinitionTemplate":{"id":"/providers/Microsoft.PowerApps/apps/","type":"Microsoft.PowerApps/apps","tags":{"sp-site-id":"https://amspecllc.sharepoint.com/sites/TexasCityOps","sp-list-id":"a44bc4d2-2725-43f4-b764-e9a004e94979","https://amspecllc.sharepoint.com/sites/TexasCityOps":"a44bc4d2-2725-43f4-b764-e9a004e94979","primaryDeviceWidth":"640","primaryDeviceHeight":"1136","sienaVersion":"20201230T181206Z-3.20114.22.0","deviceCapabilities":"","supportsPortrait":"true","supportsLandscape":"false","primaryFormFactor":"Phone","publisherVersion":"3.20114.22","minimumRequiredApiVersion":"2.2.0","hasComponent":"false","hasUnlockedComponent":"false","isUnifiedRootApp":"false"},"properties":{"appVersion":"2020-12-30T18:12:06Z","lifeCycleId":"Published","createdByClientVersion":{"major":3,"minor":20114,"build":22,"revision":0,"majorRevision":0,"minorRevision":0},"minClientVersion":{"major":3,"minor":20114,"build":22,"revision":0,"majorRevision":0,"minorRevision":0},"backgroundColor":"rgba(0, 176, 240, 1)","backgroundImageUri":"/5557980479382118976/N8db84f79-1715-4d0b-b827-2c21c684a1d9-logoSmallFile","displayName":"carlos Cirnigliaro","description":"","commitMessage":"","appUris":{"documentUri":{"value":"/5557980479382118976/N9ebc24d2-6b32-493c-afb1-54c92ef4221e-document.msapp"},"imageUris":[]},"createdTime":"0001-01-01T00:00:00Z","lastModifiedTime":"0001-01-01T00:00:00Z","sharedGroupsCount":0,"sharedUsersCount":0,"icons":{"smallIconUri":"/5557980479382118976/N0e4e2557-161d-4f2d-81c1-93db9667756e-small.png","mediumIconUri":"/5557980479382118976/Nff8405e7-998a-4d48-9724-89f08f694567-medium.png","largeIconUri":"/5557980479382118976/Nc12424e3-7d05-42a1-a3d2-56453acc453d-large.png","wideIconUri":"/5557980479382118976/N1b3aa893-5d0f-455b-a10a-1ca106dc7084-wide.png"},"connectionReferences":{"f1344bb7-c1d6-4b62-8a69-05a05d4a1a44":{"id":"11a93981-676c-4606-a07f-edd11d7114a2","displayName":"SharePoint","iconUri":"https://connectoricons-prod.azureedge.net/releases/v1.0.1426/1.0.1426.2268/sharepointonline/icon.png","dataSources":["Ana_req_Blk"],"dependencies":[],"dependents":[],"parameterHints":{},"isOnPremiseConnection":false,"dataSets":{"https://amspecllc.sharepoint.com/sites/TexasCityOps":{"dataSources":{"Ana_req_Blk":{"tableName":"a44bc4d2-2725-43f4-b764-e9a004e94979"}}}},"apiTier":"Standard","isCustomApiConnection":false}},"databaseReferences":{},"almMode":"Environment","performanceOptimizationEnabled":true,"canConsumeAppPass":true,"executionRestrictions":{"isTeamsOnly":false,"dataLossPreventionEvaluationResult":{"status":"Compliant","lastEvaluationDate":"2020-12-31T01:29:58.8264065Z","violationDetails":[]}}},"isAppComponentLibrary":false,"appType":"ClassicCanvasApp","appComponents":[]}}