{"name":"dda03524-be97-459a-95e0-033967f40797","id":"/providers/Microsoft.Flow/flows/dda03524-be97-459a-95e0-033967f40797","type":"Microsoft.Flow/flows","properties":{"apiId":"/providers/Microsoft.PowerApps/apis/shared_logicflows","displayName":"Revert Back Permissions in Dev","definition":{"metadata":{"workflowEntityId":null,"processAdvisorMetadata":null,"flowclientsuspensionreason":"None","flowclientsuspensiontime":null,"creator":{"id":"5559cccf-deaf-4ab0-856a-b5da5d1128a2","type":"User","tenantId":"fddf0fb0-6be4-4e34-ace1-e795bc64c91f"},"provisioningMethod":"FromDefinition","failureAlertSubscription":true,"clientLastModifiedTime":"2021-10-12T13:11:11.5370492Z"},"$schema":"https://schema.management.azure.com/providers/Microsoft.Logic/schemas/2016-06-01/workflowdefinition.json#","contentVersion":"1.0.0.0","parameters":{"$connections":{"defaultValue":{},"type":"Object"},"$authentication":{"defaultValue":{},"type":"SecureObject"}},"triggers":{"manual":{"splitOn":"@triggerBody()['rows']","type":"Request","kind":"ApiConnection","inputs":{"schema":{"type":"object","properties":{"rows":{"type":"array","items":{"type":"object","properties":{"entity":{"type":"object","properties":{"ID":{"title":"ID","type":"integer","format":"int64"}},"required":["ID"]}},"required":["entity"]}}},"required":["rows"]},"host":{"connection":{"name":"@parameters('$connections')['shared_sharepointonline']['connectionId']"},"api":{"runtimeUrl":"https://flow-apim-msmanaged-na-northcentralus-01.azure-apim.net/apim/sharepointonline"}},"operationId":"GetItemHybridTriggerSchema","parameters":{"dataset":"https://amspecllc.sharepoint.com/sites/EDocDev","table":"6718b706-18db-4de8-96d6-6b6fec91bcee"}}}},"actions":{"Currently_Selected_record_from_User_Permission_Logs":{"runAfter":{},"type":"OpenApiConnection","inputs":{"host":{"apiId":"/providers/Microsoft.PowerApps/apis/shared_sharepointonline","connectionName":"shared_sharepointonline","operationId":"GetItem"},"parameters":{"dataset":"https://amspecllc.sharepoint.com/sites/EDocDev","table":"6718b706-18db-4de8-96d6-6b6fec91bcee","id":"@triggerBody()?['entity']?['ID']"},"authentication":{"value":"@json(decodeBase64(triggerOutputs().headers['X-MS-APIM-Tokens']))['$ConnectionKey']","type":"Raw"}}},"Compose":{"runAfter":{"Currently_Selected_record_from_User_Permission_Logs":["Succeeded"]},"type":"Compose","inputs":"@string(outputs('Currently_Selected_record_from_User_Permission_Logs')?['body/kcsLoginNames'])"},"Initialize_variable_for_Previous_permission_Type_":{"runAfter":{"Get_most_recently_created_record":["Succeeded"]},"type":"InitializeVariable","inputs":{"variables":[{"name":"Previous Permission Type","type":"string","value":"@{null}"}]}},"Initialize_variable_for_Previous_Permission_Template":{"runAfter":{"Initialize_variable_for_Previous_permission_Type_":["Succeeded"]},"type":"InitializeVariable","inputs":{"variables":[{"name":"Previous Permission Template","type":"integer","value":"@null"}]}},"Initialize_variable_for_Group_Managemnt_Ids":{"runAfter":{"Initialize_variable_for_Previous_Permission_Template":["Succeeded"]},"type":"InitializeVariable","inputs":{"variables":[{"name":"Group Management Ids","type":"string"}]}},"Get_most_recently_created_record":{"runAfter":{"Compose":["Succeeded"]},"type":"OpenApiConnection","inputs":{"host":{"apiId":"/providers/Microsoft.PowerApps/apis/shared_sharepointonline","connectionName":"shared_sharepointonline","operationId":"GetItems"},"parameters":{"dataset":"https://amspecllc.sharepoint.com/sites/EDocDev","table":"6718b706-18db-4de8-96d6-6b6fec91bcee","$filter":"kcsLoginNames eq @{outputs('Currently_Selected_record_from_User_Permission_Logs')?['body/kcsLoginNames']}","$orderby":"Id desc","$top":1},"authentication":{"value":"@json(decodeBase64(triggerOutputs().headers['X-MS-APIM-Tokens']))['$ConnectionKey']","type":"Raw"}}},"Apply_to_each_2":{"foreach":"@outputs('Get_most_recently_created_record')?['body/value']","actions":{"Condition__for_check_most_recently_created_record":{"actions":{"Condition_for_Create_record_for_Remove_in_Groups_Management":{"actions":{"Create_item_for_Remove_in_Group_Management_list":{"runAfter":{},"type":"OpenApiConnection","inputs":{"host":{"apiId":"/providers/Microsoft.PowerApps/apis/shared_sharepointonline","connectionName":"shared_sharepointonline","operationId":"PostItem"},"parameters":{"dataset":"https://amspecllc.sharepoint.com/sites/EDocDev","table":"6909a47a-66e6-44f8-900d-b25b52c0451d","item/Title":"Revert Back for @{outputs('Currently_Selected_record_from_User_Permission_Logs')?['body/Title']}","item/kcsAddOrRemove/Value":"Remove","item/kcsGroupsText":"@outputs('Currently_Selected_record_from_User_Permission_Logs')?['body/kcsNewlyAddedGroups']","item/kcsLoginNames":"@outputs('Currently_Selected_record_from_User_Permission_Logs')?['body/kcsLoginNames']","item/kcsEmployeeIDs":"@outputs('Currently_Selected_record_from_User_Permission_Logs')?['body/kcsEmployeeIDs']","item/kcsStatus/Value":"New"},"authentication":{"value":"@json(decodeBase64(triggerOutputs().headers['X-MS-APIM-Tokens']))['$ConnectionKey']","type":"Raw"}}},"Set_variable_2":{"runAfter":{"Create_item_for_Remove_in_Group_Management_list":["Succeeded"]},"type":"SetVariable","inputs":{"name":"Group Management Ids","value":"@{outputs('Create_item_for_Remove_in_Group_Management_list')?['body/ID']}"}}},"runAfter":{"Apply_to_each":["Succeeded"]},"expression":{"not":{"equals":["@outputs('Currently_Selected_record_from_User_Permission_Logs')?['body/kcsNewlyAddedGroups']","@null"]}},"type":"If"},"Condition_for_Check_Create_record_for_Add_in_Group_Management_list":{"actions":{"Create_item_for_Add_in_Group_Management_list":{"runAfter":{},"type":"OpenApiConnection","inputs":{"host":{"apiId":"/providers/Microsoft.PowerApps/apis/shared_sharepointonline","connectionName":"shared_sharepointonline","operationId":"PostItem"},"parameters":{"dataset":"https://amspecllc.sharepoint.com/sites/EDocDev","table":"6909a47a-66e6-44f8-900d-b25b52c0451d","item/Title":"Revert Back for @{outputs('Currently_Selected_record_from_User_Permission_Logs')?['body/Title']}","item/kcsAddOrRemove/Value":"Add","item/kcsGroupsText":"@outputs('Currently_Selected_record_from_User_Permission_Logs')?['body/kcsRemovedGroups']","item/kcsLoginNames":"@outputs('Currently_Selected_record_from_User_Permission_Logs')?['body/kcsLoginNames']","item/kcsEmployeeIDs":"@outputs('Currently_Selected_record_from_User_Permission_Logs')?['body/kcsEmployeeIDs']","item/kcsStatus/Value":"New"},"authentication":{"value":"@json(decodeBase64(triggerOutputs().headers['X-MS-APIM-Tokens']))['$ConnectionKey']","type":"Raw"}}},"Condition_for_Add_multiple_Group_Management_Ids":{"actions":{"Set_variable_3":{"runAfter":{},"type":"SetVariable","inputs":{"name":"Group Management Ids","value":"@{outputs('Create_item_for_Add_in_Group_Management_list')?['body/ID']}"}}},"runAfter":{"Create_item_for_Add_in_Group_Management_list":["Succeeded"]},"else":{"actions":{"Compose_2":{"runAfter":{},"type":"Compose","inputs":"@variables('Group Management Ids')"},"Set_variable_4":{"runAfter":{"Compose_2":["Succeeded"]},"type":"SetVariable","inputs":{"name":"Group Management Ids","value":"@{outputs('Compose_2')},@{outputs('Create_item_for_Add_in_Group_Management_list')?['body/ID']}"}}}},"expression":{"equals":["@empty(variables('Group Management Ids'))","@true"]},"type":"If"}},"runAfter":{"Condition_for_Create_record_for_Remove_in_Groups_Management":["Succeeded"]},"expression":{"not":{"equals":["@outputs('Currently_Selected_record_from_User_Permission_Logs')?['body/kcsRemovedGroups']","@null"]}},"type":"If"},"Create_item_in_User_Permission_Logs":{"runAfter":{"Condition_for_Check_Create_record_for_Add_in_Group_Management_list":["Succeeded"]},"type":"OpenApiConnection","inputs":{"host":{"apiId":"/providers/Microsoft.PowerApps/apis/shared_sharepointonline","connectionName":"shared_sharepointonline","operationId":"PostItem"},"parameters":{"dataset":"https://amspecllc.sharepoint.com/sites/EDocDev","table":"6718b706-18db-4de8-96d6-6b6fec91bcee","item/Title":"@outputs('Currently_Selected_record_from_User_Permission_Logs')?['body/Title']","item/kcsGroupManagementId":"@variables('Group Management Ids')","item/kcsPermissionTemplate/Id":"@variables('Previous Permission Template')","item/kcsEmployeeIDs":"@outputs('Currently_Selected_record_from_User_Permission_Logs')?['body/kcsEmployeeIDs']","item/kcsLoginNames":"@outputs('Currently_Selected_record_from_User_Permission_Logs')?['body/kcsLoginNames']","item/kcsGroupsText":"@outputs('Currently_Selected_record_from_User_Permission_Logs')?['body/kcsPreviousPermissions']","item/kcsPreviousPermissions":"@outputs('Currently_Selected_record_from_User_Permission_Logs')?['body/kcsGroupsText']","item/kcsRemovedGroups":"@outputs('Currently_Selected_record_from_User_Permission_Logs')?['body/kcsNewlyAddedGroups']","item/kcsNewlyAddedGroups":"@outputs('Currently_Selected_record_from_User_Permission_Logs')?['body/kcsRemovedGroups']","item/kcsPermissionType/Value":"@variables('Previous Permission Type')","item/kcsStatus/Value":"New"},"authentication":{"value":"@json(decodeBase64(triggerOutputs().headers['X-MS-APIM-Tokens']))['$ConnectionKey']","type":"Raw"}}},"Apply_to_each":{"foreach":"@outputs('Get_items')?['body/value']","actions":{"Set_variable_for_Previous_Permission_Type":{"runAfter":{},"type":"SetVariable","inputs":{"name":"Previous Permission Type","value":"@items('Apply_to_each')?['kcsPermissionType/Value']"}},"Condition_Check_permission_template_and_group_text_value":{"actions":{"Set_variable_for_Previous_Permission_Template_as_null":{"runAfter":{},"type":"SetVariable","inputs":{"name":"Previous Permission Template","value":0}}},"runAfter":{"Set_variable_for_Previous_Permission_Type":["Succeeded"]},"else":{"actions":{"Set_variable_for_Previous_Permission_Template_as_get_item_value":{"runAfter":{},"type":"SetVariable","inputs":{"name":"Previous Permission Template","value":"@items('Apply_to_each')?['kcsPermissionTemplate/Id']"}}}},"expression":{"or":[{"and":[{"equals":["@items('Apply_to_each')?['kcsGroupsText']","@null"]},{"equals":["@items('Apply_to_each')?['kcsPermissionTemplate/Value']","No Permissions"]}]},{"equals":["@items('Apply_to_each')?['kcsPermissionTemplate/Id']","@null"]}]},"type":"If"}},"runAfter":{"Get_items":["Succeeded"]},"type":"Foreach"},"Get_items":{"runAfter":{},"type":"OpenApiConnection","inputs":{"host":{"apiId":"/providers/Microsoft.PowerApps/apis/shared_sharepointonline","connectionName":"shared_sharepointonline","operationId":"GetItems"},"parameters":{"dataset":"https://amspecllc.sharepoint.com/sites/EDocDev","table":"6718b706-18db-4de8-96d6-6b6fec91bcee","$filter":"kcsLoginNames eq @{outputs('Compose')}","$orderby":"Id desc","$top":2},"authentication":{"value":"@json(decodeBase64(triggerOutputs().headers['X-MS-APIM-Tokens']))['$ConnectionKey']","type":"Raw"}}}},"runAfter":{},"else":{"actions":{"Update_Request_for_current_record_is_not_most_recently_created":{"runAfter":{},"type":"OpenApiConnection","inputs":{"host":{"apiId":"/providers/Microsoft.PowerApps/apis/shared_sharepointonline","connectionName":"shared_sharepointonline","operationId":"PatchItem"},"parameters":{"dataset":"https://amspecllc.sharepoint.com/sites/EDocDev","table":"6718b706-18db-4de8-96d6-6b6fec91bcee","id":"@triggerBody()?['entity']?['ID']","item/Title":"@outputs('Currently_Selected_record_from_User_Permission_Logs')?['body/Title']","item/kcsRemarks":"This permission can not be revert back. Kindly select the latest permission log entry for this user."},"authentication":{"value":"@json(decodeBase64(triggerOutputs().headers['X-MS-APIM-Tokens']))['$ConnectionKey']","type":"Raw"}}}}},"expression":{"equals":["@items('Apply_to_each_2')?['ID']","@triggerBody()?['entity']?['ID']"]},"type":"If"}},"runAfter":{"Initialize_variable_for_Group_Managemnt_Ids":["Succeeded"]},"type":"Foreach"}}},"connectionReferences":{"shared_sharepointonline":{"connectionName":"95f6f15913b4440ebd39c2d9222792ed","source":"Invoker","id":"/providers/Microsoft.PowerApps/apis/shared_sharepointonline","tier":"NotSpecified"}},"flowFailureAlertSubscribed":false,"isManaged":false}}