{"name":"16e9d855-5a9f-42c3-8a1a-210c1e420231","id":"/providers/Microsoft.Flow/flows/16e9d855-5a9f-42c3-8a1a-210c1e420231","type":"Microsoft.Flow/flows","properties":{"apiId":"/providers/Microsoft.PowerApps/apis/shared_logicflows","displayName":"Salva i nuovi allegati di posta elettronica di Office 365 in OneDrive for Business","definition":{"metadata":{"workflowEntityId":null,"creator":{"id":"3088f5d4-2958-4a89-a5d0-70aebd4ba8c3","type":"User","tenantId":"fddf0fb0-6be4-4e34-ace1-e795bc64c91f"},"provisioningMethod":"FromDefinition","failureAlertSubscription":true,"clientLastModifiedTime":"2019-11-11T22:16:57.1540374Z","flowclientsuspensionreason":"None","flowclientsuspensiontime":null,"processAdvisorMetadata":null},"$schema":"https://schema.management.azure.com/providers/Microsoft.Logic/schemas/2016-06-01/workflowdefinition.json#","contentVersion":"1.0.0.0","parameters":{"$connections":{"defaultValue":{},"type":"Object"},"$authentication":{"defaultValue":{},"type":"SecureObject"},"odb.folderPath":{"defaultValue":"","type":"String"}},"triggers":{"On_new_email":{"splitOn":"@triggerBody()?.value","metadata":{"flowSystemMetadata":{"swaggerOperationId":"OnNewEmail"}},"type":"ApiConnectionNotification","inputs":{"fetch":{"method":"get","pathTemplate":{"template":"/Mail/OnNewEmail"},"queries":{"folderPath":"Inbox","importance":"Normal","fetchOnlyWithAttachment":true,"includeAttachments":true}},"subscribe":{"method":"post","pathTemplate":{"template":"/MailSubscriptionPoke/$subscriptions"},"body":{"NotificationUrl":"@{listCallbackUrl()}"},"queries":{"folderPath":"Inbox","importance":"Normal","fetchOnlyWithAttachment":true}},"host":{"api":{"runtimeUrl":"https://flow-apim-msmanaged-na-northcentralus-01.azure-apim.net/apim/office365"},"connection":{"name":"@parameters('$connections')['shared_office365']['connectionId']"}},"authentication":"@parameters('$authentication')"},"conditions":[]}},"actions":{"Apply_to_each_Attachment_on_the_email":{"foreach":"@triggerBody()['Attachments']","actions":{"Create_file":{"runAfter":{},"metadata":{"flowSystemMetadata":{"swaggerOperationId":"CreateFile"}},"type":"ApiConnection","inputs":{"host":{"api":{"runtimeUrl":"https://flow-apim-msmanaged-na-centralus-01.azure-apim.net/apim/onedriveforbusiness"},"connection":{"name":"@parameters('$connections')['shared_onedriveforbusiness']['connectionId']"}},"method":"post","queries":{"folderPath":"/Email attachments from Flow","name":"@{item()['Name']}"},"body":"@decodeDataUri(concat('data:application/octet-stream;base64,',item()['ContentBytes']))","path":"/datasets/default/files","authentication":"@parameters('$authentication')"}},"Condition":{"actions":{"Create_file_retry":{"runAfter":{"Delay":["Succeeded"]},"metadata":{"flowSystemMetadata":{"swaggerOperationId":"CreateFile"}},"type":"ApiConnection","inputs":{"host":{"api":{"runtimeUrl":"https://flow-apim-msmanaged-na-centralus-01.azure-apim.net/apim/onedriveforbusiness"},"connection":{"name":"@parameters('$connections')['shared_onedriveforbusiness']['connectionId']"}},"method":"post","body":"@base64ToBinary(items('Apply_to_each_Attachment_on_the_email')?['ContentBytes'])","path":"/datasets/default/files","queries":{"folderPath":"/Email attachments from Flow","name":"@items('Apply_to_each_Attachment_on_the_email')?['Name']"},"authentication":"@parameters('$authentication')"}},"Delay":{"runAfter":{},"type":"Wait","inputs":{"interval":{"count":30,"unit":"Second"}}}},"runAfter":{"Create_file":["Failed"]},"expression":"@equals(equals(int(actionOutputs('Create_file').statusCode), 409), true)","type":"If"}},"runAfter":{},"type":"Foreach"}},"description":"È ora possibile accedere facilmente agli allegati di posta elettronica di Office 365 da OneDrive for Business. Tutti gli allegati nella Posta in arrivo di Office 365 verranno salvati in una cartella denominata Allegati di posta elettronica da Microsoft Flow."},"connectionReferences":{"shared_office365":{"connectionName":"7eb801c4-f70e-426c-8d5f-560e-02f91ae3","source":"Embedded","id":"/providers/Microsoft.PowerApps/apis/shared_office365","tier":"NotSpecified"},"shared_onedriveforbusiness":{"connectionName":"991fff21-944a-4b88-9b4f-6467-cfc17e08","source":"Embedded","id":"/providers/Microsoft.PowerApps/apis/shared_onedriveforbusiness","tier":"NotSpecified"}},"flowFailureAlertSubscribed":false,"isManaged":false}}