{"name":"979d1ed1-6f0e-489e-bd6c-f48dabc403b7","id":"/providers/Microsoft.Flow/flows/979d1ed1-6f0e-489e-bd6c-f48dabc403b7","type":"Microsoft.Flow/flows","properties":{"apiId":"/providers/Microsoft.PowerApps/apis/shared_logicflows","displayName":"Alerte rétention échantillons","definition":{"metadata":{"workflowEntityId":null,"processAdvisorMetadata":null,"flowclientsuspensionreason":"None","flowclientsuspensiontime":null,"creator":{"id":"d883cf26-a52a-4275-8731-1d05bdf0689c","type":"User","tenantId":"fddf0fb0-6be4-4e34-ace1-e795bc64c91f"},"provisioningMethod":"FromDefinition","failureAlertSubscription":true,"clientLastModifiedTime":"2022-04-26T12:23:02.0275623Z"},"$schema":"https://schema.management.azure.com/providers/Microsoft.Logic/schemas/2016-06-01/workflowdefinition.json#","contentVersion":"1.0.0.0","parameters":{"$connections":{"defaultValue":{},"type":"Object"},"$authentication":{"defaultValue":{},"type":"SecureObject"}},"triggers":{"Recurrence":{"recurrence":{"frequency":"Day","interval":1,"startTime":"2021-06-29T09:00:00.000Z"},"metadata":{"operationMetadataId":"7ff4fc67-4384-4d94-b90f-94b35c6e2a0c"},"type":"Recurrence"}},"actions":{"Lister_les_lignes_présentes_dans_un_tableau":{"runAfter":{},"metadata":{"01EX7SA4LKCS33EWKQ2FDL4RW7P25DKOMG":"/EN-S16 Planning et exploitation des étalonnages.xlsx","tableId":"{63EB4350-6969-43AA-B2FE-907CFD10F62A}","operationMetadataId":"20ce78c0-26a7-4fba-8978-46ead572d474","01EX7SA4PAJOFDT2FSCBAJYFR2AI26POEZ":"/Classeur.xlsx","01EX7SA4KB2ZDA4I7LTNB2WIOIU4VK4OJ6":"/Suivi des conso.xlsx","01EX7SA4J4GZ5XWE6JVVAZIYNXN3XQINEM":"/EN R03 Fiche de Suivi Des Echantillons 2022.xlsx"},"type":"OpenApiConnection","inputs":{"host":{"apiId":"/providers/Microsoft.PowerApps/apis/shared_excelonlinebusiness","connectionName":"shared_excelonlinebusiness","operationId":"GetItems"},"parameters":{"source":"me","drive":"b!BtvVXgetNUez_uvTd7Voz2JU6YFVKtdKk7t2HEaI2IQpSNkXdfd5QISuJt865TjE","file":"01EX7SA4J4GZ5XWE6JVVAZIYNXN3XQINEM","table":"{63EB4350-6969-43AA-B2FE-907CFD10F62A}"},"authentication":"@parameters('$authentication')"}},"Appliquer_à_chacun":{"foreach":"@outputs('Lister_les_lignes_présentes_dans_un_tableau')?['body/value']","actions":{"Condition":{"actions":{"Envoyer_une_notification_par_e-mail_(V3)":{"runAfter":{},"metadata":{"operationMetadataId":"3b95836d-98bb-49da-8d43-734289a3a515"},"type":"OpenApiConnection","inputs":{"host":{"apiId":"/providers/Microsoft.PowerApps/apis/shared_sendmail","connectionName":"shared_sendmail","operationId":"SendEmailV3"},"parameters":{"request/to":"Znagui.Youssef@amspecgroup.com;","request/subject":"Rappel Echantillons A Détruire ","request/text":"<p>Salutations,<br>\n<br>\nVeuillez noter que les échantillons suivants sont échus, veuillez procéder à leur destruction<br>\n<br>\n@{items('Appliquer_à_chacun')?['Identification']} @{items('Appliquer_à_chacun')?['Date prévue de destruction']}</p>"},"authentication":"@parameters('$authentication')"}}},"runAfter":{},"expression":{"equals":["@items('Appliquer_à_chacun')?['Alerte']","Alerte"]},"metadata":{"operationMetadataId":"9e49a178-7505-4f4e-9a7d-04c0cff30127"},"type":"If"}},"runAfter":{"Lister_les_lignes_présentes_dans_un_tableau":["Succeeded"]},"metadata":{"operationMetadataId":"f24fb062-77d9-4ba1-a6a4-aaac8643f631"},"type":"Foreach"}}},"connectionReferences":{"shared_excelonlinebusiness":{"connectionName":"shared-excelonlinebu-4045065f-3ef8-4464-b342-ec02-b70dfcba","source":"Embedded","id":"/providers/Microsoft.PowerApps/apis/shared_excelonlinebusiness","tier":"NotSpecified"},"shared_sendmail":{"connectionName":"shared-sendmail-1c6bee2b-72ec-4eb8-8e6b-3b34-6a3d7a39","source":"Embedded","id":"/providers/Microsoft.PowerApps/apis/shared_sendmail","tier":"NotSpecified"}},"flowFailureAlertSubscribed":false,"isManaged":false}}