{"schemaVersion":"1.0","appDefinitionTemplate":{"id":"/providers/Microsoft.PowerApps/apps/","type":"Microsoft.PowerApps/apps","tags":{"minimumRequiredApiVersion":"2.2.0","sienaVersion":"20201220T233645Z-3.20114.25.0","primaryDeviceWidth":"1366","primaryDeviceHeight":"768","deviceCapabilities":"","supportsPortrait":"false","supportsLandscape":"true","primaryFormFactor":"Tablet","publisherVersion":"3.20071.22","hasComponent":"false","hasUnlockedComponent":"false","isUnifiedRootApp":"false"},"properties":{"appVersion":"2020-12-20T23:36:45Z","lifeCycleId":"Published","createdByClientVersion":{"major":3,"minor":20071,"build":22,"revision":0,"majorRevision":0,"minorRevision":0},"minClientVersion":{"major":3,"minor":20071,"build":22,"revision":0,"majorRevision":0,"minorRevision":0},"backgroundColor":"rgba(0, 176, 240, 1)","backgroundImageUri":"/17919192522062178336/Nfd09c87a-0e14-4e92-a73d-30aa0e6851a0-N15292736-2282-4d10-a7cb-9c65ead3252f-logoSmallFile","displayName":"Global Address Book - Sharepoint","description":"This powerapp template allows organizations to take data from disparate sources and unify it to get richer insights into their customers.","commitMessage":"","appUris":{"documentUri":{"value":"/17919192522062178336/N16442394-4968-4930-bfe5-ff3bfd0b03a3-Nbfbc790f-1580-487f-b2c7-3cd35eec165a-document.msapp"},"imageUris":[]},"createdTime":"0001-01-01T00:00:00Z","lastModifiedTime":"0001-01-01T00:00:00Z","sharedGroupsCount":0,"sharedUsersCount":0,"icons":{"smallIconUri":"/17919192522062178336/N6cf2b04a-6cd3-4eba-8bf6-5f3f38a0a998-N2e40dab0-2200-4a37-ac2b-b7cbd6fa6399-small.png","mediumIconUri":"/17919192522062178336/Nf7ddaef3-641f-45d4-ad71-55739dcd8dbc-Nf43a9b35-0470-477a-8d28-295ba9490704-medium.png","largeIconUri":"/17919192522062178336/N0de953c3-d5bf-43b0-a611-87cf77122855-N4af43b4d-54e6-400b-9752-e05840816b70-large.png","wideIconUri":"/17919192522062178336/N032a87a2-9a28-4685-9c5d-d8fe5809ea74-N3d02fc41-f69b-4326-b723-4bfb1010f200-wide.png"},"connectionReferences":{"de50bb68-8605-43ba-aa2f-d70c943f4952":{"id":"11a93981-676c-4606-a07f-edd11d7114a2","displayName":"SharePoint","iconUri":"https://connectoricons-prod.azureedge.net/releases/v1.0.1426/1.0.1426.2268/sharepointonline/icon.png","dataSources":["Contacts"],"dependencies":[],"dependents":[],"parameterHints":{},"isOnPremiseConnection":false,"bypassConsent":false,"dataSets":{"https://m365x259169.sharepoint.com/sites/Intranet/":{"dataSources":{"Contacts":{"tableName":"Contacts"}}}},"apiTier":"Standard","isCustomApiConnection":false}},"databaseReferences":{},"almMode":"Environment","performanceOptimizationEnabled":true,"canConsumeAppPass":true,"executionRestrictions":{"isTeamsOnly":false,"dataLossPreventionEvaluationResult":{"status":"Compliant","lastEvaluationDate":"2020-12-20T23:36:55.3327455Z","violationDetails":[]}}},"isAppComponentLibrary":false,"appType":"ClassicCanvasApp","appComponents":[]}}