{"schemaVersion":"1.0","appDefinitionTemplate":{"id":"/providers/Microsoft.PowerApps/apps/","type":"Microsoft.PowerApps/apps","tags":{"primaryDeviceWidth":"640","primaryDeviceHeight":"1136","sienaVersion":"20181219T001713Z-3.18114.25.0","deviceCapabilities":"","supportsPortrait":"true","supportsLandscape":"false","primaryFormFactor":"Phone","publisherVersion":"3.18114.25","minimumRequiredApiVersion":"2.2.0"},"properties":{"appVersion":"2018-12-19T00:17:13Z","lifeCycleId":"Published","createdByClientVersion":{"major":3,"minor":18114,"build":25,"revision":0,"majorRevision":0,"minorRevision":0},"minClientVersion":{"major":3,"minor":18114,"build":25,"revision":0,"majorRevision":0,"minorRevision":0},"backgroundColor":"rgba(208, 52, 56, 1)","backgroundImageUri":"/16933786294190558909/N68c12871-77c7-4a94-93a7-70e05c6651a3-logoSmallFile","displayName":"PonDens","description":"","appUris":{"documentUri":{"value":"/16933786294190558909/N412d9c72-6d31-4458-956a-4649dcde564b-document.msapp"},"imageUris":[]},"createdTime":"0001-01-01T00:00:00Z","lastModifiedTime":"0001-01-01T00:00:00Z","sharedGroupsCount":0,"sharedUsersCount":0,"icons":{"smallIconUri":"/16933786294190558909/N1f747903-dc9e-4ce2-8560-4802139f1f01-small.png","mediumIconUri":"/16933786294190558909/N61077f09-4e22-476d-8510-df8355444381-medium.png","largeIconUri":"/16933786294190558909/Nc70d7281-5568-4fbf-a7f1-825c3462afbc-large.png","wideIconUri":"/16933786294190558909/N74720728-8f71-4282-a87a-082f1f520dea-wide.png"},"connectionReferences":{},"databaseReferences":{},"almMode":"Environment","performanceOptimizationEnabled":true,"executionRestrictions":{"isTeamsOnly":false,"dataLossPreventionEvaluationResult":{"status":"Compliant","lastEvaluationDate":"2020-10-27T21:31:45.8846571Z","violationDetails":[]}}},"appType":"ClassicCanvasApp","appComponents":[]}}