{"name":"d12ae705-00c4-4c3c-90af-172fdb9bca7e","id":"/providers/Microsoft.Flow/flows/d12ae705-00c4-4c3c-90af-172fdb9bca7e","type":"Microsoft.Flow/flows","properties":{"apiId":"/providers/Microsoft.PowerApps/apis/shared_logicflows","displayName":"ECFTO_Criar_ID_Update","definition":{"metadata":{"workflowEntityId":null,"processAdvisorMetadata":null,"flowclientsuspensionreason":"None","flowclientsuspensiontime":null,"creator":{"id":"e6fa3311-d0c7-418c-85e4-e25522a6c1b2","type":"User","tenantId":"fddf0fb0-6be4-4e34-ace1-e795bc64c91f"},"provisioningMethod":"FromDefinition","failureAlertSubscription":true,"clientLastModifiedTime":"2022-04-26T03:54:27.5399663Z"},"$schema":"https://schema.management.azure.com/providers/Microsoft.Logic/schemas/2016-06-01/workflowdefinition.json#","contentVersion":"1.0.0.0","parameters":{"$connections":{"defaultValue":{},"type":"Object"},"$authentication":{"defaultValue":{},"type":"SecureObject"}},"triggers":{"Quando_um_item_é_criado_ou_modificado":{"recurrence":{"frequency":"Minute","interval":1},"splitOn":"@triggerOutputs()?['body/value']","metadata":{"operationMetadataId":"661206cc-d374-4f21-949d-4ce492f98eec"},"type":"OpenApiConnection","inputs":{"host":{"apiId":"/providers/Microsoft.PowerApps/apis/shared_sharepointonline","connectionName":"shared_sharepointonline","operationId":"GetOnUpdatedItems"},"parameters":{"dataset":"https://amspecllc.sharepoint.com/sites/AgriBrasil/ECFTO","table":"3f1d3b1a-2aa7-4e83-a983-32bbf27c8201"},"authentication":"@parameters('$authentication')"}}},"actions":{"Condição":{"actions":{"Criar_nova_pasta":{"runAfter":{},"metadata":{"operationMetadataId":"93c7bb01-e476-4c0b-8a06-d50bb535ccd3"},"type":"OpenApiConnection","inputs":{"host":{"apiId":"/providers/Microsoft.PowerApps/apis/shared_sharepointonline","connectionName":"shared_sharepointonline","operationId":"CreateNewFolder"},"parameters":{"dataset":"https://amspecllc.sharepoint.com/sites/AgriBrasil/ECFTO","table":"Galeria","parameters/path":"@{replace(triggerOutputs()?['body/Navio_x003a_AmSpec_x0020_OS/Value'],'/','-')}-@{triggerOutputs()?['body/Navio_x003a_Navio/Value']}-@{triggerOutputs()?['body/Terminal']}/@{replace(triggerOutputs()?['body/Navio_x003a_AmSpec_x0020_OS/Value'],'/','-')}-@{triggerOutputs()?['body/Navio_x003a_Navio/Value']}-@{triggerOutputs()?['body/Data']}-@{triggerOutputs()?['body/Per_x00ed_odo/Value']}-UP@{triggerOutputs()?['body/N_x00b0_doUpdate']}"},"authentication":"@parameters('$authentication')"}},"Atualizar_item":{"runAfter":{"Criar_nova_pasta":["Succeeded"]},"metadata":{"operationMetadataId":"ad152687-d6a8-4792-8ab0-2f86ac9627dc"},"type":"OpenApiConnection","inputs":{"host":{"apiId":"/providers/Microsoft.PowerApps/apis/shared_sharepointonline","connectionName":"shared_sharepointonline","operationId":"PatchItem"},"parameters":{"dataset":"https://amspecllc.sharepoint.com/sites/AgriBrasil/ECFTO","table":"3f1d3b1a-2aa7-4e83-a983-32bbf27c8201","id":"@triggerOutputs()?['body/ID']","item/N_x00b0_doUpdate":"@triggerOutputs()?['body/N_x00b0_doUpdate']","item/Data":"@triggerOutputs()?['body/Data']","item/Terminal":"@triggerOutputs()?['body/Terminal']","item/Title":"@{replace(triggerOutputs()?['body/Navio_x003a_AmSpec_x0020_OS/Value'],'/','-')}-@{triggerOutputs()?['body/Navio_x003a_Navio/Value']}-@{triggerOutputs()?['body/Data']}-@{triggerOutputs()?['body/Per_x00ed_odo/Value']}-UP@{triggerOutputs()?['body/N_x00b0_doUpdate']}","item/Fotos":"@outputs('Criar_nova_pasta')?['body/{Link}']","item/ContatosUpdates":"@body('Selecionar')"},"authentication":"@parameters('$authentication')"}}},"runAfter":{"Aplicar_a_cada":["Succeeded"]},"expression":{"equals":["@triggerOutputs()?['body/Title']","Deixe em branco..."]},"metadata":{"operationMetadataId":"eb239239-67bf-4a55-8056-c5523a2e237c"},"type":"If"},"Obter_item":{"runAfter":{},"metadata":{"operationMetadataId":"6e144c7a-9351-4e3f-8ba6-7d0dd739155f"},"type":"OpenApiConnection","inputs":{"host":{"apiId":"/providers/Microsoft.PowerApps/apis/shared_sharepointonline","connectionName":"shared_sharepointonline","operationId":"GetItem"},"parameters":{"dataset":"https://amspecllc.sharepoint.com/sites/AgriBrasil/ECFTO","table":"2c46b0b3-5017-46fe-ab41-65a808425f43","id":"@triggerOutputs()?['body/Navio/Id']"},"authentication":"@parameters('$authentication')"}},"Inicializar_variável":{"runAfter":{"Obter_item":["Succeeded"]},"metadata":{"operationMetadataId":"f4fe9ef7-e9cf-4cea-96bb-a356ae76f3b3"},"type":"InitializeVariable","inputs":{"variables":[{"name":"varCtUpdates","type":"string"}]}},"Aplicar_a_cada":{"foreach":"@outputs('Obter_item')?['body/Contatos_x0020_para_x0020_Update']","actions":{"Acrescentar_à_variável_de_cadeia":{"runAfter":{},"metadata":{"operationMetadataId":"5e7c9da1-f4b3-4d58-ae9a-2bdc327e92c3"},"type":"AppendToStringVariable","inputs":{"name":"varCtUpdates","value":"{\"Id\":@{items('Aplicar_a_cada')?['Id']}},"}}},"runAfter":{"Selecionar":["Succeeded"]},"metadata":{"operationMetadataId":"66509274-133d-4d5c-974e-7d23690ce61f"},"type":"Foreach"},"Selecionar":{"runAfter":{"Inicializar_variável":["Succeeded"]},"metadata":{"operationMetadataId":"946232e0-63c1-47c6-9a81-1b4cc5147cba"},"type":"Select","inputs":{"from":"@outputs('Obter_item')?['body/Contatos_x0020_para_x0020_Update']","select":{"Id":"@item()?['Id']"}}}},"outputs":{}},"connectionReferences":{"shared_sharepointonline":{"connectionName":"d0ed5079cc724550980fd6fb3df8dac4","source":"Embedded","id":"/providers/Microsoft.PowerApps/apis/shared_sharepointonline","tier":"NotSpecified"}},"flowFailureAlertSubscribed":false,"isManaged":false}}