{"name":"9e6edd21-d33f-438e-8abd-8c31228c43a6","id":"/providers/Microsoft.Flow/flows/9e6edd21-d33f-438e-8abd-8c31228c43a6","type":"Microsoft.Flow/flows","properties":{"apiId":"/providers/Microsoft.PowerApps/apis/shared_logicflows","displayName":"ECFTO - Title Gallery Switcher","definition":{"metadata":{"workflowEntityId":null,"flowclientsuspensionreason":"ApiCallOverageDetected","flowclientsuspensiontime":"2022-03-08T20:48:29.1355305Z","creator":{"id":"e6fa3311-d0c7-418c-85e4-e25522a6c1b2","type":"User","tenantId":"fddf0fb0-6be4-4e34-ace1-e795bc64c91f"},"provisioningMethod":"FromDefinition","failureAlertSubscription":true,"clientLastModifiedTime":"2021-03-22T18:07:32.5817516Z","processAdvisorMetadata":null},"$schema":"https://schema.management.azure.com/providers/Microsoft.Logic/schemas/2016-06-01/workflowdefinition.json#","contentVersion":"1.0.0.0","parameters":{"$connections":{"defaultValue":{},"type":"Object"},"$authentication":{"defaultValue":{},"type":"SecureObject"}},"triggers":{"Quando_um_arquivo_é_criado_ou_modificado_(somente_propriedades)":{"recurrence":{"frequency":"Minute","interval":1},"splitOn":"@triggerOutputs()?['body/value']","type":"OpenApiConnection","inputs":{"host":{"apiId":"/providers/Microsoft.PowerApps/apis/shared_sharepointonline","connectionName":"shared_sharepointonline_1","operationId":"GetOnUpdatedFileItems"},"parameters":{"dataset":"https://amspecllc.sharepoint.com/sites/AgriBrasil/ECFTO","table":"Galeria"},"authentication":"@parameters('$authentication')"}}},"actions":{"Condição":{"actions":{"Aplicar_a_cada":{"foreach":"@outputs('Obter_itens')?['body/value']","actions":{"Atualizar_propriedades_do_arquivo_2":{"runAfter":{},"type":"OpenApiConnection","inputs":{"host":{"apiId":"/providers/Microsoft.PowerApps/apis/shared_sharepointonline","connectionName":"shared_sharepointonline_1","operationId":"PatchFileItem"},"parameters":{"dataset":"https://amspecllc.sharepoint.com/sites/AgriBrasil/ECFTO","table":"Galeria","id":"@triggerOutputs()?['body/ID']","item/Title":"@replace(substring(substring(triggerOutputs()?['body/{Path}'],8),indexOf(substring(triggerOutputs()?['body/{Path}'],8),'/')),'/','')","item/Update_x0020_ID/Id":"@items('Aplicar_a_cada')?['ID']","item/Description":"@replace(substring(substring(triggerOutputs()?['body/{Path}'],8),indexOf(substring(triggerOutputs()?['body/{Path}'],8),'/')),'/','')"},"authentication":"@parameters('$authentication')"}}},"runAfter":{},"type":"Foreach"}},"runAfter":{"Obter_itens":["Succeeded"]},"expression":{"equals":["@triggerOutputs()?['body/{IsFolder}']",false]},"type":"If"},"Obter_itens":{"runAfter":{},"type":"OpenApiConnection","inputs":{"host":{"apiId":"/providers/Microsoft.PowerApps/apis/shared_sharepointonline","connectionName":"shared_sharepointonline","operationId":"GetItems"},"parameters":{"dataset":"https://amspecllc.sharepoint.com/sites/AgriBrasil/ECFTO","table":"3f1d3b1a-2aa7-4e83-a983-32bbf27c8201","$filter":"Title eq '@{replace(substring(substring(triggerOutputs()?['body/{Path}'],8),indexOf(substring(triggerOutputs()?['body/{Path}'],8),'/')),'/','')}'","$top":1},"authentication":"@parameters('$authentication')"}}}},"connectionReferences":{"shared_sharepointonline_1":{"connectionName":"shared-sharepointonl-caf5b57e-5da1-43b7-8bae-d0af-14baa912","source":"Embedded","id":"/providers/Microsoft.PowerApps/apis/shared_sharepointonline","tier":"NotSpecified"},"shared_sharepointonline":{"connectionName":"d0ed5079cc724550980fd6fb3df8dac4","source":"Embedded","id":"/providers/Microsoft.PowerApps/apis/shared_sharepointonline","tier":"NotSpecified"}},"flowFailureAlertSubscribed":false,"isManaged":false}}