{"schemaVersion":"1.0","appDefinitionTemplate":{"id":"/providers/Microsoft.PowerApps/apps/","type":"Microsoft.PowerApps/apps","tags":{"sp-site-id":"https://amspecllc.sharepoint.com/sites/EuropeTeam/Croatia","sp-list-id":"40b7edf8-e2e6-426c-bfa1-e49422ac7c09","https://amspecllc.sharepoint.com/sites/EuropeTeam/Croatia":"40b7edf8-e2e6-426c-bfa1-e49422ac7c09","primaryDeviceWidth":"640","primaryDeviceHeight":"1136","sienaVersion":"20190128T215819Z-3.19012.19.0","deviceCapabilities":"","supportsPortrait":"true","supportsLandscape":"false","primaryFormFactor":"Phone","publisherVersion":"3.19012.19","minimumRequiredApiVersion":"2.2.0"},"properties":{"appVersion":"2019-01-28T21:58:19Z","lifeCycleId":"Published","createdByClientVersion":{"major":3,"minor":19012,"build":19,"revision":0,"majorRevision":0,"minorRevision":0},"minClientVersion":{"major":3,"minor":19012,"build":19,"revision":0,"majorRevision":0,"minorRevision":0},"backgroundColor":"rgba(0, 176, 240, 1)","backgroundImageUri":"/13746636143595848588/N59978c05-097a-4c6d-b45c-661797995595-logoSmallFile","displayName":"ROB","description":"","appUris":{"documentUri":{"value":"/13746636143595848588/N0e7ac3c3-5955-4309-a6b1-5570b13d6f09-document.msapp"},"imageUris":[]},"createdTime":"0001-01-01T00:00:00Z","lastModifiedTime":"0001-01-01T00:00:00Z","sharedGroupsCount":0,"sharedUsersCount":0,"icons":{"smallIconUri":"/13746636143595848588/Nef0650f8-79a7-4cbb-b866-9977bdb88d5d-small.png","mediumIconUri":"/13746636143595848588/N1ea11838-c5b7-47c7-ad19-36ef76dc4ded-medium.png","largeIconUri":"/13746636143595848588/Nd2debe12-af67-4efc-9cad-0304f7ee2fb6-large.png","wideIconUri":"/13746636143595848588/N9720a493-1f27-4b12-8aac-0b26e861664f-wide.png"},"connectionReferences":{"293351e1-f2a5-4d8e-a459-dc8fb9235162":{"id":"11a93981-676c-4606-a07f-edd11d7114a2","displayName":"SharePoint","iconUri":"https://connectoricons-prod.azureedge.net/sharepointonline/icon_1.0.1019.1195.png","dataSources":["DISCHARGING"],"dependencies":[],"dependents":[],"parameterHints":{},"isOnPremiseConnection":false,"bypassConsent":false,"dataSets":{"https://amspecllc.sharepoint.com/sites/EuropeTeam/Croatia":{"dataSources":{"DISCHARGING":{"tableName":"40b7edf8-e2e6-426c-bfa1-e49422ac7c09"}}}},"apiTier":"Standard","isCustomApiConnection":false}},"databaseReferences":{},"almMode":"Environment","performanceOptimizationEnabled":true,"executionRestrictions":{"isTeamsOnly":false,"dataLossPreventionEvaluationResult":{"status":"Compliant","lastEvaluationDate":"2020-10-27T21:31:46.2596355Z","violationDetails":[]}}},"appType":"ClassicCanvasApp","appComponents":[]}}