{"schemaVersion":"1.0","appDefinitionTemplate":{"id":"/providers/Microsoft.PowerApps/apps/","type":"Microsoft.PowerApps/apps","tags":{"sp-site-id":"https://amspecllc.sharepoint.com/sites/EuropeTeam/Croatia","sp-list-id":"40b7edf8-e2e6-426c-bfa1-e49422ac7c09","https://amspecllc.sharepoint.com/sites/EuropeTeam/Croatia":"40b7edf8-e2e6-426c-bfa1-e49422ac7c09","primaryDeviceWidth":"640","primaryDeviceHeight":"1136","sienaVersion":"20190128T215819Z-3.19012.19.0","deviceCapabilities":"","supportsPortrait":"true","supportsLandscape":"false","primaryFormFactor":"Phone","publisherVersion":"3.19012.19","minimumRequiredApiVersion":"2.2.0"},"properties":{"appVersion":"2019-01-28T21:58:19Z","lifeCycleId":"Published","createdByClientVersion":{"major":3,"minor":19012,"build":19,"revision":0,"majorRevision":0,"minorRevision":0},"minClientVersion":{"major":3,"minor":19012,"build":19,"revision":0,"majorRevision":0,"minorRevision":0},"backgroundColor":"rgba(0, 176, 240, 1)","backgroundImageUri":"/13746636143595848588/Nb2c03690-2266-49fb-9657-310ff54a9ac6-logoSmallFile","displayName":"ROB","description":"","appUris":{"documentUri":{"value":"/13746636143595848588/N5bac1109-a38b-4ffd-9bf6-a3311af842c9-document.msapp"},"imageUris":[]},"createdTime":"0001-01-01T00:00:00Z","lastModifiedTime":"0001-01-01T00:00:00Z","sharedGroupsCount":0,"sharedUsersCount":0,"icons":{"smallIconUri":"/13746636143595848588/N2b4b1fbe-075c-48dc-8467-5d0555ddf6a8-small.png","mediumIconUri":"/13746636143595848588/Ne4b3e9e1-82ba-4d23-9bf8-91383da21dff-medium.png","largeIconUri":"/13746636143595848588/N29c782a6-919c-420c-8838-4bcd60629076-large.png","wideIconUri":"/13746636143595848588/N18577a09-b68a-40c3-9519-78554fd34808-wide.png"},"connectionReferences":{"293351e1-f2a5-4d8e-a459-dc8fb9235162":{"id":"11a93981-676c-4606-a07f-edd11d7114a2","displayName":"SharePoint","iconUri":"https://connectoricons-prod.azureedge.net/sharepointonline/icon_1.0.1019.1195.png","dataSources":["DISCHARGING"],"dependencies":[],"dependents":[],"parameterHints":{},"isOnPremiseConnection":false,"bypassConsent":false,"dataSets":{"https://amspecllc.sharepoint.com/sites/EuropeTeam/Croatia":{"dataSources":{"DISCHARGING":{"tableName":"40b7edf8-e2e6-426c-bfa1-e49422ac7c09"}}}},"apiTier":"Standard","isCustomApiConnection":false}},"databaseReferences":{},"almMode":"Environment","performanceOptimizationEnabled":true,"executionRestrictions":{"isTeamsOnly":false,"dataLossPreventionEvaluationResult":{"status":"Compliant","lastEvaluationDate":"2020-10-27T21:31:46.2596355Z","violationDetails":[]}}},"appType":"ClassicCanvasApp","appComponents":[]}}