{"name":"5e443f8c-0161-4ea1-b813-bc6a67a57971","id":"/providers/Microsoft.Flow/flows/5e443f8c-0161-4ea1-b813-bc6a67a57971","type":"Microsoft.Flow/flows","properties":{"apiId":"/providers/Microsoft.PowerApps/apis/shared_logicflows","displayName":"Create a OneNote quick note for important emails","definition":{"metadata":{"workflowEntityId":null,"processAdvisorMetadata":null,"flowclientsuspensionreason":"None","flowclientsuspensiontime":null,"creator":{"id":"d73570aa-2b27-47d9-83c9-3bfb101564c6","type":"User","tenantId":"fddf0fb0-6be4-4e34-ace1-e795bc64c91f"},"provisioningMethod":"FromDefinition","failureAlertSubscription":true,"clientLastModifiedTime":"2021-06-29T03:09:13.5413285Z"},"$schema":"https://schema.management.azure.com/providers/Microsoft.Logic/schemas/2016-06-01/workflowdefinition.json#","contentVersion":"1.0.0.0","parameters":{"$connections":{"defaultValue":{},"type":"Object"},"$authentication":{"defaultValue":{},"type":"SecureObject"}},"triggers":{"When_a_new_email_arrives":{"splitOn":"@triggerBody()?.value","metadata":{"flowSystemMetadata":{"swaggerOperationId":"OnNewEmail"}},"type":"ApiConnectionNotification","inputs":{"fetch":{"method":"get","pathTemplate":{"template":"/Mail/OnNewEmail"},"queries":{"folderPath":"Inbox","importance":"High","includeAttachments":false}},"subscribe":{"method":"post","pathTemplate":{"template":"/MailSubscriptionPoke/$subscriptions"},"body":{"NotificationUrl":"@{listCallbackUrl()}"},"queries":{"folderPath":"Inbox","importance":"High"}},"host":{"api":{"runtimeUrl":"https://flow-apim-msmanaged-na-eastus2-01.azure-apim.net/apim/office365"},"connection":{"name":"@parameters('$connections')['shared_office365']['connectionId']"}},"authentication":"@parameters('$authentication')"}}},"actions":{"Create_a_page_in_Quick_Notes":{"runAfter":{},"metadata":{"flowSystemMetadata":{"swaggerOperationId":"CreatePageInQuickNotes"}},"type":"ApiConnection","inputs":{"host":{"api":{"runtimeUrl":"https://flow-apim-msmanaged-na-eastus2-01.azure-apim.net/apim/onenote"},"connection":{"name":"@parameters('$connections')['shared_onenote']['connectionId']"}},"method":"post","path":"/pages","body":"<h1>@{triggerBody()?['Subject']}</h1>\n<div>@{triggerBody()?['Body']}</div>","authentication":"@parameters('$authentication')"}},"Send_a_push_notification":{"runAfter":{"Create_a_page_in_Quick_Notes":["Succeeded"]},"metadata":{"flowSystemMetadata":{"swaggerOperationId":"SendNotification"}},"type":"ApiConnection","inputs":{"host":{"api":{"runtimeUrl":"https://flow-apim-msmanaged-na-northcentralus-01.azure-apim.net/apim/flowpush"},"connection":{"name":"@parameters('$connections')['shared_flowpush']['connectionId']"}},"method":"post","path":"/sendNotification","body":{"notificationText":"Important Email added to quick notes: @{triggerBody()?['Subject']}","notificationLink":{"uri":"@{body('Create_a_page_in_Quick_Notes')?['links']?['oneNoteWebUrl']?['href']}","label":"View in OneNote Online"}},"authentication":"@parameters('$authentication')"}}},"outputs":{}},"connectionReferences":{"shared_office365":{"connectionName":"shared-office365-fc04f1bb-eb75-41a6-a467-0d31897cb960","source":"Embedded","id":"/providers/Microsoft.PowerApps/apis/shared_office365","tier":"NotSpecified"},"shared_onenote":{"connectionName":"shared-onenote-c936bee3-95fe-45fd-92b4-a755aa078293","source":"Embedded","id":"/providers/Microsoft.PowerApps/apis/shared_onenote","tier":"NotSpecified"},"shared_flowpush":{"connectionName":"shared-flowpush-7af4c780-5dea-4c09-a424-833362606683","source":"Embedded","id":"/providers/Microsoft.PowerApps/apis/shared_flowpush","tier":"NotSpecified"}},"flowFailureAlertSubscribed":false,"isManaged":false}}