{"schemaVersion":"1.0","appDefinitionTemplate":{"id":"/providers/Microsoft.PowerApps/apps/","type":"Microsoft.PowerApps/apps","tags":{"sp-site-id":"https://amspecllc-my.sharepoint.com/personal/znagui_youssef_amspecgroup_com","sp-list-id":"9fdb7f04-20b8-4345-abeb-d866f790679a","https://amspecllc-my.sharepoint.com/personal/znagui_youssef_amspecgroup_com":"9fdb7f04-20b8-4345-abeb-d866f790679a","primaryDeviceWidth":"640","primaryDeviceHeight":"1136","sienaVersion":"20220303T092419Z-3.22021.27.0","deviceCapabilities":"","supportsPortrait":"true","supportsLandscape":"true","primaryFormFactor":"Phone","publisherVersion":"3.22021.27","minimumRequiredApiVersion":"2.2.0","hasComponent":"false","hasUnlockedComponent":"false","isUnifiedRootApp":"false"},"properties":{"appVersion":"2022-03-03T09:24:19Z","lifeCycleId":"Published","createdByClientVersion":{"major":3,"minor":22021,"build":27,"revision":0,"majorRevision":0,"minorRevision":0},"minClientVersion":{"major":3,"minor":22021,"build":27,"revision":0,"majorRevision":0,"minorRevision":0},"backgroundColor":"rgba(0, 176, 240, 1)","backgroundImageUri":"/3449280048821224727/N8540f876-04ac-4d6c-a3e3-efb6663ad605-logoSmallFile","displayName":"Suivi Conso AmSpec","description":"","commitMessage":"","appUris":{"documentUri":{"value":"/3449280048821224727/N2ffeea79-301f-4571-aa57-5822b809014f-document.msapp"},"imageUris":[]},"createdTime":"0001-01-01T00:00:00Z","lastModifiedTime":"0001-01-01T00:00:00Z","sharedGroupsCount":0,"sharedUsersCount":0,"icons":{"smallIconUri":"/3449280048821224727/N67313d84-9052-4c21-8ad1-207a305e9225-small.png","mediumIconUri":"/3449280048821224727/Ne4a4c322-d342-4e4d-a7fb-20f2f706fd10-medium.png","largeIconUri":"/3449280048821224727/Nf2b3c22f-4269-41da-855b-ce18b0028c19-large.png","wideIconUri":"/3449280048821224727/Nef807029-e077-4658-b5b1-f49b0a680367-wide.png"},"connectionReferences":{"5d719420-4657-4607-b4c7-07c807eea457":{"id":"11a93981-676c-4606-a07f-edd11d7114a2","displayName":"SharePoint","iconUri":"https://connectoricons-prod.azureedge.net/releases/v1.0.1550/1.0.1550.2686/sharepointonline/icon.png","dataSources":["Suivi des consommables"],"dependencies":[],"dependents":[],"parameterHints":{},"parameterHintsV2":{},"isOnPremiseConnection":false,"bypassConsent":false,"dataSets":{"https://amspecllc-my.sharepoint.com/personal/znagui_youssef_amspecgroup_com":{"dataSources":{"Suivi des consommables":{"tableName":"9fdb7f04-20b8-4345-abeb-d866f790679a"}}}},"apiTier":"Standard","isCustomApiConnection":false,"actions":["providers/PowerPlatform.Governance/Operations/Read","providers/PowerPlatform.Governance/Operations/Write","providers/PowerPlatform.Governance/Operations/Delete"]}},"databaseReferences":{},"almMode":"Environment","performanceOptimizationEnabled":true,"canConsumeAppPass":true,"executionRestrictions":{"isTeamsOnly":false,"dataLossPreventionEvaluationResult":{"status":"Compliant","lastEvaluationDate":"2021-06-25T09:53:27.000452Z","violations":[],"violationsByPolicy":[],"violationErrorMessage":"L’application utilise les connecteurs suivants : shared_sharepointonline."}}},"appType":"ClassicCanvasApp","appComponents":[]}}