{"schemaVersion":"1.0","appDefinitionTemplate":{"id":"/providers/Microsoft.PowerApps/apps/","type":"Microsoft.PowerApps/apps","tags":{"sp-site-id":"https://amspecllc.sharepoint.com/sites/ARA","sp-list-id":"9afbbac7-35b4-49e5-bfcc-b4305f89df25","https://amspecllc.sharepoint.com/sites/ARA":"9afbbac7-35b4-49e5-bfcc-b4305f89df25","primaryDeviceWidth":"640","primaryDeviceHeight":"1136","sienaVersion":"20181230T125948Z-3.18114.26.0","deviceCapabilities":"","supportsPortrait":"true","supportsLandscape":"false","primaryFormFactor":"Phone","publisherVersion":"3.18114.26","minimumRequiredApiVersion":"2.2.0"},"properties":{"appVersion":"2018-12-30T12:59:48Z","lifeCycleId":"Published","createdByClientVersion":{"major":3,"minor":18114,"build":26,"revision":0,"majorRevision":0,"minorRevision":0},"minClientVersion":{"major":3,"minor":18114,"build":26,"revision":0,"majorRevision":0,"minorRevision":0},"backgroundColor":"rgba(0, 176, 240, 1)","backgroundImageUri":"/17564884746925166142/N18074d3e-3106-4686-8bdc-21635a89059b-logoSmallFile","displayName":"Barge Database","description":"","appUris":{"documentUri":{"value":"/17564884746925166142/N56ed1093-cc09-4d7f-9b77-690f67356dd3-document.msapp"},"imageUris":[]},"createdTime":"0001-01-01T00:00:00Z","lastModifiedTime":"0001-01-01T00:00:00Z","sharedGroupsCount":0,"sharedUsersCount":0,"icons":{"smallIconUri":"/17564884746925166142/N7f864e10-9a4b-4086-a3c0-73ba490d30a3-small.png","mediumIconUri":"/17564884746925166142/N72d80e17-f339-4dd7-af86-212db56aebf2-medium.png","largeIconUri":"/17564884746925166142/N6afc1763-709b-4b3f-92a5-f3dd8d3f4bb3-large.png","wideIconUri":"/17564884746925166142/N19caca7c-c47c-4605-a3ac-96a33c9dd673-wide.png"},"connectionReferences":{"777e9472-b693-401f-a619-7f12a3b35fb5":{"id":"11a93981-676c-4606-a07f-edd11d7114a2","displayName":"SharePoint","iconUri":"https://connectoricons-prod.azureedge.net/sharepointonline/icon_1.0.1019.1195.png","dataSources":["Barge Details"],"dependencies":[],"dependents":[],"parameterHints":{},"isOnPremiseConnection":false,"bypassConsent":false,"dataSets":{"https://amspecllc.sharepoint.com/sites/ARA":{"dataSources":{"Barge Details":{"tableName":"9afbbac7-35b4-49e5-bfcc-b4305f89df25"}}}},"apiTier":"Standard","isCustomApiConnection":false}},"databaseReferences":{},"almMode":"Environment","performanceOptimizationEnabled":true,"executionRestrictions":{"isTeamsOnly":false,"dataLossPreventionEvaluationResult":{"status":"Compliant","lastEvaluationDate":"2020-10-27T21:31:46.3221354Z","violationDetails":[]}}},"appType":"ClassicCanvasApp","appComponents":[]}}