{"name":"2e223b39-9563-44bc-a746-6e9b3f14f1ce","id":"/providers/Microsoft.Flow/flows/2e223b39-9563-44bc-a746-6e9b3f14f1ce","type":"Microsoft.Flow/flows","properties":{"apiId":"/providers/Microsoft.PowerApps/apis/shared_logicflows","displayName":"HAZMET Cert expiration reminder","definition":{"metadata":{"workflowEntityId":null,"processAdvisorMetadata":null,"flowclientsuspensionreason":"None","flowclientsuspensiontime":null,"creator":{"id":"92b54cd9-a569-4d92-bca0-4f330d1ea600","type":"User","tenantId":"fddf0fb0-6be4-4e34-ace1-e795bc64c91f"},"provisioningMethod":"FromDefinition","failureAlertSubscription":true,"clientLastModifiedTime":"2021-12-28T04:55:02.1662116Z"},"$schema":"https://schema.management.azure.com/providers/Microsoft.Logic/schemas/2016-06-01/workflowdefinition.json#","contentVersion":"1.0.0.0","parameters":{"$connections":{"defaultValue":{},"type":"Object"},"$authentication":{"defaultValue":{},"type":"SecureObject"},"sharepoint.site":{"defaultValue":"","type":"String"},"sharepoint.list":{"defaultValue":"","type":"String"},"sharepoint.remindMeIn":{"defaultValue":1,"type":"Int"},"sharepoint.columnName":{"defaultValue":"","type":"String"},"sharepoint.listName":{"defaultValue":"","type":"String"},"sharepoint.emailSubject":{"defaultValue":"","type":"String"},"sharepoint.emailBodyTitle":{"defaultValue":"","type":"String"},"sharepoint.emailFlowLinkTitle":{"defaultValue":"","type":"String"}},"triggers":{"Recurrence":{"recurrence":{"frequency":"Day","interval":1,"timeZone":"Pacific Standard Time","schedule":{"hours":["15"]}},"metadata":{"operationMetadataId":"b29ce1e1-b426-48cb-9726-b161d361c3ce"},"type":"Recurrence"}},"actions":{"Scope_to_get_items_due_in_1_day":{"actions":{"Today_+_x_days":{"runAfter":{},"metadata":{"operationMetadataId":"5e92ac85-1420-4d95-9f64-9e6114f7dbd4"},"type":"Compose","inputs":"@addDays(utcnow(), int(outputs('Days_to_remind_me_in')), 'yyyy-MM-dd')"},"x_Days_+_1":{"runAfter":{"Today_+_x_days":["Succeeded"]},"metadata":{"operationMetadataId":"80a03868-395b-4ceb-80c2-70f97f3e8ecf"},"type":"Compose","inputs":" @{addDays(outputs('Today_+_x_days'),1,'yyyy-MM-dd')}"},"Get_items":{"runAfter":{"Get_list_name_by_HTTP_request":["Succeeded"]},"metadata":{"flowSystemMetadata":{"swaggerOperationId":"GetItems"},"operationMetadataId":"ecbc51ce-3f23-4ea3-9713-afecace354c0"},"type":"ApiConnection","inputs":{"host":{"connection":{"name":"@parameters('$connections')['shared_sharepointonline']['connectionId']"},"api":{"runtimeUrl":"https://flow-apim-msmanaged-na-northcentralus-01.azure-apim.net/apim/sharepointonline"}},"method":"get","path":"/datasets/@{encodeURIComponent(encodeURIComponent('https://amspecllc.sharepoint.com/sites/AmSpecDirectory'))}/tables/@{encodeURIComponent(encodeURIComponent('3c74b013-13ef-40ba-959e-7b89ec2605c6'))}/items","queries":{"$filter":"@concat(concat('Date_x0020_Expires',' ge ', '''',outputs('Today_+_x_days')),'''',' and ', concat('Date_x0020_Expires',' lt ','''', outputs('x_Days_+_1'),''''))"},"authentication":"@parameters('$authentication')"}},"Condition":{"actions":{},"runAfter":{"Get_items":["Succeeded"]},"else":{"actions":{"Send_me_a_reminder_email":{"runAfter":{"Apply_to_each_2":["Succeeded"]},"metadata":{"flowSystemMetadata":{"swaggerOperationId":"SendEmailNotification"},"operationMetadataId":"cabb1f5a-5420-4dc1-a873-0daaa458ba75"},"type":"ApiConnection","inputs":{"host":{"connection":{"name":"@parameters('$connections')['shared_flowpush']['connectionId']"},"api":{"runtimeUrl":"https://flow-apim-msmanaged-na-eastus2-01.azure-apim.net/apim/flowpush"}},"method":"post","body":{"notificationSubject":"HAZMET Reminder for employee_certificates: @{outputs('Days_to_remind_me_in')} day(s) before Date Expires","notificationBody":"<!DOCTYPE html PUBLIC \"-//W3C//DTD XHTML 1.0 Transitional//EN\" \"http://www.w3.org/TR/xhtml1/DTD/xhtml1-transitional.dtd\">\n<html xmlns=\"http://www.w3.org/1999/xhtml\">\n\n<head>\n    <meta http-equiv=\"Content-Type\" content=\"text/html; charset=UTF-8\">\n    <meta name=\"viewport\" content=\"width=device-width, initial-scale=1\">\n    <style type=\"text/css\">\n        @font-face {\n            font-family: 'FabricMDL2Icons';\n            src: url('https://appsforoffice.microsoft.com/fabric/fonts/icons/FabricMDL2Icons.woff') format('woff'), url('https://appsforoffice.microsoft.com/fabric/fonts/icons/FabricMDL2Icons.ttf') format('truetype');\n            font-weight: normal;\n            font-style: normal;\n        }\n\n        @font-face {\n            font-family: \"Segoe UI\";\n            src: local(\"Segoe UI Light\"), url(\"https://appsforoffice.microsoft.com/fabric/fonts/SegoeUI-WestEuropean/SegoeUI-Light.woff2\") format(\"woff2\"), url(\"https://appsforoffice.microsoft.com/fabric/fonts/SegoeUI-WestEuropean/SegoeUI-Light.woff\") format(\"woff\"), url(\"https://appsforoffice.microsoft.com/fabric/fonts/SegoeUI-WestEuropean/SegoeUI-Light.ttf\") format(\"truetype\");\n            font-weight: 100;\n            font-style: normal;\n        }\n\n        @font-face {\n            font-family: \"Segoe UI\";\n            src: local(\"Segoe UI\"), url(\"https://appsforoffice.microsoft.com/fabric/fonts/SegoeUI-WestEuropean/SegoeUI-Regular.woff2\") format(\"woff2\"), url(\"https://appsforoffice.microsoft.com/fabric/fonts/SegoeUI-WestEuropean/SegoeUI-Regular.woff\") format(\"woff\"), url(\"https://appsforoffice.microsoft.com/fabric/fonts/SegoeUI-WestEuropean/SegoeUI-Regular.ttf\") format(\"truetype\");\n            font-weight: 400;\n            font-style: normal;\n        }\n\n        @font-face {\n            font-family: \"Segoe UI\";\n            src: local(\"Segoe UI Semibold\"), url(\"https://appsforoffice.microsoft.com/fabric/fonts/SegoeUI-WestEuropean/SegoeUI-Semibold.woff2\") format(\"woff2\"), url(\"https://appsforoffice.microsoft.com/fabric/fonts/SegoeUI-WestEuropean/SegoeUI-Semibold.woff\") format(\"woff\"), url(\"https://appsforoffice.microsoft.com/fabric/fonts/SegoeUI-WestEuropean/SegoeUI-Semibold.ttf\") format(\"truetype\");\n            font-weight: 600;\n            font-style: normal;\n        }\n\n        @font-face {\n            font-family: \"Segoe UI WestEuropean\";\n            src: local(\"Segoe UI Semilight\"), url(\"https://appsforoffice.microsoft.com/fabric/fonts/SegoeUI-WestEuropean/SegoeUI-Semilight.woff2\") format(\"woff2\"), url(\"https://appsforoffice.microsoft.com/fabric/fonts/SegoeUI-WestEuropean/SegoeUI-Semilight.woff\") format(\"woff\"), url(\"https://appsforoffice.microsoft.com/fabric/fonts/SegoeUI-WestEuropean/SegoeUI-Semilight.ttf\") format(\"truetype\");\n            font-weight: 200;\n            font-style: normal;\n        }\n\n        < !--[if gte mso 9]>body {\n            mso-line-height-rule: exactly;\n        }\n\n        table {\n            mso-table-lspace: 0pt;\n            mso-table-rspace: 0pt;\n        }\n\n        tr {\n            mso-line-height-rule: exactly;\n        }\n\n        td {\n            mso-line-height-rule: exactly;\n        }\n\n        < !--< ![endif]-->< !--[if gte mso 15]>body {\n            line-height: 0;\n            mso-line-height-rule: exactly;\n        }\n\n        table {\n            mso-table-lspace: 0pt;\n            mso-table-rspace: 0pt;\n        }\n\n        tr {\n            mso-line-height-alt: 0px;\n            mso-margin-top-alt: 0px;\n            mso-line-height-rule: exactly;\n        }\n\n        td {\n            mso-line-height-rule: exactly;\n        }\n\n        < !--< ![endif]-->\n    </style>\n\n    <style type=\"text/css\">\n        @media only screen and (max-width: 660px) {\n            /* Mobile only styles, using important to overpower the inlined styles */\n            .OuterTable,\n            .OuterContainer {\n                width: 100% !important;\n            }\n        }\n    </style>\n\n\n\n</head>\n\n<body style=\"-webkit-text-size-adjust: 100%; -ms-text-size-adjust: 100%; margin: 0; padding: 0; background-color: #f2f2f2\">\n    <!--[if mso]>\n\t<center>\n\t<table><tr><td width=\"640\">\n<![endif]-->\n\n    <div class=\"OuterContainer\" width=\"640\" style=\"padding: 0; margin: 0 auto; width: 640px; background-color: #f2f2f2;\">\n        <table class=\"OuterTable\" border=\"0\" cellpadding=\"0\" cellspacing=\"0\" style=\"border-collapse: collapse; font-family: 'Segoe UI', -apple-system, BlinkMacSystemFont, 'Roboto', 'Helvetica Neue', sans-serif; border: 0; width: 640px; padding: 0; margin: 0 auto;\">\n\n\n            <style type=\"text/css\">\n                @media only screen and (max-width: 660px) {\n                    .HeaderCell {\n                        background: #ffffff !important;\n                    }\n                }\n            </style>\n\n            <tr style=\"font-family: 'Segoe UI', -apple-system, BlinkMacSystemFont, 'Roboto', 'Helvetica Neue', sans-serif;\">\n                <td class=\"HeaderCell\" style=\"font-family: 'Segoe UI', -apple-system, BlinkMacSystemFont, 'Roboto', 'Helvetica Neue', sans-serif; padding: 15px 20px;\">\n                    <img width=\"90\" height=\"17\" src=\"https://odsp-ext.azurewebsites.net/mention-email/sharepoint-logo.png\">\n                </td>\n            </tr>\n\n\n            <style type=\"text/css\">\n                @media only screen and (max-width: 660px) {\n                    .GreetingParagraph {\n                        font-size: 21px !important;\n                        line-height: 28px !important;\n                    }\n                }\n            </style>\n\n            <tr style=\"font-family: 'Segoe UI', -apple-system, BlinkMacSystemFont, 'Roboto', 'Helvetica Neue', sans-serif;\">\n                <td class=\"ContentCell\" style=\"font-family: 'Segoe UI', -apple-system, BlinkMacSystemFont, 'Roboto', 'Helvetica Neue', sans-serif;\">\n                    <table class=\"ContentTable\" bgcolor=\"#FFFFFF\" align=\"center\" border=\"0\" cellpadding=\"0\" cellspacing=\"0\" width=\"100%\" style=\"border-collapse: collapse; font-family: 'Segoe UI', -apple-system, BlinkMacSystemFont, 'Roboto', 'Helvetica Neue', sans-serif; border: 1px solid #dedede; width: 100%; padding: 0;\">\n\n                        <!-- greeting row -->\n                        <tr style=\"font-family: 'Segoe UI', -apple-system, BlinkMacSystemFont, 'Roboto', 'Helvetica Neue', sans-serif;\">\n                            <td class=\"InnerHeaderCell\" style=\"font-family: 'Segoe UI', -apple-system, BlinkMacSystemFont, 'Roboto', 'Helvetica Neue', sans-serif; padding: 36px; text-align: center;\">\n                                <img class=\"GreetingImage\" width=\"34\" height=\"34\" src=\"https://odsp-ext.azurewebsites.net/email/templates/flow-remind-me/icon-reminder.png\">\n                                <p class=\"GreetingParagraph\" style=\"font-family: 'Segoe UI', -apple-system, BlinkMacSystemFont, 'Roboto', 'Helvetica Neue', sans-serif; padding: 0; margin: 20px auto 0 auto; color: #222222; font-size: 24px; font-weight: 600; line-height: 32px; max-width: 320px; text-align: center;\">@{body('Get_my_profile_(V2)')?['displayName']}, you asked to be reminded @{outputs('Days_to_remind_me_in')} day(s) before Date Expires for the following items:</p>\n                            </td>\n                        </tr>\n\n                        <!-- content row -->\n                        <tr style=\"font-family: 'Segoe UI', -apple-system, BlinkMacSystemFont, 'Roboto', 'Helvetica Neue', sans-serif;\">\n                            <td class=\"InnerContentCell\" style=\"font-family: 'Segoe UI', -apple-system, BlinkMacSystemFont, 'Roboto', 'Helvetica Neue', sans-serif; padding: 30px; background-color: #f8f8f8; border-top: 1px solid #dedede;\">\n                                 <table class=\"FileList\" style=\"border: 0; border-collapse: collapse; font-family: 'Segoe UI', -apple-system, BlinkMacSystemFont, 'Roboto', 'Helvetica Neue', sans-serif; background: #fff; border-spacing: 0; width: 100%;\">\n                                    @{variables('TableRows')}\n                                </table>\n                            </td>\n                        </tr>\n                    </table>\n                </td>\n            </tr>\n        </table>\n    </div>\n\n    <!--[if mso]>\n</td></tr></table>\n</center>\n<![endif]-->\n</body>\n\n</html>"},"path":"/sendEmailNotification","authentication":"@parameters('$authentication')"}},"Apply_to_each_2":{"foreach":"@body('Get_items')?['value']","actions":{"Apply_to_each":{"foreach":"@body('Get_items')?['value']","actions":{"Append_to_string_variable":{"runAfter":{},"metadata":{"operationMetadataId":"78d8b6be-ea0e-4f4f-8e57-b72baafd2951"},"type":"AppendToStringVariable","inputs":{"name":"TableRows","value":"<tr style=\"font-family: 'Segoe UI', -apple-system, BlinkMacSystemFont, 'Roboto', 'Helvetica Neue', sans-serif;\"><td class=\"FileList-iconCell FileList-iconCell--last\" style=\"font-family: 'Segoe UI', -apple-system, BlinkMacSystemFont, 'Roboto', 'Helvetica Neue', sans-serif; border-bottom: 2px solid #eaeaea; padding: 20px 12px 20px 32px; white-space: nowrap;\"><img src=\"https://odsp-ext.azurewebsites.net/email/components/FileList/icon-task.png\" width=\"22\" height=\"22\"></td><td class=\"FileList-linkCell FileList-linkCell--last\" style=\"font-family: 'Segoe UI', -apple-system, BlinkMacSystemFont, 'Roboto', 'Helvetica Neue', sans-serif; border-bottom: 2px solid #eaeaea; padding-bottom: 4px; width: 100%;\"><a href=\"@{items('Apply_to_each')?['{Link}']}\" style=\"padding: 0; margin: 0; color: #0078d7; font-size: 17px; text-decoration: none;\">@{items('Apply_to_each')?['{Name}']}</a></td></tr>"}}},"runAfter":{},"metadata":{"operationMetadataId":"0b0ce223-395f-424a-9700-38902404a4c9"},"type":"Foreach"}},"runAfter":{},"metadata":{"operationMetadataId":"d177b359-fc9d-4f97-8bc6-37533ff69f8d"},"type":"Foreach"}}},"expression":"@empty(body('Get_items')?['value'])","metadata":{"operationMetadataId":"fc3b0233-b9d1-4e44-8547-5613e859685d"},"type":"If"},"Get_list_name_by_HTTP_request":{"runAfter":{"x_Days_+_1":["Succeeded"]},"metadata":{"flowSystemMetadata":{"swaggerOperationId":"HttpRequest"},"operationMetadataId":"a541ea38-ad8d-402e-9549-d7c7f5e83e0d"},"type":"ApiConnection","inputs":{"host":{"connection":{"name":"@parameters('$connections')['shared_sharepointonline']['connectionId']"},"api":{"runtimeUrl":"https://flow-apim-msmanaged-na-northcentralus-01.azure-apim.net/apim/sharepointonline"}},"method":"post","body":{"method":"GET","uri":"_api/web/lists/getById('3c74b013-13ef-40ba-959e-7b89ec2605c6')?$select=Employee","headers":{"Accept":"application/json;odata=nometadata"}},"path":"/datasets/@{encodeURIComponent(encodeURIComponent('https://amspecllc.sharepoint.com/sites/AmSpecDirectory'))}/httprequest","authentication":"@parameters('$authentication')"}}},"runAfter":{"Get_my_profile_(V2)":["Succeeded"]},"metadata":{"operationMetadataId":"a20137e1-3113-489e-95ff-d18ce7dcf423"},"type":"Scope"},"Couldn't_send_a_reminder":{"runAfter":{"Scope_to_get_items_due_in_1_day":["Failed","TimedOut"]},"metadata":{"flowSystemMetadata":{"swaggerOperationId":"SendEmailNotification"},"operationMetadataId":"4ea059bb-533e-4cea-8b2b-41522b95230f"},"type":"ApiConnection","inputs":{"host":{"connection":{"name":"@parameters('$connections')['shared_flowpush']['connectionId']"},"api":{"runtimeUrl":"https://flow-apim-msmanaged-na-eastus2-01.azure-apim.net/apim/flowpush"}},"method":"post","body":{"notificationSubject":"Sending reminder: Something failed","notificationBody":"Sending reminder: Something failed"},"path":"/sendEmailNotification","authentication":"@parameters('$authentication')"}},"Days_to_remind_me_in":{"runAfter":{"Build_Table_Rows":["Succeeded"]},"metadata":{"operationMetadataId":"6489312d-ec50-4f99-ade9-5d1446eade0f"},"type":"Compose","inputs":"@'30'"},"Get_my_profile_(V2)":{"runAfter":{"Days_to_remind_me_in":["Succeeded"]},"metadata":{"flowSystemMetadata":{"swaggerOperationId":"MyProfile_V2"},"operationMetadataId":"6aa08068-31c1-4232-821b-802dfb8e47cc"},"type":"ApiConnection","inputs":{"host":{"connection":{"name":"@parameters('$connections')['shared_office365users']['connectionId']"},"api":{"runtimeUrl":"https://flow-apim-msmanaged-na-eastus2-01.azure-apim.net/apim/office365users"}},"method":"get","path":"/codeless/v1.0/me","authentication":"@parameters('$authentication')"}},"Build_Table_Rows":{"runAfter":{},"metadata":{"operationMetadataId":"ddd6b3af-f441-415c-9647-a2fc3f714329"},"type":"InitializeVariable","inputs":{"variables":[{"name":"TableRows","type":"String"}]}}},"outputs":{},"description":"Remind me a number of days in advance of the date in the column"},"connectionReferences":{"shared_sharepointonline":{"connectionName":"a4ec9f1c9440458e811068e4ca62ebb8","source":"Embedded","id":"/providers/Microsoft.PowerApps/apis/shared_sharepointonline","tier":"NotSpecified"},"shared_flowpush":{"connectionName":"shared-flowpush-eef3605f-404b-49cb-8db8-96f3-451ed01a","source":"Embedded","id":"/providers/Microsoft.PowerApps/apis/shared_flowpush","tier":"NotSpecified"},"shared_office365users":{"connectionName":"shared-office365user-7f0febe8-5182-4ac0-8fd4-d20f-e359963e","source":"Embedded","id":"/providers/Microsoft.PowerApps/apis/shared_office365users","tier":"NotSpecified"}},"flowFailureAlertSubscribed":false,"isManaged":false}}