{"name":"392b4143-52b8-4f65-ab15-9d141c911ef6","id":"/providers/Microsoft.Flow/flows/392b4143-52b8-4f65-ab15-9d141c911ef6","type":"Microsoft.Flow/flows","properties":{"apiId":"/providers/Microsoft.PowerApps/apis/shared_logicflows","displayName":"Obtener una notificación de inserción con actualizaciones del blog de Flow","definition":{"metadata":{"workflowEntityId":null,"creator":{"id":"c1f7c151-b068-41d5-8cbf-e85b83b45518","type":"User","tenantId":"fddf0fb0-6be4-4e34-ace1-e795bc64c91f"},"provisioningMethod":"FromDefinition","failureAlertSubscription":true,"clientLastModifiedTime":"2018-12-21T15:46:54.2572258Z","flowclientsuspensionreason":"None","flowclientsuspensiontime":null,"processAdvisorMetadata":null},"$schema":"https://schema.management.azure.com/providers/Microsoft.Logic/schemas/2016-06-01/workflowdefinition.json#","contentVersion":"1.0.0.0","parameters":{"$connections":{"defaultValue":{},"type":"Object"},"$authentication":{"defaultValue":{},"type":"SecureObject"}},"triggers":{"When_a_feed_item_is_published":{"recurrence":{"frequency":"Minute","interval":5},"splitOn":"@triggerBody()?.value","metadata":{"flowSystemMetadata":{"swaggerOperationId":"OnNewFeed"}},"type":"ApiConnection","inputs":{"host":{"api":{"runtimeUrl":"https://flow-apim-msmanaged-na-eastus2-01.azure-apim.net/apim/rss"},"connection":{"name":"@parameters('$connections')['shared_rss']['connectionId']"}},"method":"get","path":"/OnNewFeed","queries":{"feedUrl":"https://flow.microsoft.com/en-us/blog/feed/"},"authentication":"@parameters('$authentication')"}}},"actions":{"Send_a_push_notification":{"runAfter":{},"metadata":{"flowSystemMetadata":{"swaggerOperationId":"SendNotification"}},"type":"ApiConnection","inputs":{"host":{"api":{"runtimeUrl":"https://flow-apim-msmanaged-na-eastus2-01.azure-apim.net/apim/flowpush"},"connection":{"name":"@parameters('$connections')['shared_flowpush']['connectionId']"}},"method":"post","path":"/sendNotification","body":{"notificationText":"Flow blog update - @{triggerBody()?['title']}","notificationLink":{"uri":"@{triggerBody()?['primaryLink']}","label":"Go to feed"}},"authentication":"@parameters('$authentication')"}}},"outputs":{}},"connectionReferences":{"shared_rss":{"connectionName":"shared-rss-860b69c7-8cfc-4538-a58c-fb0c1330235f","source":"Embedded","id":"/providers/Microsoft.PowerApps/apis/shared_rss","tier":"NotSpecified"},"shared_flowpush":{"connectionName":"shared-flowpush-eb7e900d-cb6c-4371-9dd2-e1a668b66619","source":"Embedded","id":"/providers/Microsoft.PowerApps/apis/shared_flowpush","tier":"NotSpecified"}},"flowFailureAlertSubscribed":false,"isManaged":false}}