{"name":"a5f91b1f-eb3b-4d2f-93c8-d9893d47fbee","id":"/providers/Microsoft.Flow/flows/a5f91b1f-eb3b-4d2f-93c8-d9893d47fbee","type":"Microsoft.Flow/flows","properties":{"apiId":"/providers/Microsoft.PowerApps/apis/shared_logicflows","displayName":"IdeiasProj AmSpec Brasil - Linha sem título - f17fbf37-7faa-ec11-983f-000d3a349900","definition":{"metadata":{"workflowEntityId":null,"processAdvisorMetadata":null,"flowclientsuspensionreason":"AllActionsFailingDetected","flowclientsuspensiontime":"2022-04-11T20:26:13.0374339Z","creator":{"id":"e6fa3311-d0c7-418c-85e4-e25522a6c1b2","type":"User","tenantId":"fddf0fb0-6be4-4e34-ace1-e795bc64c91f"},"provisioningMethod":"FromDefinition","failureAlertSubscription":true,"clientLastModifiedTime":"2022-03-23T10:15:43.3955081Z"},"$schema":"https://schema.management.azure.com/providers/Microsoft.Logic/schemas/2016-06-01/workflowdefinition.json#","contentVersion":"1.0.0.0","parameters":{"$connections":{"defaultValue":{},"type":"Object"},"$authentication":{"defaultValue":{},"type":"SecureObject"},"roadmap.org":{"defaultValue":"","type":"String"},"roadmap.portfolioid":{"defaultValue":"","type":"String"},"schedule.start":{"defaultValue":"","type":"String"},"vsts.accountname":{"defaultValue":"","type":"String"}},"triggers":{"Recurrence":{"recurrence":{"frequency":"Day","interval":1,"timeZone":"UTC","startTime":"@'2022-03-23T08:06:37.952Z'"},"metadata":{"operationMetadataId":"ade33fc5-623d-4163-b3ab-eb79854bec00"},"type":"Recurrence","runtimeConfiguration":{"concurrency":{"runs":1}}}},"actions":{"Initialize_PortfolioId":{"runAfter":{},"metadata":{"operationMetadataId":"88df0b3d-f4de-4abc-b405-6b6e1ec186aa"},"type":"InitializeVariable","inputs":{"variables":[{"name":"PortfolioId","type":"String","value":"@'f17fbf37-7faa-ec11-983f-000d3a349900'"}]}},"Initialize_OrganizationName":{"runAfter":{"Initialize_PortfolioId":["Succeeded"]},"metadata":{"operationMetadataId":"a7024199-25d5-4dd8-8e6f-2ac41dc1555d"},"type":"InitializeVariable","inputs":{"variables":[{"name":"OrgName","type":"String","value":"@'default.crm.dynamics.com'"}]}},"Initialize_Azure_DevOps_Account":{"runAfter":{"Initialize_OrganizationName":["Succeeded"]},"metadata":{"operationMetadataId":"d4b5b158-9dbb-4eaf-b8ad-85e201750ec6"},"type":"InitializeVariable","inputs":{"variables":[{"name":"Azure DevOps Account","type":"String","value":"@'amspecbrasil'"}]}},"Check_to_see_if_row_was_already_marked_as_deleted":{"actions":{"Terminate":{"runAfter":{},"metadata":{"operationMetadataId":"d254cef3-4c7c-4fcf-977a-489c164a13f1"},"type":"Terminate","inputs":{"runStatus":"Succeeded"}}},"runAfter":{"Read_PortfolioLink_":["Succeeded"]},"expression":{"and":[{"equals":["@body('Read_PortfolioLink_')?['refreshErrorCode']",4]}]},"metadata":{"operationMetadataId":"5b65b79d-33f4-4787-882c-716c4e216746"},"type":"If"},"Get_Project_from_Azure_DevOps":{"runAfter":{"Initialize_Azure_DevOps_Project":["Succeeded"]},"metadata":{"flowSystemMetadata":{"swaggerOperationId":"HttpRequest"},"operationMetadataId":"3575e12d-0034-44be-a593-e285bb209af3"},"type":"ApiConnection","inputs":{"host":{"connection":{"name":"@parameters('$connections')['shared_visualstudioteamservices']['connectionId']"},"api":{"runtimeUrl":"https://flow-apim-msmanaged-na-westus2-01.azure-apim.net/apim/visualstudioteamservices"}},"method":"post","body":{"Method":"GET","Uri":"_apis/projects/@{variables('Azure DevOps ProjectId')}"},"path":"/httprequest","queries":{"account":"@variables('Azure DevOps Account')"},"authentication":"@parameters('$authentication')"}},"Initialize_Azure_DevOps_Project":{"runAfter":{"Update_PortfolioLink_Refresh_in_progress":["Succeeded"]},"metadata":{"operationMetadataId":"dae2845f-8302-4a54-9f86-db86fe1965ad"},"type":"InitializeVariable","inputs":{"variables":[{"name":"Azure DevOps ProjectId","type":"String","value":"@body('Read_PortfolioLink_')?['externalProjectId']"}]}},"Parse_Azure_DevOps_Response":{"runAfter":{"Get_Project_from_Azure_DevOps":["Succeeded"]},"metadata":{"operationMetadataId":"983c7023-bbef-4c9f-b12d-8247fa04caab"},"type":"ParseJson","inputs":{"content":"@body('Get_Project_from_Azure_DevOps')","schema":{"type":"object","properties":{"id":{"type":"string"},"name":{"type":"string"}}}}},"Scope_Row_Deleted_in_External_Source":{"actions":{"Parse_failure_Azure_DevOps_Response":{"runAfter":{},"metadata":{"operationMetadataId":"ce7d0463-b8f1-4988-93b0-8985d318680f"},"type":"ParseJson","inputs":{"content":"@body('Get_Project_from_Azure_DevOps')","schema":{"type":"object","properties":{"$id":{"type":"string"},"message":{"type":"string"},"typeKey":{"type":"string"}}}}},"Check_if_is_ProjectNotFound_exception":{"actions":{"Set_variable":{"runAfter":{},"metadata":{"operationMetadataId":"381d4338-b463-41f2-8991-1d1ef17bb458"},"type":"SetVariable","inputs":{"name":"RefreshError","value":4}}},"runAfter":{"Parse_failure_Azure_DevOps_Response":["Succeeded"]},"expression":{"or":[{"equals":["@body('Parse_failure_Azure_DevOps_Response')?['typeKey']","ProjectDoesNotExistException"]},{"equals":["@body('Parse_failure_Azure_DevOps_Response')?['typeKey']","ProjectDoesNotExistWithNameException"]}]},"metadata":{"operationMetadataId":"51f1ac93-9941-4677-9fb3-2d0f22b7595a"},"type":"If"},"Update_PortfolioLink":{"runAfter":{"Check_if_is_ProjectNotFound_exception":["Succeeded"]},"metadata":{"flowSystemMetadata":{"swaggerOperationId":"UpdatePortfolioLink"},"operationMetadataId":"95e29234-0848-4b1e-a605-69b891b26d3e"},"type":"ApiConnection","inputs":{"host":{"connection":{"name":"@parameters('$connections')['shared_projectroadmap']['connectionId']"},"api":{"runtimeUrl":"https://flow-apim-msmanaged-na-westus2-01.azure-apim.net/apim/projectroadmap"}},"method":"patch","body":{"portfolioItemId":"@body('Read_PortfolioLink_')?['portfolioItemId']","refreshErrorCode":"@variables('RefreshError')","refreshError":"@{variables('RefreshErrorString')}","refreshEndDate":"@{utcNow()}","refreshStatus":3,"id":"@body('Read_PortfolioLink_')?['id']"},"path":"/@{encodeURIComponent(encodeURIComponent(variables('OrgName')))}/api/v1/portfolios(@{encodeURIComponent(encodeURIComponent(variables('PortfolioId')))})/portfolioLink","authentication":"@parameters('$authentication')"}}},"runAfter":{"Set_error_string":["Succeeded"]},"metadata":{"operationMetadataId":"1bccd89c-c50d-4be3-9a4a-aca010fe9f8a"},"type":"Scope"},"Initialize_AzureDevOpsProjectName":{"runAfter":{"Parse_Azure_DevOps_Response":["Succeeded"]},"metadata":{"operationMetadataId":"4458908a-9c6b-49a7-8a96-93c881da4c27"},"type":"InitializeVariable","inputs":{"variables":[{"name":"AzureDevOpsProjectName","type":"String","value":"@body('Parse_Azure_DevOps_Response')?['name']"}]}},"Initialize_BatchCount":{"runAfter":{"Read_RoadmapItemLinks_for_a_Portfolio":["Succeeded"]},"metadata":{"operationMetadataId":"fa7efe7c-3aeb-47b5-9d68-ceee9a2e9089"},"type":"InitializeVariable","inputs":{"variables":[{"name":"BatchCount","type":"Integer","value":500}]}},"Initialize_items_to_be_refreshed_array":{"runAfter":{"Select":["Succeeded"]},"metadata":{"operationMetadataId":"5835b305-cf46-4a41-bfd2-8f194b43a32e"},"type":"InitializeVariable","inputs":{"variables":[{"name":"ItemsForRefreshArray","type":"Array","value":"@body('Select')"}]}},"Initialize_total_count":{"runAfter":{"Initialize_items_to_be_refreshed_array":["Succeeded"]},"metadata":{"operationMetadataId":"179d580b-9276-499b-b809-7252fa3f2e37"},"type":"InitializeVariable","inputs":{"variables":[{"name":"ArrayLength","type":"Integer","value":"@length(variables('ItemsForRefreshArray'))"}]}},"Read_PortfolioLink_":{"runAfter":{"Initialize_variable":["Succeeded"]},"metadata":{"flowSystemMetadata":{"swaggerOperationId":"GetPortfolioLink"},"operationMetadataId":"1c05ab16-0810-469d-98d0-54b51bb97270"},"type":"ApiConnection","inputs":{"host":{"connection":{"name":"@parameters('$connections')['shared_projectroadmap']['connectionId']"},"api":{"runtimeUrl":"https://flow-apim-msmanaged-na-westus2-01.azure-apim.net/apim/projectroadmap"}},"method":"get","path":"/@{encodeURIComponent(encodeURIComponent('default.crm.dynamics.com'))}/api/v1/portfolios(@{encodeURIComponent(encodeURIComponent('f17fbf37-7faa-ec11-983f-000d3a349900'))})/portfolioLink","authentication":"@parameters('$authentication')"}},"Update_PortfolioLink_Refresh_in_progress":{"runAfter":{"Check_to_see_if_row_was_already_marked_as_deleted":["Succeeded"]},"metadata":{"flowSystemMetadata":{"swaggerOperationId":"UpdatePortfolioLink"},"operationMetadataId":"e7a11a08-6dad-458f-90d6-7eab934e4851"},"type":"ApiConnection","inputs":{"host":{"connection":{"name":"@parameters('$connections')['shared_projectroadmap']['connectionId']"},"api":{"runtimeUrl":"https://flow-apim-msmanaged-na-westus2-01.azure-apim.net/apim/projectroadmap"}},"method":"patch","body":{"portfolioItemId":"@body('Read_PortfolioLink_')?['portfolioItemId']","refreshStartDate":"@{utcNow()}","refreshStatus":1,"id":"@body('Read_PortfolioLink_')?['id']"},"path":"/@{encodeURIComponent(encodeURIComponent(variables('OrgName')))}/api/v1/portfolios(@{encodeURIComponent(encodeURIComponent(variables('PortfolioId')))})/portfolioLink","authentication":"@parameters('$authentication')"}},"Refresh_finished_with_error":{"runAfter":{"Any_items":["Failed"]},"metadata":{"flowSystemMetadata":{"swaggerOperationId":"UpdatePortfolioLink"},"operationMetadataId":"e24bb1ba-e6a2-464c-9b8f-b2e271ee8514"},"type":"ApiConnection","inputs":{"host":{"connection":{"name":"@parameters('$connections')['shared_projectroadmap']['connectionId']"},"api":{"runtimeUrl":"https://flow-apim-msmanaged-na-westus2-01.azure-apim.net/apim/projectroadmap"}},"method":"patch","body":{"portfolioItemId":"@body('Read_PortfolioLink_')?['portfolioItemId']","refreshErrorCode":10000,"refreshError":"@{variables('RefreshErrorString')}","refreshEndDate":"@{utcNow()}","refreshStatus":3,"id":"@body('Read_PortfolioLink_')?['id']"},"path":"/@{encodeURIComponent(encodeURIComponent(variables('OrgName')))}/api/v1/portfolios(@{encodeURIComponent(encodeURIComponent(variables('PortfolioId')))})/portfolioLink","authentication":"@parameters('$authentication')"}},"Refresh_finished_succesful":{"runAfter":{"Any_items":["Succeeded"]},"metadata":{"flowSystemMetadata":{"swaggerOperationId":"UpdatePortfolioLink"},"operationMetadataId":"26b66c9d-e77a-496f-a68c-b6d70e01da13"},"type":"ApiConnection","inputs":{"host":{"connection":{"name":"@parameters('$connections')['shared_projectroadmap']['connectionId']"},"api":{"runtimeUrl":"https://flow-apim-msmanaged-na-westus2-01.azure-apim.net/apim/projectroadmap"}},"method":"patch","body":{"portfolioItemId":"@body('Read_PortfolioLink_')?['portfolioItemId']","externalProjectName":"@variables('AzureDevOpsProjectName')","refreshErrorCode":0,"refreshEndDate":"@{utcNow()}","refreshStatus":"@variables('RefreshStatus')","id":"@body('Read_PortfolioLink_')?['id']"},"path":"/@{encodeURIComponent(encodeURIComponent(variables('OrgName')))}/api/v1/portfolios(@{encodeURIComponent(encodeURIComponent(variables('PortfolioId')))})/portfolioLink","authentication":"@parameters('$authentication')"}},"Read_RoadmapItemLinks_for_a_Portfolio":{"runAfter":{"Initialize_AzureDevOpsProjectName":["Succeeded"]},"metadata":{"flowSystemMetadata":{"swaggerOperationId":"GetRoadmapItemLinksForPortfolio"},"operationMetadataId":"12cbb3c1-ca8a-4291-93bf-ecf208dbba87"},"type":"ApiConnection","inputs":{"host":{"connection":{"name":"@parameters('$connections')['shared_projectroadmap']['connectionId']"},"api":{"runtimeUrl":"https://flow-apim-msmanaged-na-westus2-01.azure-apim.net/apim/projectroadmap"}},"method":"get","path":"/@{encodeURIComponent(encodeURIComponent(variables('OrgName')))}/api/v1/portfolios(@{encodeURIComponent(encodeURIComponent(variables('PortfolioId')))})/roadmapItemLinks","authentication":"@parameters('$authentication')"}},"Select":{"runAfter":{"Initialize_BatchCount":["Succeeded"]},"metadata":{"operationMetadataId":"1c301169-22a3-4796-9561-1c7cfdb5bb3c"},"type":"Select","inputs":{"from":"@body('Read_RoadmapItemLinks_for_a_Portfolio')?['value']","select":{"Name":"@item()['externalName']","StartDate":"@item()['externalStartDate']","EndDate":"@item()['externalDueDate']","TaskId":"@item()['externalTaskId']","ItemId":"@item()['roadmapItemId']","LinkId":"@item()['id']"}}},"Any_items":{"actions":{"Process_batches":{"actions":{"Do_until":{"actions":{"Condition":{"actions":{"Set_new_batch_count":{"runAfter":{},"metadata":{"operationMetadataId":"81917984-6dd5-47d4-b65e-1c57ca192466"},"type":"SetVariable","inputs":{"name":"BatchCount","value":"@variables('ArrayLength')"}}},"runAfter":{},"expression":{"and":[{"greater":["@variables('BatchCount')","@variables('ArrayLength')"]}]},"metadata":{"operationMetadataId":"8c8a4ff3-7e4f-436a-b321-9e57ffb52eae"},"type":"If"},"Take_subarray":{"runAfter":{"Condition":["Succeeded"]},"metadata":{"operationMetadataId":"3e0cea9b-9c7f-41bc-a5e5-9069ef271c15"},"type":"Compose","inputs":"@take(variables('ItemsForRefreshArray'),variables('BatchCount'))"},"Join":{"runAfter":{"Select_TaskIds":["Succeeded"]},"metadata":{"operationMetadataId":"e296d560-d368-4017-be09-2fe8ccb8d80c"},"type":"Join","inputs":{"from":"@body('Select_TaskIds')","joinWith":","}},"Check_WorkItemIds_in_Azure_DevOps":{"runAfter":{"Join":["Succeeded"]},"metadata":{"flowSystemMetadata":{"swaggerOperationId":"HttpRequest"},"operationMetadataId":"83e55b45-f4a3-450b-87a3-4a4045f9a479"},"type":"ApiConnection","inputs":{"host":{"connection":{"name":"@parameters('$connections')['shared_visualstudioteamservices']['connectionId']"},"api":{"runtimeUrl":"https://flow-apim-msmanaged-na-westus2-01.azure-apim.net/apim/visualstudioteamservices"}},"method":"post","body":{"Method":"POST","Uri":"@{variables('Azure DevOps ProjectId')}/_apis/wit/wiql?api-version=4.1","Body":"{\n  \"query\": \"Select [System.ID] FROM WorkItems WHERE [System.TeamProject] = @Project AND [System.ID] IN (@{body('Join')})\"\n}"},"path":"/httprequest","queries":{"account":"@variables('Azure DevOps Account')"},"authentication":"@parameters('$authentication')"}},"Check_if_there_is_any_Work_Item_to_be_refreshed":{"actions":{"List_work_items":{"runAfter":{},"metadata":{"flowSystemMetadata":{"swaggerOperationId":"ListWorkItems"},"operationMetadataId":"946ce757-4a8f-43c3-a134-3abbd93e49a3"},"type":"ApiConnection","inputs":{"host":{"connection":{"name":"@parameters('$connections')['shared_visualstudioteamservices']['connectionId']"},"api":{"runtimeUrl":"https://flow-apim-msmanaged-na-westus2-01.azure-apim.net/apim/visualstudioteamservices"}},"method":"get","path":"/@{encodeURIComponent(variables('AzureDevOpsProjectName'))}/_apis/wit/workitems","queries":{"account":"@variables('Azure DevOps Account')","workItemIds":"@body('Join_WorkItem_Ids')"},"authentication":"@parameters('$authentication')"}},"For_each_item_in_batch":{"foreach":"@outputs('Take_subarray')","actions":{"Get_corresponding_Azure_DevOps_task":{"runAfter":{},"metadata":{"operationMetadataId":"cc639255-c077-4ab6-939c-2751466406e8"},"type":"Query","inputs":{"from":"@body('List_work_items')?['value']","where":"@equals(item()['System.Id'], int(items('For_each_item_in_batch')['TaskId']))"}},"Check_to_see_if_task_is_still_in_Azure_DevOps":{"actions":{"For_each_corresponding_Azure_DevOps_task":{"foreach":"@body('Get_corresponding_Azure_DevOps_task')","actions":{"StartDateValue":{"runAfter":{},"metadata":{"operationMetadataId":"ba3d4bfa-a850-4ec1-8164-52602f85dfde"},"type":"Compose","inputs":"@coalesce(items('For_each_corresponding_Azure_DevOps_task')?['Microsoft.VSTS.Scheduling.StartDate'],items('For_each_corresponding_Azure_DevOps_task')?['Microsoft.VSTS.Scheduling.TargetDate'],utcNow())"},"Format_StartDate":{"runAfter":{"StartDateValue":["Succeeded"]},"metadata":{"operationMetadataId":"823aeac7-09f5-478c-9961-f7c0951ade41"},"type":"Compose","inputs":"@concat(formatDateTime(outputs('StartDateValue'),'yyyy-MM-dd'),'T00:00:00Z')"},"EndDateValue":{"runAfter":{"Format_StartDate":["Succeeded"]},"metadata":{"operationMetadataId":"255c3edf-9f3f-4a73-86de-7a14ed7e7882"},"type":"Compose","inputs":"@coalesce(items('For_each_corresponding_Azure_DevOps_task')?['Microsoft.VSTS.Scheduling.TargetDate'],items('For_each_corresponding_Azure_DevOps_task')?['Microsoft.VSTS.Scheduling.StartDate'],utcNow())"},"Format_EndDate":{"runAfter":{"EndDateValue":["Succeeded"]},"metadata":{"operationMetadataId":"f0da69b5-edd2-4640-b475-7f8e59564f49"},"type":"Compose","inputs":"@concat(formatDateTime(outputs('EndDateValue'),'yyyy-MM-dd'),'T00:00:00Z')"},"Check_to_see_if_item_was_modified":{"actions":{"Refresh__RoadmapItemLink_":{"runAfter":{},"metadata":{"flowSystemMetadata":{"swaggerOperationId":"UpdateRoadmapItemLink"},"operationMetadataId":"0b728cc7-6fdb-47e2-8d2a-6c2646615ce2"},"type":"ApiConnection","inputs":{"host":{"connection":{"name":"@parameters('$connections')['shared_projectroadmap']['connectionId']"},"api":{"runtimeUrl":"https://flow-apim-msmanaged-na-westus2-01.azure-apim.net/apim/projectroadmap"}},"method":"patch","body":{"externalName":"@{outputs('Azure_DevOps_Task_Name')}","externalStartDate":"@{outputs('Format_StartDate')}","externalDueDate":"@{outputs('Format_EndDate')}","refreshErrorCode":0,"id":"@{items('For_each_item_in_batch')['LinkId']}"},"path":"/@{encodeURIComponent(encodeURIComponent(variables('OrgName')))}/api/v1/portfolios(@{encodeURIComponent(encodeURIComponent(variables('PortfolioId')))})/roadmapItems(@{encodeURIComponent(encodeURIComponent(items('For_each_item_in_batch')['ItemId']))})/roadmapItemLink","authentication":"@parameters('$authentication')"}}},"runAfter":{"Azure_DevOps_Task_Name":["Succeeded"]},"expression":{"or":[{"not":{"equals":["@items('For_each_item_in_batch')['Name']","@outputs('Azure_DevOps_Task_Name')"]}},{"not":{"equals":["@items('For_each_item_in_batch')['StartDate']","@outputs('Format_StartDate')"]}},{"not":{"equals":["@items('For_each_item_in_batch')['EndDate']","@outputs('Format_EndDate')"]}}]},"metadata":{"operationMetadataId":"9829c709-7930-4a45-9e09-bd7a18878974"},"type":"If"},"Azure_DevOps_Task_Name":{"runAfter":{"Format_EndDate":["Succeeded"]},"metadata":{"operationMetadataId":"0ec62a1c-04d8-4f73-8b51-865e613feaa6"},"type":"Compose","inputs":"@items('For_each_corresponding_Azure_DevOps_task')['System.Title']"}},"runAfter":{},"metadata":{"operationMetadataId":"7e936e87-6c7f-4dc6-8778-5c0eebb27ee4"},"type":"Foreach","description":"it should always be only one row"}},"runAfter":{"Get_corresponding_Azure_DevOps_task":["Succeeded"]},"else":{"actions":{"Update_RoadmapItemLink":{"runAfter":{},"metadata":{"flowSystemMetadata":{"swaggerOperationId":"UpdateRoadmapItemLink"},"operationMetadataId":"9d324ddf-4f14-4ed6-85ac-f6f28b20d922"},"type":"ApiConnection","inputs":{"host":{"connection":{"name":"@parameters('$connections')['shared_projectroadmap']['connectionId']"},"api":{"runtimeUrl":"https://flow-apim-msmanaged-na-westus2-01.azure-apim.net/apim/projectroadmap"}},"method":"patch","body":{"refreshErrorCode":1,"id":"@{items('For_each_item_in_batch')['LinkId']}"},"path":"/@{encodeURIComponent(encodeURIComponent(variables('OrgName')))}/api/v1/portfolios(@{encodeURIComponent(encodeURIComponent(variables('PortfolioId')))})/roadmapItems(@{encodeURIComponent(encodeURIComponent(items('For_each_item_in_batch')['ItemId']))})/roadmapItemLink","authentication":"@parameters('$authentication')"}},"Set_RefreshStatus":{"runAfter":{"Update_RoadmapItemLink":["Succeeded"]},"metadata":{"operationMetadataId":"1b296a48-f8f3-4a50-a730-5248e5a90ae9"},"type":"SetVariable","inputs":{"name":"RefreshStatus","value":2}}}},"expression":{"and":[{"greater":["@length(body('Get_corresponding_Azure_DevOps_task'))",0]}]},"metadata":{"operationMetadataId":"10ae9960-16d6-4bf3-8ee1-01f42baaede0"},"type":"If"}},"runAfter":{"List_work_items":["Succeeded"]},"metadata":{"operationMetadataId":"8804efc6-06d6-455e-88a9-82d2f7f09b04"},"type":"Foreach","runtimeConfiguration":{"concurrency":{"repetitions":50}}},"Set_error_-_get_ADO_items_failed":{"runAfter":{"Error":["Succeeded"]},"metadata":{"operationMetadataId":"7647bb15-ddd8-423f-a611-80efa1f7f9e3"},"type":"SetVariable","inputs":{"name":"RefreshErrorString","value":{"HttpStatus":"@{outputs('List_work_items')['statusCode']}","RequestId":"@{outputs('Error')}","DateTimeUTC":"@{utcNow()}","Tool":"3"}}},"Error":{"runAfter":{"List_work_items":["TimedOut","Failed"]},"metadata":{"operationMetadataId":"7c94af3f-315b-43d4-b9a5-bda67c76f66c"},"type":"Compose","inputs":"@coalesce(outputs('List_work_items')['headers']?['x-ms-request-id'],outputs('List_work_items')['headers']?['x-TFS-ProcessID'],'00000000-0000-0000-0000-000000000000')"}},"runAfter":{"Join_WorkItem_Ids":["Succeeded"]},"else":{"actions":{"Mark_each_item_as_deleted":{"foreach":"@outputs('Take_subarray')","actions":{"Update_RoadmapItemLink_as_Deleted":{"runAfter":{},"metadata":{"flowSystemMetadata":{"swaggerOperationId":"UpdateRoadmapItemLink"},"operationMetadataId":"784c22ab-ad01-4561-aa3a-ed365866224d"},"type":"ApiConnection","inputs":{"host":{"connection":{"name":"@parameters('$connections')['shared_projectroadmap']['connectionId']"},"api":{"runtimeUrl":"https://flow-apim-msmanaged-na-westus2-01.azure-apim.net/apim/projectroadmap"}},"method":"patch","body":{"refreshErrorCode":1,"id":"@{items('Mark_each_item_as_deleted')['LinkId']}"},"path":"/@{encodeURIComponent(encodeURIComponent(variables('OrgName')))}/api/v1/portfolios(@{encodeURIComponent(encodeURIComponent(variables('PortfolioId')))})/roadmapItems(@{encodeURIComponent(encodeURIComponent(items('Mark_each_item_as_deleted')['ItemId']))})/roadmapItemLink","authentication":"@parameters('$authentication')"}}},"runAfter":{},"metadata":{"operationMetadataId":"27a57a2c-e24d-40bb-8cfc-ca55bfc0b311"},"type":"Foreach","runtimeConfiguration":{"concurrency":{"repetitions":50}}},"Set_roadmap_status":{"runAfter":{"Mark_each_item_as_deleted":["Succeeded"]},"metadata":{"operationMetadataId":"1e62f3b5-baa1-45b5-898d-303b0e858b54"},"type":"SetVariable","inputs":{"name":"RefreshStatus","value":2}}}},"expression":{"and":[{"greater":["@length(body('Select_WorkItemIds_from_Azure_DevOps'))",0]}]},"metadata":{"operationMetadataId":"1b3d79be-6b2c-4d42-bbaa-7a9bbbb51ad3"},"type":"If"},"Parse_Response":{"runAfter":{"Check_WorkItemIds_in_Azure_DevOps":["Succeeded"]},"metadata":{"operationMetadataId":"00fda317-ed82-4a8f-86f6-382fdb351ea7"},"type":"ParseJson","inputs":{"content":"@body('Check_WorkItemIds_in_Azure_DevOps')","schema":{"type":"object","properties":{"workItems":{"type":"array","items":{"type":"object","properties":{"id":{"type":"integer"}},"required":["id"]}}}}}},"Join_WorkItem_Ids":{"runAfter":{"Select_WorkItemIds_from_Azure_DevOps":["Succeeded"]},"metadata":{"operationMetadataId":"065e8174-5598-4b28-bcea-b8159c5b41e6"},"type":"Join","inputs":{"from":"@body('Select_WorkItemIds_from_Azure_DevOps')","joinWith":","}},"Reset_items_for_refresh":{"runAfter":{"Skip_items_in_current_batch":["Succeeded"]},"metadata":{"operationMetadataId":"868fe4ff-1b89-49ac-b129-9daf72631aec"},"type":"SetVariable","inputs":{"name":"ItemsForRefreshArray","value":"@outputs('Skip_items_in_current_batch')"}},"Reset_nb_of_items_to_be_refreshed":{"runAfter":{"Reset_items_for_refresh":["Succeeded"]},"metadata":{"operationMetadataId":"f563a507-3b1d-4555-b7ba-89519a3ea5d8"},"type":"SetVariable","inputs":{"name":"ArrayLength","value":"@length(variables('ItemsForRefreshArray'))"}},"Skip_items_in_current_batch":{"runAfter":{"Take_subarray":["Succeeded"]},"metadata":{"operationMetadataId":"749df8cd-f56c-44ad-84ed-a7d28d254249"},"type":"Compose","inputs":"@skip(variables('ItemsForRefreshArray'),variables('BatchCount'))"},"Select_TaskIds":{"runAfter":{"Reset_nb_of_items_to_be_refreshed":["Succeeded"]},"metadata":{"operationMetadataId":"e851f4e9-6cc0-469d-b1af-0ff936e37144"},"type":"Select","inputs":{"from":"@outputs('Take_subarray')","select":"@item()['TaskId']"}},"Select_WorkItemIds_from_Azure_DevOps":{"runAfter":{"Parse_Response":["Succeeded"]},"metadata":{"operationMetadataId":"1a6fe13d-90dd-4a76-b7fc-274872c9a07d"},"type":"Select","inputs":{"from":"@body('Parse_Response')?['workItems']","select":"@item()['id']"}},"Check_VSO_items_failed":{"runAfter":{"RequestID":["Succeeded"]},"metadata":{"operationMetadataId":"1f86987d-d02c-4ca9-9262-00e0dc57420f"},"type":"SetVariable","inputs":{"name":"RefreshErrorString","value":{"HttpStatus":"@{outputs('Check_WorkItemIds_in_Azure_DevOps')['statusCode']}","RequestId":"@{outputs('RequestID')}","DateTimeUTC":"@{utcNow()}","Tool":"3"}}},"RequestID":{"runAfter":{"Check_WorkItemIds_in_Azure_DevOps":["Failed","TimedOut"]},"metadata":{"operationMetadataId":"5f391155-8ef6-4d3a-ac12-0c32301071ba"},"type":"Compose","inputs":"@coalesce(outputs('Get_Project_From_Azure_DevOps')['headers']?['x-ms-request-id'],outputs('Get_Project_From_Azure_DevOps')['headers']?['x-TFS-ProcessID'],'00000000-0000-0000-0000-000000000000')"}},"runAfter":{},"expression":"@equals(variables('ArrayLength'), 0)","limit":{"count":20,"timeout":"PT1H"},"metadata":{"operationMetadataId":"e3a2b9d6-6828-48fe-954e-0849a451e485"},"type":"Until"}},"runAfter":{},"metadata":{"operationMetadataId":"b3aab51c-289f-4412-8d03-c4ac4f57440e"},"type":"Scope"}},"runAfter":{"Initialize_RefreshStatus":["Succeeded"]},"expression":{"and":[{"greater":["@variables('ArrayLength')",0]}]},"metadata":{"operationMetadataId":"041e988b-2a52-458e-a264-7e8a2bc9903f"},"type":"If"},"Initialize_RefreshStatus":{"runAfter":{"Initialize_total_count":["Succeeded"]},"metadata":{"operationMetadataId":"b4326480-076a-4b4c-af62-af2dd9a76cb9"},"type":"InitializeVariable","inputs":{"variables":[{"name":"RefreshStatus","type":"Integer","value":0}]}},"Initialize_RefreshError_code":{"runAfter":{"Get_Project_from_Azure_DevOps":["Failed","TimedOut"]},"metadata":{"operationMetadataId":"00cd7310-de7b-4fc3-91f9-c6d09ff8ad38"},"type":"InitializeVariable","inputs":{"variables":[{"name":"RefreshError","type":"Integer","value":10000}]}},"Update_PortfolioLink_in_case_of_failure":{"runAfter":{"set_refresh_error":["Succeeded"]},"metadata":{"flowSystemMetadata":{"swaggerOperationId":"UpdatePortfolioLink"},"operationMetadataId":"3cc93455-e99f-4e1a-9626-f79bf97df541"},"type":"ApiConnection","inputs":{"host":{"connection":{"name":"@parameters('$connections')['shared_projectroadmap']['connectionId']"},"api":{"runtimeUrl":"https://flow-apim-msmanaged-na-westus2-01.azure-apim.net/apim/projectroadmap"}},"method":"patch","body":{"refreshErrorCode":10000,"refreshError":"@{variables('RefreshErrorString')}","refreshEndDate":"@{utcNow()}","refreshStatus":3},"path":"/@{encodeURIComponent(encodeURIComponent(variables('OrgName')))}/api/v1/portfolios(@{encodeURIComponent(encodeURIComponent(variables('PortfolioId')))})/portfolioLink","authentication":"@parameters('$authentication')"}},"Initialize_variable":{"runAfter":{"Initialize_Azure_DevOps_Account":["Succeeded"]},"metadata":{"operationMetadataId":"a04c348a-e755-490f-a103-198d6183596d"},"type":"InitializeVariable","inputs":{"variables":[{"name":"RefreshErrorString","type":"Object","value":"@null"}]}},"set_refresh_error":{"runAfter":{"Read_PortfolioLink_":["Failed"]},"metadata":{"operationMetadataId":"34ddf389-053b-4b72-8c21-ef507bd38456"},"type":"SetVariable","inputs":{"name":"RefreshErrorString","value":{"HttpStatus":"@{outputs('Read_PortfolioLink_')['statusCode']}","RequestId":"@{outputs('Read_PortfolioLink_')['headers']?['client-request-id']}","DateTimeUTC":"@{utcNow()}","Tool":"2"}}},"Timeout_error":{"runAfter":{"Read_PortfolioLink_":["TimedOut"]},"metadata":{"operationMetadataId":"c68561c6-faf7-4bec-a66e-f34eb9a7c49d"},"type":"SetVariable","inputs":{"name":"RefreshErrorString","value":{"HttpStatus":"@{outputs('Read_PortfolioLink_')['statusCode']}","RequestId":"@{outputs('Read_PortfolioLink_')['headers']?['client-request-id']}","DateTimeUTC":"@{utcNow()}","Tool":"2"}}},"Update_PortfolioLink_in_case_of_timeout":{"runAfter":{"Timeout_error":["Succeeded"]},"metadata":{"flowSystemMetadata":{"swaggerOperationId":"UpdatePortfolioLink"},"operationMetadataId":"b168d54e-028d-430a-b618-5e1ea4eaf83e"},"type":"ApiConnection","inputs":{"host":{"connection":{"name":"@parameters('$connections')['shared_projectroadmap']['connectionId']"},"api":{"runtimeUrl":"https://flow-apim-msmanaged-na-westus2-01.azure-apim.net/apim/projectroadmap"}},"method":"patch","body":{"refreshErrorCode":3,"refreshError":"@{variables('RefreshErrorString')}","refreshEndDate":"@{utcNow()}","refreshStatus":3},"path":"/@{encodeURIComponent(encodeURIComponent(variables('OrgName')))}/api/v1/portfolios(@{encodeURIComponent(encodeURIComponent(variables('PortfolioId')))})/portfolioLink","authentication":"@parameters('$authentication')"}},"Terminate_because_of_timeout":{"runAfter":{"Update_PortfolioLink_in_case_of_timeout":["Succeeded"]},"metadata":{"operationMetadataId":"60a98fd0-9abc-48ac-8c5c-da9dc115b00d"},"type":"Terminate","inputs":{"runStatus":"Succeeded"}},"Update_PortfolioLink_2":{"runAfter":{"Set_error_for_timeout":["Succeeded"]},"metadata":{"flowSystemMetadata":{"swaggerOperationId":"UpdatePortfolioLink"},"operationMetadataId":"1558b8cc-52d8-44dc-b075-73798fa2817b"},"type":"ApiConnection","inputs":{"host":{"connection":{"name":"@parameters('$connections')['shared_projectroadmap']['connectionId']"},"api":{"runtimeUrl":"https://flow-apim-msmanaged-na-westus2-01.azure-apim.net/apim/projectroadmap"}},"method":"patch","body":{"portfolioItemId":"@body('Read_PortfolioLink_')?['portfolioItemId']","refreshErrorCode":3,"refreshError":"@{variables('RefreshErrorString')}","refreshEndDate":"@{utcNow()}","refreshStatus":3},"path":"/@{encodeURIComponent(encodeURIComponent(variables('OrgName')))}/api/v1/portfolios(@{encodeURIComponent(encodeURIComponent(variables('PortfolioId')))})/portfolioLink","authentication":"@parameters('$authentication')"}},"Set_error_string":{"runAfter":{"Initialize_RefreshError_code":["Succeeded"]},"metadata":{"operationMetadataId":"e027b988-ceeb-4364-877a-707d20b468dd"},"type":"SetVariable","inputs":{"name":"RefreshErrorString","value":{"HttpStatus":"@{outputs('Get_Project_from_Azure_DevOps')['statusCode']}","RequestId":"@{coalesce(outputs('Get_Project_From_Azure_DevOps')['body']?['clientRequestId'],outputs('Get_Project_From_Azure_DevOps')['headers']?['x-TFS-ProcessID'],'00000000-0000-0000-0000-000000000000')}","DateTimeUTC":"@{utcNow()}","Tool":"3"}}},"Set_error_for_timeout":{"runAfter":{"Get_Project_from_Azure_DevOps":["TimedOut"]},"metadata":{"operationMetadataId":"e3eda44b-15c4-4937-8d45-0ff4c18b1178"},"type":"SetVariable","inputs":{"name":"RefreshErrorString","value":{"HttpStatus":"@{outputs('Get_Project_from_Azure_DevOps')['statusCode']}","RequestId":"@{coalesce(outputs('Get_Project_From_Azure_DevOps')['body']?['clientRequestId'],outputs('Get_Project_From_Azure_DevOps')['headers']?['x-TFS-ProcessID'],'00000000-0000-0000-0000-000000000000')}","DateTimeUTC":"@{utcNow()}","Tool":"3"}}},"Read_items_failure":{"runAfter":{"Read_RoadmapItemLinks_for_a_Portfolio":["Failed"]},"metadata":{"operationMetadataId":"5d1eef22-5bfe-4724-85f3-44871c7864b3"},"type":"SetVariable","inputs":{"name":"RefreshErrorString","value":{"HttpStatus":"@{outputs('Read_RoadmapItemLinks_for_a_Portfolio')['statusCode']}","RequestId":"@{outputs('Read_RoadmapItemLinks_for_a_Portfolio')['headers']?['client-request-id']}","DateTimeUTC":"@{utcNow()}","Tool":"2"}}},"Update_PortfolioLink_-_read_items_failed":{"runAfter":{"Read_items_failure":["Succeeded"]},"metadata":{"flowSystemMetadata":{"swaggerOperationId":"UpdatePortfolioLink"},"operationMetadataId":"4e821f8e-6159-48cc-b0dc-28e3c4897c79"},"type":"ApiConnection","inputs":{"host":{"connection":{"name":"@parameters('$connections')['shared_projectroadmap']['connectionId']"},"api":{"runtimeUrl":"https://flow-apim-msmanaged-na-westus2-01.azure-apim.net/apim/projectroadmap"}},"method":"patch","body":{"portfolioItemId":"@body('Read_PortfolioLink_')?['portfolioItemId']","refreshErrorCode":10000,"refreshError":"@{variables('RefreshErrorString')}","refreshEndDate":"@{utcNow()}","refreshStatus":3},"path":"/@{encodeURIComponent(encodeURIComponent(variables('OrgName')))}/api/v1/portfolios(@{encodeURIComponent(encodeURIComponent(variables('PortfolioId')))})/portfolioLink","authentication":"@parameters('$authentication')"}},"Update_PortfolioLink_-_read_items_timeout":{"runAfter":{"Read_items_timeout":["Succeeded"]},"metadata":{"flowSystemMetadata":{"swaggerOperationId":"UpdatePortfolioLink"},"operationMetadataId":"64efd913-38fc-4ad7-85dd-7ac46798a361"},"type":"ApiConnection","inputs":{"host":{"connection":{"name":"@parameters('$connections')['shared_projectroadmap']['connectionId']"},"api":{"runtimeUrl":"https://flow-apim-msmanaged-na-westus2-01.azure-apim.net/apim/projectroadmap"}},"method":"patch","body":{"portfolioItemId":"@body('Read_PortfolioLink_')?['portfolioItemId']","refreshErrorCode":3,"refreshError":"@{variables('RefreshErrorString')}","refreshEndDate":"@{utcNow()}","refreshStatus":3},"path":"/@{encodeURIComponent(encodeURIComponent(variables('OrgName')))}/api/v1/portfolios(@{encodeURIComponent(encodeURIComponent(variables('PortfolioId')))})/portfolioLink","authentication":"@parameters('$authentication')"}},"Terminate_3":{"runAfter":{"Update_PortfolioLink_-_read_items_timeout":["Succeeded"]},"metadata":{"operationMetadataId":"3cb5c717-56fa-4054-bafd-27fadf4fd0fe"},"type":"Terminate","inputs":{"runStatus":"Succeeded"}},"Read_items_timeout":{"runAfter":{"Read_RoadmapItemLinks_for_a_Portfolio":["TimedOut"]},"metadata":{"operationMetadataId":"61fa4a77-7f79-49c5-b5d3-328ccc87b69c"},"type":"SetVariable","inputs":{"name":"RefreshErrorString","value":{"HttpStatus":"@{outputs('Read_RoadmapItemLinks_for_a_Portfolio')['statusCode']}","RequestId":"@{outputs('Read_RoadmapItemLinks_for_a_Portfolio')['headers']?['client-request-id']}","DateTimeUTC":"@{utcNow()}","Tool":"2"}}},"Refresh_time_out":{"runAfter":{"Any_items":["TimedOut"]},"metadata":{"flowSystemMetadata":{"swaggerOperationId":"UpdatePortfolioLink"},"operationMetadataId":"50d10459-dfaa-4930-bddd-4d54e335e205"},"type":"ApiConnection","inputs":{"host":{"connection":{"name":"@parameters('$connections')['shared_projectroadmap']['connectionId']"},"api":{"runtimeUrl":"https://flow-apim-msmanaged-na-westus2-01.azure-apim.net/apim/projectroadmap"}},"method":"patch","body":{"refreshErrorCode":3,"refreshError":"@{variables('RefreshErrorString')}","refreshEndDate":"@{utcNow()}","refreshStatus":3},"path":"/@{encodeURIComponent(encodeURIComponent(variables('OrgName')))}/api/v1/portfolios(@{encodeURIComponent(encodeURIComponent(variables('PortfolioId')))})/portfolioLink","authentication":"@parameters('$authentication')"}},"Terminate-_ADO_timeout":{"runAfter":{"Update_PortfolioLink_2":["Succeeded"]},"metadata":{"operationMetadataId":"8f84c430-2664-4111-9682-8aaeb233f737"},"type":"Terminate","inputs":{"runStatus":"Succeeded"}},"Terminate_refresh_timeout":{"runAfter":{"Refresh_time_out":["Succeeded"]},"metadata":{"operationMetadataId":"f512dca8-9920-4f63-a962-82d1a2e1ce7b"},"type":"Terminate","inputs":{"runStatus":"Succeeded"}}},"outputs":{},"description":"This template is used to keep your Project Roadmap up to date with the latest information from Azure Boards"},"connectionReferences":{"shared_visualstudioteamservices":{"connectionName":"shared-visualstudiot-98661047-77f8-4b61-9794-a5bd0b76ca27","source":"Embedded","id":"/providers/Microsoft.PowerApps/apis/shared_visualstudioteamservices","tier":"NotSpecified"},"shared_projectroadmap":{"connectionName":"shared-projectroadma-b54101e3-6c8a-4e2c-84b5-a7a25437874e","source":"Embedded","id":"/providers/Microsoft.PowerApps/apis/shared_projectroadmap","tier":"NotSpecified"}},"flowFailureAlertSubscribed":false,"isManaged":false}}