{"schemaVersion":"1.0","appDefinitionTemplate":{"id":"/providers/Microsoft.PowerApps/apps/","type":"Microsoft.PowerApps/apps","tags":{"primaryDeviceWidth":"1366","primaryDeviceHeight":"768","sienaVersion":"20220512T045923Z-3.22051.28.0","deviceCapabilities":"","supportsPortrait":"false","supportsLandscape":"true","primaryFormFactor":"Tablet","publisherVersion":"3.22044.32","minimumRequiredApiVersion":"2.2.0","hasComponent":"true","hasUnlockedComponent":"true","isUnifiedRootApp":"false"},"properties":{"appVersion":"2022-05-12T04:59:23Z","lifeCycleId":"Published","createdByClientVersion":{"major":3,"minor":22044,"build":32,"revision":0,"majorRevision":0,"minorRevision":0},"minClientVersion":{"major":3,"minor":22044,"build":32,"revision":0,"majorRevision":0,"minorRevision":0},"backgroundColor":"rgba(76, 74, 72, 1)","backgroundImageUri":"/7334527731344487985/Nd45f2848-cb6a-4ab6-af53-a1872d0bf97b-logoSmallFile","displayName":"AmSpec Brasil Certificados","description":"","commitMessage":"","appUris":{"documentUri":{"value":"/7334527731344487985/Nea26696d-93b9-4acd-8702-098caa573607-document.msapp"},"imageUris":[]},"createdTime":"0001-01-01T00:00:00Z","lastModifiedTime":"0001-01-01T00:00:00Z","sharedGroupsCount":0,"sharedUsersCount":0,"icons":{"smallIconUri":"/7334527731344487985/Nbb574f26-0ec9-47cd-a32c-1c0660b81e70-small.png","mediumIconUri":"/7334527731344487985/Nf4e4e008-941e-4c9d-9175-2d33d39007c1-medium.png","largeIconUri":"/7334527731344487985/N152ee9d1-43df-43b0-a323-26d919c59c36-large.png","wideIconUri":"/7334527731344487985/Ncc26a919-675e-4dd8-bb63-a67861a2d744-wide.png"},"connectionReferences":{"1105df48-ef41-41a1-8458-2646f93ea7c0":{"id":"11a93981-676c-4606-a07f-edd11d7114a2","displayName":"SharePoint","iconUri":"https://connectoricons-prod.azureedge.net/releases/v1.0.1568/1.0.1568.2757/sharepointonline/icon.png","dataSources":["Controle de Certificados"],"dependencies":[],"dependents":[],"parameterHints":{},"parameterHintsV2":{},"isOnPremiseConnection":false,"bypassConsent":false,"dataSets":{"https://amspecllc.sharepoint.com/sites/AgriBrasil":{"dataSources":{"Controle de Certificados":{"tableName":"3852bf95-0328-4fee-9e2a-f50cab0a08fe"}}}},"apiTier":"Standard","isCustomApiConnection":false,"actions":["providers/PowerPlatform.Governance/Operations/Read","providers/PowerPlatform.Governance/Operations/Write"]},"ee2ae94d-60d5-475c-a955-47728dfbbf49":{"id":"e47aecad-ddea-46df-a631-3b9fab904fb6","displayName":"Power Apps para Fabricantes","iconUri":"https://connectoricons-prod.azureedge.net/releases/v1.0.1551/1.0.1551.2693/powerappsforappmakers/icon.png","dataSources":["PowerAppsparaFabricantes"],"dependencies":[],"dependents":[],"parameterHints":{},"parameterHintsV2":{},"isOnPremiseConnection":false,"bypassConsent":false,"dataSets":{},"apiTier":"Standard","isCustomApiConnection":false,"actions":["Get-App"]}},"databaseReferences":{},"almMode":"Environment","performanceOptimizationEnabled":true,"canConsumeAppPass":true,"executionRestrictions":{"isTeamsOnly":false,"dataLossPreventionEvaluationResult":{"status":"Compliant","lastEvaluationDate":"2021-01-23T22:38:40.2637854Z","violationDetails":[]}}},"appType":"ClassicCanvasApp","appComponents":[]}}