{"schemaVersion":"1.0","appDefinitionTemplate":{"id":"/providers/Microsoft.PowerApps/apps/","type":"Microsoft.PowerApps/apps","tags":{"primaryDeviceWidth":"640","primaryDeviceHeight":"1136","sienaVersion":"20181216T170755Z-3.18114.25.0","deviceCapabilities":"","supportsPortrait":"true","supportsLandscape":"false","primaryFormFactor":"Phone","publisherVersion":"3.18114.25","minimumRequiredApiVersion":"2.2.0"},"properties":{"appVersion":"2018-12-16T17:07:55Z","lifeCycleId":"Published","createdByClientVersion":{"major":3,"minor":18114,"build":25,"revision":0,"majorRevision":0,"minorRevision":0},"minClientVersion":{"major":3,"minor":18114,"build":25,"revision":0,"majorRevision":0,"minorRevision":0},"backgroundColor":"rgba(165, 34, 55, 1)","backgroundImageUri":"/12101654448945075807/N2d69758d-389f-4c6b-8c4b-998ebadad31d-logoSmallFile","displayName":"INTERPOLATOR","description":"","appUris":{"documentUri":{"value":"/12101654448945075807/N4275ba38-adc8-425f-8029-9804a02cbd05-document.msapp"},"imageUris":[]},"createdTime":"0001-01-01T00:00:00Z","lastModifiedTime":"0001-01-01T00:00:00Z","sharedGroupsCount":0,"sharedUsersCount":0,"icons":{"smallIconUri":"/12101654448945075807/N5708aed0-c2fe-4589-bc48-7f8944b050bc-small.png","mediumIconUri":"/12101654448945075807/N284102ea-e199-4be3-acf1-ac4fdb1a6b63-medium.png","largeIconUri":"/12101654448945075807/N0773e618-f154-43f4-be16-ed3b0a77751c-large.png","wideIconUri":"/12101654448945075807/N0840b8e6-c3ad-4b47-94e6-2de913e0ae17-wide.png"},"connectionReferences":{},"databaseReferences":{},"almMode":"Environment","performanceOptimizationEnabled":true,"executionRestrictions":{"isTeamsOnly":false,"dataLossPreventionEvaluationResult":{"status":"Compliant","lastEvaluationDate":"2020-10-27T21:31:46.0877608Z","violationDetails":[]}}},"appType":"ClassicCanvasApp","appComponents":[]}}