{"schemaVersion":"1.0","appDefinitionTemplate":{"id":"/providers/Microsoft.PowerApps/apps/","type":"Microsoft.PowerApps/apps","tags":{"sp-site-id":"https://amspecllc.sharepoint.com/sites/LaboratoryEquipmentInventory","sp-list-id":"46268274-22be-4a8c-b5db-b02ffb900796","https://amspecllc.sharepoint.com/sites/LaboratoryEquipmentInventory":"46268274-22be-4a8c-b5db-b02ffb900796","primaryDeviceWidth":"640","primaryDeviceHeight":"1136","sienaVersion":"20210324T111159Z-3.21032.45.0","deviceCapabilities":"","supportsPortrait":"true","supportsLandscape":"false","primaryFormFactor":"Phone","publisherVersion":"3.21032.45","minimumRequiredApiVersion":"2.2.0","hasComponent":"false","hasUnlockedComponent":"false","isUnifiedRootApp":"false"},"properties":{"appVersion":"2021-03-24T11:11:59Z","lifeCycleId":"Published","createdByClientVersion":{"major":3,"minor":21032,"build":45,"revision":0,"majorRevision":0,"minorRevision":0},"minClientVersion":{"major":3,"minor":21032,"build":45,"revision":0,"majorRevision":0,"minorRevision":0},"backgroundColor":"rgba(0, 176, 240, 1)","backgroundImageUri":"/10316076370173969005/N0f0981a4-b26f-4e16-9ed6-295911343467-logoSmallFile","displayName":"Laboratory Equipment Management1","description":"","commitMessage":"","appUris":{"documentUri":{"value":"/10316076370173969005/N156c233b-90dc-45bb-9787-dbf0f76d5809-document.msapp"},"imageUris":[]},"createdTime":"0001-01-01T00:00:00Z","lastModifiedTime":"0001-01-01T00:00:00Z","sharedGroupsCount":0,"sharedUsersCount":0,"icons":{"smallIconUri":"/10316076370173969005/N5848e6de-6a0c-4221-9a30-5cf304d6123d-small.png","mediumIconUri":"/10316076370173969005/Ndb5149ff-3ace-4b0b-86d1-b4f2e824971b-medium.png","largeIconUri":"/10316076370173969005/Nf3181849-27b4-490f-a50a-c5494112c7e7-large.png","wideIconUri":"/10316076370173969005/N4f928597-2468-40b1-8c9b-69b3c7b489e8-wide.png"},"connectionReferences":{"52b7e1c6-5c8d-481c-91d4-b4bc56c89e1f":{"id":"11a93981-676c-4606-a07f-edd11d7114a2","displayName":"SharePoint","iconUri":"https://connectoricons-prod.azureedge.net/releases/v1.0.1451/1.0.1451.2361/sharepointonline/icon.png","dataSources":["Lab Equipment Inventory"],"dependencies":[],"dependents":[],"parameterHints":{},"isOnPremiseConnection":false,"dataSets":{"https://amspecllc.sharepoint.com/sites/LaboratoryEquipmentInventory":{"dataSources":{"Lab Equipment Inventory":{"tableName":"46268274-22be-4a8c-b5db-b02ffb900796"}}}},"apiTier":"Standard","isCustomApiConnection":false}},"databaseReferences":{},"almMode":"Environment","performanceOptimizationEnabled":true,"canConsumeAppPass":true,"executionRestrictions":{"isTeamsOnly":false,"dataLossPreventionEvaluationResult":{"status":"Compliant","lastEvaluationDate":"2021-03-24T11:12:09.987785Z","violationDetails":[]}}},"isAppComponentLibrary":false,"appType":"ClassicCanvasApp","appComponents":[]}}