{"schemaVersion":"1.0","appDefinitionTemplate":{"id":"/providers/Microsoft.PowerApps/apps/","type":"Microsoft.PowerApps/apps","tags":{"primaryDeviceWidth":"500","primaryDeviceHeight":"700","sienaVersion":"20210824T052544Z-3.21081.49.0","deviceCapabilities":"","supportsPortrait":"true","supportsLandscape":"false","primaryFormFactor":"Web","publisherVersion":"3.21081.49","minimumRequiredApiVersion":"2.2.0","hasComponent":"false","hasUnlockedComponent":"false","isUnifiedRootApp":"false"},"properties":{"appVersion":"2021-08-24T05:25:44Z","lifeCycleId":"Published","createdByClientVersion":{"major":3,"minor":21081,"build":49,"revision":0,"majorRevision":0,"minorRevision":0},"minClientVersion":{"major":3,"minor":21081,"build":49,"revision":0,"majorRevision":0,"minorRevision":0},"backgroundColor":"rgba(0, 176, 240, 1)","backgroundImageUri":"/7597555722700532784/N3958093e-cb59-4028-b40f-f8fc2182f09c-logoSmallFile","displayName":"App Manager on E-Doc","description":"","commitMessage":"","appUris":{"documentUri":{"value":"/7597555722700532784/Nc3d87c3a-8f7b-4693-bac6-4a7f69e0e073-document.msapp"},"imageUris":[]},"createdTime":"0001-01-01T00:00:00Z","lastModifiedTime":"0001-01-01T00:00:00Z","sharedGroupsCount":0,"sharedUsersCount":0,"icons":{"smallIconUri":"/7597555722700532784/Necd08d54-f708-42be-965b-09e86004fe1f-small.png","mediumIconUri":"/7597555722700532784/N181a2ed2-5fb5-459f-90f0-d365a23b84b5-medium.png","largeIconUri":"/7597555722700532784/N65c99812-b43c-4037-ba21-20aa921c350c-large.png","wideIconUri":"/7597555722700532784/Nab2b3f3f-1847-4643-a63f-21e1044938a7-wide.png"},"connectionReferences":{"88895938-7ed3-4fa7-bfa4-98a5d068eaa0":{"id":"11a93981-676c-4606-a07f-edd11d7114a2","displayName":"SharePoint","iconUri":"https://connectoricons-prod.azureedge.net/releases/v1.0.1505/1.0.1505.2520/sharepointonline/icon.png","dataSources":["App Manager"],"dependencies":[],"dependents":[],"parameterHints":{},"parameterHintsV2":{},"isOnPremiseConnection":false,"bypassConsent":true,"dataSets":{"https://amspecllc.sharepoint.com/sites/EDocDev4":{"dataSources":{"App Manager":{"tableName":"374b13bc-0530-4b20-9ad7-289e650fff3e"}}}},"apiTier":"Standard","isCustomApiConnection":false,"actions":["providers/PowerPlatform.Governance/Operations/Read","providers/PowerPlatform.Governance/Operations/Write"]}},"databaseReferences":{},"embeddedApp":{"siteId":"https://amspecllc.sharepoint.com/sites/EDocDev4","listId":"374B13BC-0530-4B20-9AD7-289E650FFF3E","listUrl":"https://amspecllc.sharepoint.com/sites/EDocDev4/Lists/kcsAppManager/AllItems.aspx","type":"SharepointFormApp","screenWidth":500,"screenHeight":700},"almMode":"Environment","performanceOptimizationEnabled":true,"canConsumeAppPass":true,"executionRestrictions":{"isTeamsOnly":false,"dataLossPreventionEvaluationResult":{"status":"Compliant","lastEvaluationDate":"2021-06-11T04:09:27.9305015Z","violations":[],"violationsByPolicy":[],"violationErrorMessage":"The app uses the following connectors: shared_sharepointonline."}}},"appType":"ClassicCanvasApp","appComponents":[]}}