{"name":"13868123-9e3b-4fe0-b8a2-215244620534","id":"/providers/Microsoft.Flow/flows/13868123-9e3b-4fe0-b8a2-215244620534","type":"Microsoft.Flow/flows","properties":{"apiId":"/providers/Microsoft.PowerApps/apis/shared_logicflows","displayName":"New Employee Document is added","definition":{"metadata":{"workflowEntityId":null,"processAdvisorMetadata":null,"flowclientsuspensionreason":"None","flowclientsuspensiontime":null,"creator":{"id":"92b54cd9-a569-4d92-bca0-4f330d1ea600","type":"User","tenantId":"fddf0fb0-6be4-4e34-ace1-e795bc64c91f"},"provisioningMethod":"FromDefinition","failureAlertSubscription":true,"clientLastModifiedTime":"2022-05-08T10:15:30.7981841Z"},"$schema":"https://schema.management.azure.com/providers/Microsoft.Logic/schemas/2016-06-01/workflowdefinition.json#","contentVersion":"1.0.0.0","parameters":{"$connections":{"defaultValue":{},"type":"Object"},"$authentication":{"defaultValue":{},"type":"SecureObject"},"sharepoint.site":{"defaultValue":"","type":"String"},"sharepoint.list":{"defaultValue":"","type":"String"}},"triggers":{"When_a_new_item_is_created":{"recurrence":{"frequency":"Minute","interval":5},"splitOn":"@triggerBody()?.value","metadata":{"flowSystemMetadata":{"swaggerOperationId":"GetOnNewItems"},"operationMetadataId":"aafcc1be-e70d-4b72-8e5d-21c15290f087"},"type":"ApiConnection","inputs":{"host":{"connection":{"name":"@parameters('$connections')['shared_sharepointonline']['connectionId']"},"api":{"runtimeUrl":"https://flow-apim-msmanaged-na-westus-01.azure-apim.net/apim/sharepointonline"}},"method":"get","path":"/datasets/@{encodeURIComponent(encodeURIComponent('https://amspecllc.sharepoint.com/sites/AmSpecDirectory'))}/tables/@{encodeURIComponent(encodeURIComponent('employee_documents'))}/onnewitems","authentication":"@parameters('$authentication')"},"conditions":[]}},"actions":{"Send_Email":{"runAfter":{"Get_item_DocIssuer":["Succeeded"]},"metadata":{"flowSystemMetadata":{"swaggerOperationId":"SendEmailV2"},"operationMetadataId":"31cad0ed-3697-4d81-8282-80fb18d9f365"},"type":"ApiConnection","inputs":{"host":{"connection":{"name":"@parameters('$connections')['shared_office365']['connectionId']"},"api":{"runtimeUrl":"https://flow-apim-msmanaged-na-centralus-01.azure-apim.net/apim/office365"}},"method":"post","body":{"To":"Amr.Guenena@amspecgroup.com","Subject":"New Employee document is added","Body":"Hi  Team,  <BR>\n\nA new employee document was added by @{triggerBody()?['Author']?['DisplayName']} <BR><BR>\n\n<u><b>Employee Details:</b></u> <BR>\nName : @{body('Get_item_employee')?['Full_x0020_Name']} <BR>\nCountry: @{body('Get_item_employee')?['Country']?['Value']} <BR>\nLocation: @{body('Get_item_employee')?['Location']?['Value']} <BR><BR>\n\n<u><b>Document Details:</b></u><BR>\nDocument Category:   @{body('Get_item_Doc_Category')['documentCategory']}<BR>\nDocument Name :  @{body('Get_item_Document')['documentName']}<BR>\nIssued By:   @{body('Get_item_DocIssuer')['documentIssuer']} <BR>\n\nDate Issued:@{triggerBody()?['dateIssued']} <BR>\nDate Expires: @{triggerBody()?['dateExpires']}<BR><BR>\n\nDocument Link: <BR>\n @{triggerBody()?['{Link}']}<BR>\n\n","From":"notification@amspecgroup.net","Cc":"Amr.Guenena@amspecgroup.com"},"path":"/v2/Mail","authentication":"@parameters('$authentication')"}},"Condition_2":{"actions":{"Start_and_wait_for_an_approval":{"runAfter":{},"metadata":{"flowSystemMetadata":{"swaggerOperationId":"StartAndWaitForAnApproval"},"operationMetadataId":"61697d96-c1b9-426d-9a65-155f89f4c1e7"},"type":"ApiConnectionWebhook","inputs":{"host":{"connection":{"name":"@parameters('$connections')['shared_approvals']['connectionId']"},"api":{"runtimeUrl":"https://flow-apim-msmanaged-na-northcentralus-01.azure-apim.net/apim/approvals"}},"body":{"notificationUrl":"@{listCallbackUrl()}","title":"Employee Docuemnt Approval request","assignedTo":"Amr.Guenena@amspecgroup.com;","details":"\nName : @{body('Get_item_employee')?['Full_x0020_Name']} \nCountry: @{body('Get_item_employee')?['Country']?['Value']} \nLocation: @{body('Get_item_employee')?['Location']?['Value']} \n\nCertifying body: @{triggerBody()?['certifyingBody0']?['Value']} \nCertificate: @{triggerBody()?['certificate_Category0']?['Value']} \nDate Certified: @{triggerBody()?['Date_x0020_Certified']} \nDate Expires: @{triggerBody()?['Date_x0020_Expires']} \n\nCertificate link:\n@{triggerBody()?['{Link}']}","itemLink":"@triggerBody()?['{Link}']","enableNotifications":true,"enableReassignment":true},"path":"/types/@{encodeURIComponent('Basic')}/subscriptions","authentication":"@parameters('$authentication')"}},"Apply_to_each":{"foreach":"@body('Start_and_wait_for_an_approval')?['responses']","actions":{"Condition":{"actions":{"Update_item":{"runAfter":{"Send_an_email_(V2)":["Succeeded"]},"metadata":{"flowSystemMetadata":{"swaggerOperationId":"PatchItem"},"operationMetadataId":"f1414f7d-722e-4936-a262-26250e0330da"},"type":"ApiConnection","inputs":{"host":{"connection":{"name":"@parameters('$connections')['shared_sharepointonline']['connectionId']"},"api":{"runtimeUrl":"https://flow-apim-msmanaged-na-westus-01.azure-apim.net/apim/sharepointonline"}},"method":"patch","body":{"Date_x0020_Certified":"@triggerBody()?['Date_x0020_Certified']","approved_YN":true,"approved_by":"@items('Apply_to_each')?['responder']?['email']","ApprovedOn":"@{utcNow()}"},"path":"/datasets/@{encodeURIComponent(encodeURIComponent('https://amspecllc.sharepoint.com/sites/AmSpecDirectory'))}/tables/@{encodeURIComponent(encodeURIComponent('employee_certificates'))}/items/@{encodeURIComponent(triggerBody()?['ID'])}","authentication":"@parameters('$authentication')"}},"Get_Shipper_Details":{"runAfter":{},"metadata":{"flowSystemMetadata":{"swaggerOperationId":"GetItem"},"operationMetadataId":"779b6467-5924-491f-9a18-1b4ebf899db6"},"type":"ApiConnection","inputs":{"host":{"connection":{"name":"@parameters('$connections')['shared_sharepointonline']['connectionId']"},"api":{"runtimeUrl":"https://flow-apim-msmanaged-na-westus-01.azure-apim.net/apim/sharepointonline"}},"method":"get","path":"/datasets/@{encodeURIComponent(encodeURIComponent('https://amspecllc.sharepoint.com/sites/AmSpecDirectory'))}/tables/@{encodeURIComponent(encodeURIComponent('9e5d8603-273d-4a79-b02a-1a8e946557f3'))}/items/@{encodeURIComponent(triggerBody()?['Employee']?['Id'])}","authentication":"@parameters('$authentication')"}},"Send_an_email_(V2)":{"runAfter":{"Get_Manager_Details":["Succeeded"]},"metadata":{"flowSystemMetadata":{"swaggerOperationId":"SendEmailV2"},"operationMetadataId":"86ee8078-bbb8-4519-8ebb-6f2ee8857365"},"type":"ApiConnection","inputs":{"host":{"connection":{"name":"@parameters('$connections')['shared_office365']['connectionId']"},"api":{"runtimeUrl":"https://flow-apim-msmanaged-na-centralus-01.azure-apim.net/apim/office365"}},"method":"post","body":{"To":"@body('Get_Shipper_Details')['Work_x0020_Email']","Subject":"Your IFIA Certificate has been approved.","Body":"<p>Hi @{body('Get_Shipper_Details')?['Full_x0020_Name']},<br>\n<br>\nYour IFIA Certificate has been upoloaded by<br>\n@{triggerBody()?['Author']?['DisplayName']}<br>\n<br>\nAnd approved by<br>\n@{items('Apply_to_each')?['responder']?['displayName']}<br>\n<br>\nApprover comments: @{items('Apply_to_each')?['comments']}<br>\n<br>\nCertificate Details<br>\nName : @{body('Get_item_employee')?['Full_x0020_Name']} <br>\nCertifying body: @{triggerBody()?['certifyingBody0']?['Value']}<br>\nCertificate: @{triggerBody()?['certificate_Category0']?['Value']}<br>\nDate Certified: @{triggerBody()?['Date_x0020_Certified']}<br>\nDate Expires: @{triggerBody()?['Date_x0020_Expires']}<br>\n<br>\n<br>\nThank you for the update.<br>\nIFIA Team</p>","From":"notification@amspecgroup.net","Cc":"@{body('Get_Manager_Details')['Work_x0020_Email']}; amr.guenena@amspecgroup.com;@{triggerBody()?['Author']?['Email']}"},"path":"/v2/Mail","authentication":"@parameters('$authentication')"}},"Get_Manager_Details":{"runAfter":{"Get_Shipper_Details":["Succeeded"]},"metadata":{"flowSystemMetadata":{"swaggerOperationId":"GetItem"},"operationMetadataId":"36710da2-ccb0-48e2-969e-4c9d65a8d05a"},"type":"ApiConnection","inputs":{"host":{"connection":{"name":"@parameters('$connections')['shared_sharepointonline']['connectionId']"},"api":{"runtimeUrl":"https://flow-apim-msmanaged-na-westus-01.azure-apim.net/apim/sharepointonline"}},"method":"get","path":"/datasets/@{encodeURIComponent(encodeURIComponent('https://amspecllc.sharepoint.com/sites/AmSpecDirectory'))}/tables/@{encodeURIComponent(encodeURIComponent('9e5d8603-273d-4a79-b02a-1a8e946557f3'))}/items/@{encodeURIComponent(body('Get_Shipper_Details')?['Manager']?['Id'])}","authentication":"@parameters('$authentication')"}}},"runAfter":{},"else":{"actions":{"Send_an_email_(V2)_2":{"runAfter":{},"metadata":{"flowSystemMetadata":{"swaggerOperationId":"SendEmailV2"},"operationMetadataId":"fb3fa073-dfdb-4fe6-a2e7-c693187a0383"},"type":"ApiConnection","inputs":{"host":{"connection":{"name":"@parameters('$connections')['shared_office365']['connectionId']"},"api":{"runtimeUrl":"https://flow-apim-msmanaged-na-centralus-01.azure-apim.net/apim/office365"}},"method":"post","body":{"To":"Amr.Guenena@amspecgroup.com","Subject":"Sorry - Your DG shipper certificate approval request was not approved  ","Body":"<p>Your DG Shipper Certificate has been reviewed by<br>\n@{items('Apply_to_each')?['responder']?['displayName']}<br>\n<br>\n@{items('Apply_to_each')?['comments']}&nbsp;</p>"},"path":"/v2/Mail","authentication":"@parameters('$authentication')"}},"Update_item_2":{"runAfter":{"Send_an_email_(V2)_2":["Succeeded"]},"metadata":{"flowSystemMetadata":{"swaggerOperationId":"PatchItem"},"operationMetadataId":"ec09322b-0f68-487a-b40b-43316174635b"},"type":"ApiConnection","inputs":{"host":{"connection":{"name":"@parameters('$connections')['shared_sharepointonline']['connectionId']"},"api":{"runtimeUrl":"https://flow-apim-msmanaged-na-westus-01.azure-apim.net/apim/sharepointonline"}},"method":"patch","body":{"Date_x0020_Certified":"@triggerBody()?['Date_x0020_Certified']","approved_YN":false,"approved_by":"@items('Apply_to_each')?['responder']?['email']","ApprovedOn":"@{utcNow()}"},"path":"/datasets/@{encodeURIComponent(encodeURIComponent('https://amspecllc.sharepoint.com/sites/AmSpecDirectory'))}/tables/@{encodeURIComponent(encodeURIComponent('employee_certificates'))}/items/@{encodeURIComponent(triggerBody()?['ID'])}","authentication":"@parameters('$authentication')"}}}},"expression":{"equals":["@items('Apply_to_each')?['approverResponse']","Approve"]},"metadata":{"operationMetadataId":"e65fe2f6-5b4c-4242-9a14-ecc53d1172cd"},"type":"If"}},"runAfter":{"Start_and_wait_for_an_approval":["Succeeded"]},"metadata":{"operationMetadataId":"d8e5c384-c8d6-495c-9ae9-74b0973c0c6e"},"type":"Foreach"}},"runAfter":{"Send_Email":["Succeeded"]},"expression":{"equals":["@triggerBody()?['documentId']",0]},"metadata":{"operationMetadataId":"12ad840f-3845-43e3-82a7-0fa22198c5b0"},"type":"If"},"Get_item_employee":{"runAfter":{},"metadata":{"operationMetadataId":"43c9ccf2-5b4f-4d8f-a2d9-86bff230449e","flowSystemMetadata":{"swaggerOperationId":"GetItem"}},"type":"ApiConnection","inputs":{"host":{"connection":{"name":"@parameters('$connections')['shared_sharepointonline']['connectionId']"},"api":{"runtimeUrl":"https://flow-apim-msmanaged-na-westus-01.azure-apim.net/apim/sharepointonline"}},"method":"get","path":"/datasets/@{encodeURIComponent(encodeURIComponent('https://amspecllc.sharepoint.com/sites/AmSpecDirectory'))}/tables/@{encodeURIComponent(encodeURIComponent('employees'))}/items/@{encodeURIComponent(triggerBody()?['employeeId'])}","authentication":"@parameters('$authentication')"}},"Get_item_Doc_Category":{"runAfter":{"Get_item_employee":["Succeeded"]},"metadata":{"operationMetadataId":"dcc6e7d3-ae7f-4ba6-a7ee-302a4f4967a2","flowSystemMetadata":{"swaggerOperationId":"GetItem"}},"type":"ApiConnection","inputs":{"host":{"connection":{"name":"@parameters('$connections')['shared_sharepointonline']['connectionId']"},"api":{"runtimeUrl":"https://flow-apim-msmanaged-na-westus-01.azure-apim.net/apim/sharepointonline"}},"method":"get","path":"/datasets/@{encodeURIComponent(encodeURIComponent('https://amspecllc.sharepoint.com/sites/AmSpecDirectory'))}/tables/@{encodeURIComponent(encodeURIComponent('inf_document_categories'))}/items/@{encodeURIComponent(triggerBody()?['docCategoryId'])}","authentication":"@parameters('$authentication')"}},"Get_item_Document":{"runAfter":{"Get_item_Doc_Category":["Succeeded"]},"metadata":{"operationMetadataId":"01a2b356-5ffd-47c8-988d-cc0d6f0f4404","flowSystemMetadata":{"swaggerOperationId":"GetItem"}},"type":"ApiConnection","inputs":{"host":{"connection":{"name":"@parameters('$connections')['shared_sharepointonline']['connectionId']"},"api":{"runtimeUrl":"https://flow-apim-msmanaged-na-westus-01.azure-apim.net/apim/sharepointonline"}},"method":"get","path":"/datasets/@{encodeURIComponent(encodeURIComponent('https://amspecllc.sharepoint.com/sites/AmSpecDirectory'))}/tables/@{encodeURIComponent(encodeURIComponent('inf_documents'))}/items/@{encodeURIComponent(triggerBody()?['documentId'])}","authentication":"@parameters('$authentication')"}},"Get_item_DocIssuer":{"runAfter":{"Get_item_Document":["Succeeded"]},"metadata":{"operationMetadataId":"e4faf931-52c2-4095-a2d0-b51f49a101f1","flowSystemMetadata":{"swaggerOperationId":"GetItem"}},"type":"ApiConnection","inputs":{"host":{"connection":{"name":"@parameters('$connections')['shared_sharepointonline']['connectionId']"},"api":{"runtimeUrl":"https://flow-apim-msmanaged-na-westus-01.azure-apim.net/apim/sharepointonline"}},"method":"get","path":"/datasets/@{encodeURIComponent(encodeURIComponent('https://amspecllc.sharepoint.com/sites/AmSpecDirectory'))}/tables/@{encodeURIComponent(encodeURIComponent('inf_document_Issuers'))}/items/@{encodeURIComponent(triggerBody()?['docIssuerId'])}","authentication":"@parameters('$authentication')"}}}},"connectionReferences":{"shared_office365":{"connectionName":"shared-office365-3d4ee488-32bb-4dae-92b4-872f-9867154d","source":"Embedded","id":"/providers/Microsoft.PowerApps/apis/shared_office365","tier":"NotSpecified"},"shared_approvals":{"connectionName":"shared-approvals-2e292269-edca-47c4-86e7-aa4e-66d17d39","source":"Embedded","id":"/providers/Microsoft.PowerApps/apis/shared_approvals","tier":"NotSpecified"},"shared_sharepointonline":{"connectionName":"ac9698e6f7f64695801fa48ec75abfe8","source":"Embedded","id":"/providers/Microsoft.PowerApps/apis/shared_sharepointonline","tier":"NotSpecified"}},"flowFailureAlertSubscribed":false,"isManaged":false}}