{"schemaVersion":"1.0","appDefinitionTemplate":{"id":"/providers/Microsoft.PowerApps/apps/","type":"Microsoft.PowerApps/apps","tags":{"minimumRequiredApiVersion":"2.2.0","sienaVersion":"20201220T233645Z-3.20114.25.0","primaryDeviceWidth":"1366","primaryDeviceHeight":"768","deviceCapabilities":"","supportsPortrait":"false","supportsLandscape":"true","primaryFormFactor":"Tablet","publisherVersion":"3.20071.22","hasComponent":"false","hasUnlockedComponent":"false","isUnifiedRootApp":"false"},"properties":{"appVersion":"2020-12-20T23:36:45Z","lifeCycleId":"Published","createdByClientVersion":{"major":3,"minor":20071,"build":22,"revision":0,"majorRevision":0,"minorRevision":0},"minClientVersion":{"major":3,"minor":20071,"build":22,"revision":0,"majorRevision":0,"minorRevision":0},"backgroundColor":"rgba(0, 176, 240, 1)","backgroundImageUri":"/17919192522062178336/N4e9ee49c-723a-46b7-b69c-aef6c0e0526e-N15292736-2282-4d10-a7cb-9c65ead3252f-logoSmallFile","displayName":"Global Address Book - Sharepoint","description":"This powerapp template allows organizations to take data from disparate sources and unify it to get richer insights into their customers.","commitMessage":"","appUris":{"documentUri":{"value":"/17919192522062178336/N3df955a5-21d6-4b9b-a3bf-24d610f16502-Nbfbc790f-1580-487f-b2c7-3cd35eec165a-document.msapp"},"imageUris":[]},"createdTime":"0001-01-01T00:00:00Z","lastModifiedTime":"0001-01-01T00:00:00Z","sharedGroupsCount":0,"sharedUsersCount":0,"icons":{"smallIconUri":"/17919192522062178336/N001827d5-6af7-4b4d-9bc3-cd26ab3370d1-N2e40dab0-2200-4a37-ac2b-b7cbd6fa6399-small.png","mediumIconUri":"/17919192522062178336/Nb28d9886-8f8e-4976-b73c-7795b7fdd475-Nf43a9b35-0470-477a-8d28-295ba9490704-medium.png","largeIconUri":"/17919192522062178336/Nb426ea90-1f0b-4349-99d4-f38bc25dcea3-N4af43b4d-54e6-400b-9752-e05840816b70-large.png","wideIconUri":"/17919192522062178336/N0318c753-f464-4f0b-af4e-df3caeab10f5-N3d02fc41-f69b-4326-b723-4bfb1010f200-wide.png"},"connectionReferences":{"de50bb68-8605-43ba-aa2f-d70c943f4952":{"id":"11a93981-676c-4606-a07f-edd11d7114a2","displayName":"SharePoint","iconUri":"https://connectoricons-prod.azureedge.net/releases/v1.0.1426/1.0.1426.2268/sharepointonline/icon.png","dataSources":["Contacts"],"dependencies":[],"dependents":[],"parameterHints":{},"isOnPremiseConnection":false,"bypassConsent":false,"dataSets":{"https://m365x259169.sharepoint.com/sites/Intranet/":{"dataSources":{"Contacts":{"tableName":"Contacts"}}}},"apiTier":"Standard","isCustomApiConnection":false}},"databaseReferences":{},"almMode":"Environment","performanceOptimizationEnabled":true,"canConsumeAppPass":true,"executionRestrictions":{"isTeamsOnly":false,"dataLossPreventionEvaluationResult":{"status":"Compliant","lastEvaluationDate":"2020-12-20T23:36:55.3327455Z","violationDetails":[]}}},"isAppComponentLibrary":false,"appType":"ClassicCanvasApp","appComponents":[]}}